Date,S&P500_Price,Breadth_Index_Raw,Breadth_Index_200MA,Breadth_Index_8MA,Breadth_200MA_Trend,Bearish_Signal,Is_Peak,Is_Trough,Is_Trough_8MA_Below_04,Breadth_50_Index_Raw,Breadth_50_Index_50MA,Breadth_50_Index_8MA,Breadth_50_MA_Trend,Bearish_Signal_50,Is_Peak_50,Is_Trough_50
2016-10-10,184.6,0.7045908183632734,0.7045908183632734,0.7045908183632734,0,False,False,False,False,0.4630738522954092,0.4630738522954092,0.4630738522954092,0,False,False,False
2016-10-11,182.27,0.6526946107784432,0.7040744381883,0.6930583277888667,0,False,False,False,False,0.3373253493013972,0.4581425384525068,0.4351297405189621,-1,True,False,False
2016-10-12,182.51,0.6746506986027944,0.7037816646600861,0.6889677435252951,0,False,False,False,False,0.32934131736526945,0.45309151017457594,0.41162120204036373,-1,True,False,False
2016-10-13,181.91,0.6826347305389222,0.7035712474051491,0.6875604073061011,0,False,False,False,False,0.29141716566866266,0.44675133980179504,0.38490919395776346,-1,True,False,False
2016-10-14,182.01,0.6626746506986028,0.7031643160946363,0.6820302391711015,0,False,False,False,False,0.28542914171656686,0.4404249790925704,0.362802515681942,-1,True,False,False
2016-10-17,181.38,0.6526946107784432,0.7026621299720871,0.6755112106393997,0,False,False,False,False,0.2774451097804391,0.43403361166856524,0.3438342032593858,-1,True,False,False
2016-10-18,182.51,0.6746506986027944,0.702383409261945,0.6753199857423763,0,False,False,False,False,0.31736526946107785,0.4294583825623893,0.3379522179708729,-1,True,False,False
2016-10-19,183.0,0.6746506986027944,0.7021074618922022,0.6751712552669137,0,False,False,False,False,0.35129740518962077,0.4263932461948297,0.3409178151305946,-1,True,False,False
2016-10-20,182.66,0.6606786427145709,0.7016952348357084,0.6719506746997264,0,False,False,False,False,0.34331337325349304,0.4231352119618361,0.34145016138012757,-1,True,False,False
2016-10-21,182.74,0.656686626746507,0.7012473879890497,0.6685586640434554,0,False,False,False,False,0.32934131736526945,0.41945702001687274,0.33875930715460356,-1,True,False,False
2016-10-24,183.52,0.6786427145708582,0.7010224658654857,0.670799564160656,0,False,False,False,False,0.37325349301397204,0.4176451169971512,0.3464246817900188,-1,True,False,False
2016-10-25,182.91,0.6526946107784432,0.7005415916855151,0.666776241186831,0,False,False,False,False,0.3473053892215569,0.4148866963000691,0.3466203945525828,-1,True,False,False
2016-10-26,182.54,0.6367265469061876,0.6999066161155716,0.6600985313466881,0,False,False,False,False,0.3393213572854291,0.411923349672044,0.3449983862709931,-1,True,False,False
2016-10-27,182.05,0.5988023952095808,0.6989006039672533,0.6464771677606642,-1,True,False,False,False,0.2994011976047904,0.4075107162576419,0.3348656776785036,-1,True,False,False
2016-10-28,181.51,0.6107784431137725,0.6980237665458257,0.6385441178391328,-1,True,False,False,False,0.3273453093812375,0.4043669748115084,0.3331944847235556,-1,True,False,False
2016-10-31,181.52,0.6367265469061876,0.6974138439623467,0.6381402131873672,-1,True,False,False,False,0.3992015968063872,0.40416441096817035,0.34786273185307376,-1,True,False,False
2016-11-01,180.21,0.5868263473053892,0.6963134708612825,0.626737131880261,-1,True,False,False,False,0.3073852295409182,0.4003691489514154,0.3388677313392614,-1,True,False,False
2016-11-02,179.12,0.5508982035928144,0.6948665527790092,0.6098840367052729,-1,True,False,False,False,0.2654690618762475,0.39507894945827154,0.32255691590303615,-1,True,False,False
2016-11-03,178.3,0.5489021956087824,0.693414171115624,0.5963325164616083,-1,True,False,False,False,0.2634730538922156,0.38991793394587715,0.3094271687895205,-1,True,False,False
2016-11-04,178.11,0.5469061876247505,0.6919563802351179,0.5853488878311954,-1,True,False,False,False,0.26147704590818366,0.38488103637577153,0.2987715859270012,-1,True,False,True
2016-11-07,182.03,0.6087824351297405,0.6911287787912833,0.5905563427864277,-1,True,False,False,False,0.4231536926147705,0.38638192485573225,0.3264120540798388,1,False,False,False
2016-11-08,182.85,0.6227544910179641,0.6904484376194095,0.5977114868378801,-1,True,False,False,False,0.48303393213572854,0.39017219965102623,0.3612169158700365,1,False,False,False
2016-11-09,184.79,0.6307385229540918,0.6898543091152771,0.6050508281970383,-1,True,False,False,False,0.5149700598802395,0.39506623338550517,0.3953842812056372,1,False,False,False
2016-11-10,185.25,0.6127744510978044,0.6890873453539093,0.6067671888416529,-1,True,False,False,False,0.5369261477045908,0.4006293672803713,0.42683802931651577,1,False,False,False
2016-11-11,184.83,0.6147704590818364,0.6883478738487145,0.6085456933394715,-1,True,False,False,False,0.5289421157684631,0.40566123977010043,0.44952782630583743,1,False,False,False
2016-11-14,184.97,0.6147704590818364,0.6876157602689447,0.6099289746155526,-1,True,False,False,False,0.5469061876247505,0.4112002573330279,0.4711674621544848,1,False,False,False
2016-11-15,186.42,0.6287425149700598,0.687029956833135,0.6141097613609987,-1,True,False,False,False,0.5668662674650699,0.4173048067499707,0.4924338633346148,1,False,False,False
2016-11-16,186.07,0.6227544910179641,0.6863903999593521,0.61603081239588,-1,True,False,False,False,0.562874251497006,0.42301341242632506,0.5080872829262573,1,False,False,False
2016-11-17,187.02,0.6467065868263473,0.6859955361470835,0.6228476511582061,-1,True,False,False,False,0.5868263473053892,0.42943744908824916,0.5255848527882866,1,False,False,False
2016-11-18,186.6,0.6447105788423154,0.6855847405520112,0.6277060795324525,-1,True,False,False,False,0.5808383233532934,0.43537473827511364,0.5378634018027325,1,False,False,False
2016-11-21,188.01,0.6666666666666666,0.6853965010108636,0.6363639877845001,-1,True,False,False,False,0.6127744510978044,0.4423315897583564,0.5545103016460818,1,False,False,False
2016-11-22,188.38,0.6646706586826348,0.6851902737240155,0.6426543590951966,-1,True,False,False,False,0.6287425149700598,0.4496418221195997,0.5710063490514103,1,False,False,False
2016-11-23,188.48,0.6646706586826348,0.6849860984499719,0.6475468701146273,-1,True,False,False,False,0.624750499001996,0.45650882905616424,0.5829494934848738,1,False,False,False
2016-11-25,189.18,0.6846307385229541,0.6849825625303002,0.6557877297609221,-1,True,False,False,False,0.6646706586826348,0.4646720380611239,0.6011097524177096,1,False,False,False
2016-11-28,188.29,0.6666666666666666,0.684800314810264,0.6582052712955321,-1,True,False,False,False,0.6447105788423154,0.4717323729937197,0.6107988249565108,1,False,False,False
2016-11-29,188.66,0.6706586826347305,0.6846596020522986,0.6609726960375761,-1,True,False,False,False,0.654690618762475,0.47890720616112187,0.6205525569133917,1,False,False,False
2016-11-30,188.21,0.6307385229540918,0.6841230739020677,0.6542539909079129,-1,True,False,False,False,0.5988023952095808,0.4836089782806693,0.6157191876458782,1,False,False,False
2016-12-01,187.52,0.6047904191616766,0.6833336942529097,0.643262086075416,-1,True,False,False,False,0.5429141716566867,0.48593467213855235,0.5995402952038356,1,False,False,False
2016-12-02,187.61,0.6007984031936128,0.6825124475757027,0.6338257121016819,-1,True,False,False,False,0.5588822355289421,0.4887953608989598,0.590505170831637,1,False,False,False
2016-12-05,188.74,0.6207584830339321,0.6818979802668295,0.6309218834199597,-1,True,False,False,False,0.590818363273453,0.4927962629528615,0.5905747691520405,1,False,False,False
2016-12-06,189.34,0.6347305389221557,0.6814286524922556,0.6317682513093366,-1,True,False,False,False,0.6207584830339321,0.4978143892305506,0.5972822611257942,1,False,False,False
2016-12-07,191.81,0.6626746506986028,0.6812420455092342,0.6386363400625068,-1,True,False,False,False,0.6586826347305389,0.504122947877609,0.6109267885935152,1,False,False,False
2016-12-08,192.28,0.6786427145708582,0.6812161815197976,0.6475266455088071,-1,True,False,False,False,0.688622754491018,0.5113582344114682,0.6281925587929602,1,False,False,False
2016-12-09,193.44,0.6826347305389222,0.6812302964354108,0.655328442182166,-1,True,False,False,False,0.7125748502994012,0.519249082093348,0.6469441791277248,1,False,False,False
2016-12-12,193.22,0.688622754491018,0.6813038532319841,0.6627271782507997,-1,True,False,False,False,0.7325349301397206,0.5276132329971273,0.6659643460192795,1,False,False,False
2016-12-13,194.51,0.7085828343313373,0.6815752858797388,0.6729173240464748,-1,True,False,False,False,0.7644710578842315,0.5369017751495627,0.6878547264337133,1,False,False,False
2016-12-14,192.91,0.6786427145708582,0.6815461060657201,0.6741896330518933,-1,True,False,False,False,0.6966067864271457,0.5431647167682915,0.689799628654476,1,False,False,False
2016-12-15,193.7,0.6786427145708582,0.6815172165981095,0.6751792067227743,-1,True,False,False,False,0.7045908183632734,0.5494951521249575,0.6930865597008754,1,False,False,False
2016-12-16,193.33,0.6806387225548902,0.6815084753638486,0.6763924324632444,-1,True,False,False,False,0.7085828343313373,0.5557338847605018,0.6965301762854226,1,False,False,False
2016-12-19,193.75,0.6786427145708582,0.6814799603310826,0.6768924951538252,-1,True,False,False,False,0.718562874251497,0.5621193353287761,0.7014263313889947,1,False,False,False
2016-12-20,194.49,0.688622754491018,0.6815510329097885,0.6794992194509792,-1,True,False,False,False,0.7305389221556886,0.5687240250082629,0.7078957960038156,1,False,False,False
2016-12-21,193.95,0.6726546906187625,0.6814625120909723,0.67797821304382,-1,True,False,False,False,0.7325349301397206,0.5751479820722416,0.7133711591451277,1,False,False,False
2016-12-22,193.62,0.6606786427145709,0.6812557074205604,0.6741338640817646,-1,True,False,False,False,0.7005988023952096,0.580067622084907,0.710532857645146,1,False,False,False
2016-12-23,193.9,0.6626746506986028,0.6810708212840235,0.6715873722188397,-1,True,False,False,False,0.7285429141716567,0.5858901825588972,0.714535092428815,1,False,False,False
2016-12-27,194.38,0.6646706586826348,0.6809076355864973,0.6700503247663497,-1,True,False,False,False,0.7465069860279441,0.592188880734154,0.7216399576730659,1,False,False,False
2016-12-28,192.78,0.6447105788423154,0.6805474658676497,0.6644192701165643,-1,True,False,False,False,0.6686626746506986,0.5951878530446068,0.7098672281125398,1,False,False,False
2016-12-29,192.73,0.6586826347305389,0.6803299053588228,0.6631444622530032,-1,True,False,False,False,0.688622754491018,0.598851966826819,0.7051462339744239,1,False,False,False
2016-12-30,192.03,0.6367265469061876,0.6798960410956125,0.6572738143981554,-1,True,False,False,False,0.6526946107784432,0.600963443060216,0.6934903177086504,1,False,False,False
2017-01-03,193.5,0.6646706586826348,0.6797445447531949,0.6589175575724842,-1,True,False,True,False,0.720558882235529,0.6056534602827773,0.699505554270179,1,False,False,False
2017-01-04,194.65,0.6926147704590818,0.6798726067005172,0.6664058271028392,-1,True,False,False,False,0.7884231536926147,0.6128208992400259,0.7192650208084981,1,False,False,False
2017-01-05,194.49,0.6946107784431138,0.6800192551755679,0.6726735940673447,-1,True,False,False,False,0.7984031936127745,0.6200986362742513,0.7368512814316706,1,False,False,False
2017-01-06,195.19,0.7005988023952096,0.6802240267896937,0.6788791959179814,-1,True,False,False,False,0.7884231536926147,0.6266995977416382,0.7483116974896582,1,False,False,False
2017-01-09,194.54,0.6826347305389222,0.6802480138916761,0.6797137591670793,-1,True,False,False,False,0.7564870259481038,0.6317893008085584,0.7501284371470905,1,False,False,False
2017-01-10,194.54,0.6946107784431138,0.6803909269717899,0.683024207895087,-1,False,False,False,False,0.7485029940119761,0.6363663083851631,0.7497672275615095,1,False,False,False
2017-01-11,195.09,0.7025948103792415,0.6806118611350482,0.6873732306693435,-1,False,False,False,False,0.7704590818363274,0.6416248485205028,0.7543654174003579,1,False,False,False
2017-01-12,194.61,0.6946107784431138,0.6807511538445812,0.6889815746190703,-1,False,False,False,False,0.7504990019960079,0.6458944231666012,0.7535062139771691,1,False,False,False
2017-01-13,195.05,0.7025948103792415,0.6809685036608465,0.6920067381213305,-1,False,False,False,False,0.7704590818363274,0.6507793117418846,0.7572735179458709,1,False,False,False
2017-01-17,194.36,0.7145708582834331,0.681302855448136,0.6970209870462423,-1,False,False,False,False,0.7345309381237525,0.6540636892470559,0.7522196113187335,1,False,False,False
2017-01-18,194.79,0.7145708582834331,0.6816338803519698,0.7009209584322846,-1,False,False,False,False,0.7524950099800399,0.6579237410405062,0.7522808110212461,1,False,False,False
2017-01-19,194.07,0.6966067864271457,0.6817828644920213,0.6999622535422537,-1,False,False,False,False,0.688622754491018,0.6591276239209185,0.738134576236751,1,False,False,False
2017-01-20,194.79,0.6986027944111777,0.6819502269787792,0.6996601515131258,-1,False,False,False,False,0.7105788423153693,0.6611453187599167,0.7320110798097773,1,False,False,False
2017-01-23,194.28,0.6906187624750499,0.6820364810633192,0.6976509539491089,-1,False,False,False,False,0.6686626746506986,0.6614401170301435,0.7179336564410931,1,False,False,False
2017-01-24,195.52,0.7145708582834331,0.682360206209788,0.7014109326900699,-1,False,False,False,False,0.7385229540918163,0.6644629733855033,0.7225090559190316,1,False,False,False
2017-01-25,197.22,0.7225548902195609,0.6827601533143628,0.7061095899188456,-1,False,False,False,False,0.7624750499001997,0.6683065842292168,0.7313903879148467,1,False,False,False
2017-01-26,197.01,0.7225548902195609,0.6831561208457578,0.7097641010967823,-1,False,False,False,False,0.7365269461077845,0.6709818925381803,0.7325318452910551,1,False,False,False
2017-01-27,196.7,0.7065868263473054,0.683389262194032,0.7090580400413431,-1,False,False,False,False,0.7065868263473054,0.6723781644522636,0.7267662855257773,1,False,False,False
2017-01-30,195.48,0.7025948103792415,0.6835803621759744,0.7076217667830983,-1,False,False,False,False,0.6526946107784432,0.6716062603866236,0.710305913359703,1,False,False,False
2017-01-31,195.46,0.716566866267465,0.6839085860972828,0.7096095666685132,-1,False,False,False,False,0.6487025948103793,0.6707080774228494,0.6966162870154088,1,False,False,False
2017-02-01,195.54,0.6986027944111777,0.6840547971252818,0.7071636172779941,-1,False,False,False,False,0.5988023952095808,0.6678882467478192,0.6748798666141137,-1,False,False,False
2017-02-02,195.67,0.716566866267465,0.684378300300826,0.7092532281645432,-1,False,False,False,False,0.6047904191616766,0.6654138221365979,0.6593044338469055,-1,True,False,False
2017-02-03,197.02,0.7265469061876247,0.6847978884191027,0.7130962677252279,-1,False,False,False,False,0.6826347305389222,0.6660891518778655,0.6644889442229093,-1,True,False,False
2017-02-06,196.67,0.7145708582834331,0.6850941368754643,0.7134239545159402,-1,False,False,False,False,0.656686626746507,0.6657204254021261,0.6627550958948198,-1,True,False,False
2017-02-07,196.68,0.7225548902195609,0.6854668806898334,0.715453051338967,-1,False,False,False,False,0.6606786427145709,0.6655227084339866,0.6622936618547645,-1,True,False,False
2017-02-08,196.93,0.7345309381237525,0.6859550802662904,0.719692581735586,-1,False,False,False,False,0.6646706586826348,0.6654892947182474,0.662821883372069,-1,True,False,False
2017-02-09,198.1,0.7604790419161677,0.6866966122230056,0.7287562395534931,-1,False,False,False,False,0.7145708582834331,0.6674140619168821,0.6743216555745943,1,False,False,False
2017-02-10,198.88,0.7724550898203593,0.6875499304080539,0.7384670951683523,-1,False,False,False,False,0.7465069860279441,0.6705157452153552,0.6903628401197832,1,False,False,False
2017-02-13,199.97,0.7864271457085829,0.6885337832966164,0.7491248841772925,-1,False,False,False,False,0.780439121756487,0.6748264658640271,0.7103797915946063,1,False,False,False
2017-02-14,200.76,0.782435129740519,0.6894681250522772,0.7565271609691205,-1,False,False,False,False,0.7744510978043913,0.6787333141754138,0.7246178596412252,1,False,False,False
2017-02-15,201.81,0.7964071856287425,0.6905321953067695,0.7653893886712588,1,False,False,False,False,0.782435129740519,0.6828000520407121,0.7374661418855126,1,False,False,False
2017-02-16,201.64,0.7964071856287425,0.6915856777975354,0.7722822324395886,1,False,False,False,False,0.7764471057884231,0.6864724855210146,0.7461285783083815,1,False,False,False
2017-02-17,201.96,0.7924151696606786,0.6925889563235369,0.7767562184887197,1,False,False,False,False,0.7684630738522954,0.6896878027104766,0.7510917995403623,1,False,False,False
2017-02-21,203.16,0.8203592814371258,0.6938603028420801,0.78644578803281,1,False,False,False,False,0.7924151696606786,0.6937163269046023,0.7602747706782104,1,False,False,False
2017-02-22,202.98,0.8043912175648703,0.6949601129388243,0.7904336612621568,1,False,False,False,False,0.7744510978043913,0.6968823963516528,0.7634250655951395,1,False,False,False
2017-02-23,203.12,0.8063872255489022,0.6960688404274818,0.7939788977703224,1,False,False,False,False,0.7764471057884231,0.7000025810354478,0.7663188523047582,1,False,False,False
2017-02-24,203.38,0.8243512974051896,0.697345282785469,0.800728319911404,1,False,False,False,False,0.782435129740519,0.7032352300042741,0.7699002472904828,1,False,False,False
2017-02-27,203.69,0.8223552894211577,0.6985891634485107,0.8055343131357937,1,False,False,False,False,0.7864271457085829,0.7064976580711098,0.7735728913833939,1,False,False,False
2017-02-28,203.14,0.8203592814371258,0.6998008064135716,0.8088287505360898,1,False,False,False,False,0.7604790419161677,0.7086145750846415,0.7706631470573436,1,False,False,False
2017-03-01,205.99,0.8323353293413174,0.7011195578854894,0.8140524347150293,1,False,False,False,False,0.7924151696606786,0.7119008729111529,0.7754969298580847,1,False,False,False
2017-03-02,204.69,0.8243512974051896,0.702345744348372,0.8163410708683982,1,False,False,False,False,0.7664670658682635,0.7140407236153533,0.7734902934159023,1,False,False,False
2017-03-03,204.82,0.8243512974051896,0.7035597299509275,0.8181211212099074,1,False,False,False,False,0.7664670658682635,0.7160966586056635,0.7719295761830935,1,False,False,False
2017-03-06,204.21,0.812375249500998,0.704642471438988,0.8168442608301498,1,False,False,False,False,0.7465069860279441,0.7172892204653608,0.7662801117041714,1,False,False,False
2017-03-07,203.6,0.8023952095808383,0.7056151355001009,0.813633360552525,1,False,False,False,False,0.7285429141716567,0.7177305417871763,0.757894067808057,1,False,True,False
2017-03-08,203.22,0.7724550898203593,0.7062802096724419,0.8044826337231549,1,False,False,False,False,0.7065868263473054,0.717293533338554,0.7464924585945567,1,False,False,False
2017-03-09,203.48,0.7764471057884231,0.7069783877432476,0.7982525164043257,1,False,False,False,False,0.6786427145708582,0.7157778149555071,0.7314147377004014,-1,False,False,False
2017-03-10,204.19,0.7764471057884231,0.7076696187685727,0.7934068696007919,1,False,False,False,False,0.6906187624750499,0.7147911854464695,0.7223489654281011,-1,False,False,False
2017-03-13,204.3,0.7864271457085829,0.7084532757530505,0.7918558198469677,1,False,False,False,False,0.6926147704590818,0.7139215221136307,0.7157413665460969,-1,False,False,False
2017-03-14,203.51,0.780439121756487,0.7091695528277117,0.7893187758268609,1,False,False,False,False,0.6766467065868264,0.7124597646419913,0.7070536643329256,-1,True,False,False
2017-03-15,205.27,0.8003992015968064,0.7100773105269067,0.7917810926646266,1,False,False,False,False,0.7265469061876247,0.7130122015653495,0.7113854958561922,-1,True,False,False
2017-03-16,204.87,0.7964071856287425,0.7109363142592633,0.792809113323319,1,False,False,False,False,0.7145708582834331,0.7130733253582155,0.7120933541733567,-1,True,False,False
2017-03-17,204.51,0.8043912175648703,0.7118662137946424,0.795382914265886,1,False,False,False,False,0.7125748502994012,0.7130537773166934,0.7122003533124777,-1,True,False,False
2017-03-20,204.29,0.7964071856287425,0.7127074174944843,0.7956105301242986,1,False,False,False,False,0.6966067864271457,0.7124087972818092,0.7087351162268483,-1,True,False,False
2017-03-21,201.67,0.7644710578842315,0.7132224785928898,0.7886906474042837,1,False,False,False,False,0.5588822355289421,0.7063881478013045,0.675434476071758,-1,True,False,False
2017-03-22,202.14,0.7724550898203593,0.7138118578090835,0.7850827457189672,1,False,False,False,False,0.5988023952095808,0.7021690986800605,0.6584051247690519,-1,True,False,False
2017-03-23,201.93,0.7844311377245509,0.7145145372112275,0.7849379439424302,1,False,False,False,False,0.5828343313373253,0.6974893038823062,0.641611615117557,-1,True,False,False
2017-03-24,201.78,0.7844311377245509,0.7152102247785243,0.784825320338457,1,False,False,False,False,0.5708582834331337,0.6925233815117504,0.6258886525210186,-1,True,False,False
2017-03-27,201.57,0.7744510978043913,0.7157996862016672,0.782519937553109,1,False,False,False,False,0.5449101796407185,0.6867346284972002,0.6078934363253963,-1,True,False,False
2017-03-28,203.04,0.7904191616766467,0.7165421685447019,0.7842753206916729,1,False,False,False,False,0.5888223552894212,0.6828949315086599,0.6036554183174018,-1,True,False,False
2017-03-29,203.23,0.7984031936127745,0.7173567061075683,0.7874148480074733,1,False,False,False,False,0.6007984031936128,0.6796754598100305,0.6030205260676709,-1,True,False,False
2017-03-30,203.88,0.7944111776447106,0.7181234172671419,0.7889695879268595,1,False,False,False,False,0.6227544910179641,0.6774432649554397,0.6074058516121805,-1,True,False,False
2017-03-31,203.4,0.7924151696606786,0.718862638683993,0.789735272756597,1,False,False,False,False,0.6107784431137725,0.6748289582165508,0.6081553163903121,-1,True,False,False
2017-04-03,203.05,0.7864271457085829,0.719534922335979,0.7890001334125939,1,False,False,False,False,0.5808383233532934,0.6711430509670112,0.6020848734931968,-1,True,False,False
2017-04-04,203.18,0.7844311377245509,0.7201806558224325,0.7879848010374731,1,False,False,False,False,0.5788423153692615,0.6675234142769033,0.5969198605767667,-1,True,False,False
2017-04-05,202.57,0.7764471057884231,0.7207405209962234,0.7854208687599065,1,False,False,False,False,0.5469061876247505,0.6627933269572112,0.5858057110318742,-1,True,False,False
2017-04-06,203.14,0.7844311377245509,0.7213742584761074,0.7852009285298274,1,False,False,False,False,0.5688622754491018,0.6591097563098343,0.5820405031245914,-1,True,False,False
2017-04-07,202.94,0.780439121756487,0.7219619685584993,0.7841427492468629,1,False,False,False,False,0.5528942115768463,0.6549444408301093,0.5755635494473148,-1,True,False,False
2017-04-10,203.06,0.782435129740519,0.7225636915553354,0.7837632782454531,1,False,False,False,False,0.562874251497006,0.6513338451699876,0.5727437054583573,-1,True,False,False
2017-04-11,202.81,0.782435129740519,0.7231594272586707,0.7834681341332455,1,False,False,False,False,0.5608782435129741,0.6477865666736341,0.570106936137161,-1,True,False,False
2017-04-12,201.93,0.7784431137724551,0.7237095136916436,0.7823514629419588,1,False,False,False,False,0.47904191616766467,0.6411691293988901,0.5498702650328285,-1,True,False,False
2017-04-13,200.61,0.7504990019960079,0.7239760757643239,0.775273138287303,1,False,False,False,False,0.3992015968063872,0.6316802065521253,0.516388338760286,-1,True,False,False
2017-04-17,202.39,0.7664670658682635,0.7243988716857561,0.7733162333052943,1,False,False,False,False,0.500998003992016,0.6265554142948662,0.5129682643673371,-1,True,False,False
2017-04-18,201.79,0.7544910179640718,0.724698296026834,0.769132852118356,1,False,False,False,False,0.47904191616766467,0.6207705712310544,0.505429075878521,-1,True,False,False
2017-04-19,201.42,0.7584830339321357,0.7250344625731554,0.7667662258547515,1,False,False,False,False,0.47305389221556887,0.6149777602892706,0.49823459062008724,-1,True,False,False
2017-04-20,203.06,0.7724550898203593,0.725506309610441,0.7680304178471088,1,False,False,False,False,0.5528942115768463,0.612543111320156,0.5103811730549226,-1,True,False,False
2017-04-21,202.41,0.7704590818363274,0.7259536008763703,0.768570120955824,1,False,False,False,False,0.5249500998003992,0.6091080912605578,0.5136187123316952,-1,True,False,False
2017-04-24,204.64,0.782435129740519,0.7265156061387001,0.7716512340190895,1,False,False,False,False,0.6027944111776448,0.6088604959631886,0.5334355342974617,-1,True,False,False
2017-04-25,205.83,0.7944111776447106,0.7271911839646307,0.7767089992692275,1,False,False,False,False,0.624750499001996,0.6094836333372595,0.5537277486762471,-1,True,False,False
2017-04-26,205.7,0.7904191616766467,0.7278203180712179,0.7797557020264317,1,False,False,False,False,0.6207584830339321,0.6099257843057565,0.5686234674223993,-1,True,False,False
2017-04-27,205.87,0.7844311377245509,0.7283836098090621,0.7807946877371248,1,False,False,False,False,0.6367265469061876,0.6109767946038127,0.5837574850854634,1,False,False,False
2017-04-28,205.42,0.780439121756487,0.7289015751020714,0.7807156730747609,1,False,False,False,False,0.5968063872255489,0.6104210923536848,0.5866572411165936,1,False,False,False
2017-05-01,205.94,0.7704590818363274,0.7293150826317656,0.7784364305773313,1,False,False,False,False,0.5788423153692615,0.6091827089425309,0.5849205909505197,-1,True,False,False
2017-05-02,206.02,0.7704590818363274,0.7297244756586767,0.7766636864126637,1,False,False,False,False,0.590818363273453,0.6084625385241357,0.5862312070222827,-1,True,False,False
2017-05-03,205.77,0.7564870259481038,0.7299907696914074,0.7721799840872059,1,False,False,False,False,0.5588822355289421,0.606518212916481,0.5801536578015404,-1,True,False,False
2017-05-04,206.01,0.7425149700598802,0.7301153886005465,0.7655877587478002,1,False,False,False,False,0.5848303393213573,0.6056677080696135,0.5811929203614997,-1,True,False,False
2017-05-05,206.82,0.7664670658682635,0.7304770968320662,0.7657831603301253,1,False,False,False,False,0.626746506986028,0.6064943276349631,0.591315939611395,-1,True,False,False
2017-05-08,206.78,0.7684630738522954,0.7308550667526655,0.7663786966683852,1,False,False,False,False,0.5868263473053892,0.6057230342887054,0.5903182524322825,-1,True,False,False
2017-05-09,206.59,0.7644710578842315,0.7311895542266115,0.7659547769385733,1,False,False,False,False,0.5888223552894212,0.6050602625632433,0.58998583084498,-1,True,False,False
2017-05-10,206.96,0.7644710578842315,0.7315207134669858,0.765625061593164,1,False,False,False,False,0.6047904191616766,0.6050496804690643,0.5932757393598015,-1,True,False,False
2017-05-11,206.54,0.7644710578842315,0.7318485775905405,0.7653686163245124,1,False,False,False,False,0.6007984031936128,0.6048829637131642,0.5949474424339818,-1,True,False,False
2017-05-12,206.2,0.7524950099800399,0.7320540147287444,0.7625078149146296,1,False,False,False,False,0.5708582834331337,0.603548662525712,0.5895942959893489,-1,True,False,False
2017-05-15,207.34,0.7644710578842315,0.7323765723720826,0.7629440911300966,1,False,False,False,False,0.6227544910179641,0.6043018322705063,0.59696322821793,-1,True,False,False
2017-05-16,207.15,0.7485029940119761,0.7325370342789472,0.759734958437181,1,False,False,False,False,0.590818363273453,0.6037730687804257,0.5955977026747129,-1,True,False,False
2017-05-17,203.47,0.7105788423153693,0.7323185448066728,0.7488113770767784,1,False,False,False,False,0.4810379241516966,0.5989599258538089,0.5701399741140426,-1,True,False,False
2017-05-18,204.29,0.7065868263473054,0.7320625078070772,0.7394281435813399,1,False,False,False,False,0.49500998003992014,0.5948834573905192,0.5534444198753488,-1,True,False,False
2017-05-19,205.62,0.7385229540918163,0.7321267908546865,0.7392269903614458,1,False,False,False,False,0.5528942115768463,0.593236820299787,0.5533221513645704,-1,True,False,False
2017-05-22,206.66,0.7445109780439122,0.7322500165978629,0.7404012098464383,1,False,False,False,False,0.590818363273453,0.5931419788477739,0.5616546428998777,-1,True,False,True
2017-05-23,207.12,0.7485029940119761,0.7324117377661625,0.7422016063276689,1,False,False,False,False,0.6047904191616766,0.5935987804287113,0.5712403709580551,-1,True,False,False
2017-05-24,207.6,0.7425149700598802,0.732512267440727,0.7422712427126048,1,False,False,False,False,0.6207584830339321,0.5946638668053866,0.5822443958638056,1,False,False,False
2017-05-25,208.6,0.7465069860279441,0.7326515183719431,0.7432125190049024,1,False,False,False,False,0.6487025948103793,0.596783032609504,0.5970128845185998,1,False,False,False
2017-05-26,208.55,0.7405189620758483,0.7327298013938726,0.7426139507984459,1,False,False,False,False,0.6506986027944112,0.5988973686951866,0.6089430441354468,1,False,False,False
2017-05-30,208.37,0.7365269461077845,0.7327675839283393,0.7412612830894101,1,False,False,False,False,0.6427145708582834,0.6006156903486414,0.6164478278516327,1,False,False,False
2017-05-31,208.32,0.7365269461077845,0.7328049905171895,0.7402092082046043,1,False,False,False,False,0.6447105788423154,0.6023449016621188,0.6227284391828956,1,False,False,False
2017-06-01,209.98,0.7584830339321357,0.7330604934367413,0.7442700583662779,1,False,False,False,False,0.7045908183632734,0.606354545454321,0.6409200790007573,1,False,False,False
2017-06-02,210.67,0.7604790419161677,0.733333314814646,0.7478720547106978,1,False,False,False,False,0.7105788423153693,0.6104417727822053,0.6563998041817822,1,False,False,False
2017-06-05,210.52,0.7485029940119761,0.7334842568962116,0.7480122634443152,1,False,False,False,False,0.6846307385229541,0.613351143987725,0.6626733451464871,1,False,False,False
2017-06-06,209.85,0.7465069860279441,0.7336138362905572,0.7476777573517882,1,False,False,False,False,0.6586826347305389,0.615128849507051,0.6617865206096097,1,False,False,False
2017-06-07,210.23,0.7504990019960079,0.7337818478896164,0.7483047006060592,1,False,False,False,False,0.6666666666666666,0.6171499403760556,0.662870997511178,1,False,False,False
2017-06-08,210.34,0.7524950099800399,0.7339680485074316,0.7492358804669439,1,False,False,False,False,0.6826347305389222,0.6197179713628347,0.6672629381840101,1,False,False,False
2017-06-09,210.02,0.7584830339321357,0.7342119787106625,0.7512908034592087,1,False,False,False,False,0.7225548902195609,0.6237507917101572,0.6795500386363547,1,False,False,False
2017-06-12,209.98,0.7744510978043913,0.7346123679553762,0.756437535535916,1,False,False,False,False,0.7365269461077845,0.6281733860002603,0.6922115736300057,1,False,False,False
2017-06-13,211.0,0.7844311377245509,0.7351080771073083,0.7626583360222793,1,False,False,False,False,0.7644710578842315,0.6335183927408081,0.7082692367976114,1,False,False,False
2017-06-14,210.74,0.7744510978043913,0.7354995499500654,0.7652789497516375,1,False,False,False,False,0.7345309381237525,0.6374796690303354,0.7141051704256428,1,False,False,False
2017-06-15,210.33,0.7624750499001997,0.7357679628848927,0.7646558608957624,1,False,False,False,False,0.7345309381237525,0.6412856011516458,0.7186442299141117,1,False,False,False
2017-06-16,210.37,0.7744510978043913,0.736152869700012,0.766832580208791,1,False,False,False,False,0.7145708582834331,0.6441595328038727,0.7177390362184053,1,False,False,False
2017-06-19,212.12,0.7744510978043913,0.736533946596573,0.7685255841189244,1,False,False,False,False,0.7564870259481038,0.648564532535019,0.7263497006027827,1,False,False,False
2017-06-20,210.69,0.7604790419161677,0.7367722062514944,0.7667374636294229,1,False,False,False,False,0.7025948103792415,0.6506833669602826,0.7210708361086624,1,False,False,False
2017-06-21,210.64,0.7524950099800399,0.7369286520597387,0.76357247392956,1,False,False,False,False,0.6686626746506986,0.6513884378501029,0.7094245780068926,1,False,False,False
2017-06-22,210.54,0.7564870259481038,0.7371232627451951,0.7619979299336808,1,False,False,False,False,0.6447105788423154,0.6511265610262681,0.6950436893036533,1,False,False,False
2017-06-23,210.8,0.7564870259481038,0.7373159370059207,0.7607732846035525,1,False,False,False,False,0.6666666666666666,0.6517359769337348,0.6887376842732119,1,False,False,False
2017-06-26,210.93,0.7664670658682635,0.7376059979896257,0.7620385693290439,1,False,False,False,False,0.6786427145708582,0.6527911431155828,0.6864943576726888,1,False,False,False
2017-06-27,209.24,0.7564870259481038,0.7377938689145858,0.7608048930221682,1,False,False,False,False,0.6347305389221557,0.6520828841276053,0.674991286839237,1,False,False,False
2017-06-28,211.11,0.7724550898203593,0.7381387566847925,0.7633938256439885,1,False,False,False,False,0.7005988023952096,0.6539854691577074,0.6806818458516753,1,False,False,False
2017-06-29,209.25,0.7504990019960079,0.738261744200327,0.7605283092777706,1,False,False,False,False,0.5888223552894212,0.6514300529275785,0.66026862572673,-1,False,False,False
2017-06-30,209.64,0.7624750499001997,0.738502672615251,0.760960918304977,1,False,False,False,False,0.624750499001996,0.650383795910889,0.6523757086767891,-1,False,False,False
2017-07-03,210.0,0.7724550898203593,0.7388405076123168,0.7635151786417287,1,False,False,False,False,0.6387225548902196,0.6499264923414511,0.6493416745019959,-1,True,False,False
2017-07-05,210.48,0.7604790419161677,0.7390558164113601,0.762840481591604,1,False,False,False,False,0.6287425149700598,0.6490957481308083,0.6447640834948989,-1,True,False,False
2017-07-06,208.56,0.7445109780439122,0.7391100966266094,0.7587672585810058,1,False,False,False,False,0.530938123752495,0.644462115802247,0.6194694257743647,-1,True,False,False
2017-07-07,209.91,0.7504990019960079,0.739223419068096,0.7569298682287842,1,False,False,False,False,0.5888223552894212,0.6422801644095871,0.6126589656665995,-1,True,False,False
2017-07-10,210.14,0.7445109780439122,0.7392760315952186,0.7541701148543681,1,False,False,False,False,0.5868263473053892,0.6401055049153049,0.6069183838085528,-1,True,False,False
2017-07-11,209.98,0.7485029940119761,0.7393678421665296,0.7529107546671698,1,False,False,False,False,0.6047904191616766,0.6387205995916333,0.6064455027759137,-1,True,False,False
2017-07-12,211.56,0.7644710578842315,0.7396176254075018,0.755479710937628,1,False,False,False,False,0.6626746506986028,0.6396599741448478,0.6189408689809557,-1,True,False,False
2017-07-13,211.91,0.7684630738522954,0.7399046447950122,0.758364902696443,1,False,False,False,False,0.654690618762475,0.6402494111886763,0.6268852578212933,-1,True,False,False
2017-07-14,212.9,0.7704590818363274,0.7402086690441796,0.7610524980608617,1,False,False,False,False,0.7005988023952096,0.6426160539810895,0.6432660455043858,1,False,False,False
2017-07-17,212.88,0.780439121756487,0.7406089720562424,0.7653606366598896,1,False,False,False,False,0.7025948103792415,0.6449681620751346,0.656450215476576,1,False,False,False
2017-07-18,212.99,0.7744510978043913,0.7409457096258758,0.7673807391364456,1,False,False,False,False,0.7005988023952096,0.6471497558131769,0.6662610125696057,1,False,False,False
2017-07-19,214.14,0.7864271457085829,0.7413982612286889,0.7716132739302539,1,False,False,False,False,0.7345309381237525,0.6505764688449642,0.6814321071371939,1,False,False,False
2017-07-20,214.24,0.782435129740519,0.7418065882785579,0.7740181307769795,1,False,False,False,False,0.7265469061876247,0.6535557016819313,0.6914576180372897,1,False,False,False
2017-07-21,214.05,0.7904191616766467,0.7422902954765489,0.7776628043102388,1,False,False,False,False,0.7045908183632734,0.6555570788066899,0.6943761069986194,1,False,False,False
2017-07-24,214.0,0.7764471057884231,0.742630164235871,0.7773926490831686,1,False,False,False,False,0.6906187624750499,0.6569320467936843,0.6935411415489373,1,False,False,False
2017-07-25,214.52,0.7904191616766467,0.743105676648217,0.780287429659497,1,False,False,False,False,0.6806387225548902,0.6578617203529473,0.690673937328038,1,False,False,False
2017-07-26,214.52,0.7844311377245509,0.743516875265892,0.7812082536739534,1,False,False,False,False,0.6686626746506986,0.6582852871881533,0.6857825456219625,1,False,True,False
2017-07-27,214.32,0.7944111776447106,0.7440232862348356,0.7841422367785662,1,False,False,False,False,0.6467065868263473,0.6578312205072981,0.6770989992229369,1,False,False,False
2017-07-28,214.07,0.782435129740519,0.7444054936329022,0.7837628796590002,1,False,False,False,False,0.6367265469061876,0.6570035862484311,0.6681273431525483,1,False,False,False
2017-07-31,213.95,0.782435129740519,0.7447838979722815,0.7834678241215599,1,False,False,False,False,0.6327345309381237,0.6560518585892035,0.6602622737715651,1,False,False,False
2017-08-01,214.43,0.782435129740519,0.7451585370943536,0.7832383364813286,1,False,False,False,False,0.6307385229540918,0.6550591787603756,0.6537014402565711,1,False,False,False
2017-08-02,214.53,0.7724550898203593,0.7454301445841647,0.7808420594455576,1,False,False,False,False,0.6187624750499002,0.6536357786148668,0.6459372257661997,-1,True,False,False
2017-08-03,214.12,0.7624750499001997,0.7455997456320854,0.7767605017688114,1,False,False,False,False,0.592814371257485,0.6512506253851655,0.6341321469864853,-1,True,False,False
2017-08-04,214.51,0.7644710578842315,0.7457875198833506,0.7740295142389048,1,False,False,False,False,0.6087824351297405,0.6495852061594627,0.6284988776849865,-1,True,False,False
2017-08-07,214.91,0.7704590818363274,0.7460330080619872,0.7732360848161098,1,False,False,False,False,0.6227544910179641,0.6485330212519529,0.6272223473145371,-1,True,False,False
2017-08-08,214.38,0.7644710578842315,0.7462164712442981,0.7712883010534702,1,False,False,False,False,0.5868263473053892,0.646113151685421,0.6182454584236153,-1,True,False,False
2017-08-09,214.37,0.7604790419161677,0.7463583873703864,0.7688862434674031,1,False,False,False,False,0.5788423153692615,0.6434750796730226,0.6094892044115368,-1,True,False,False
2017-08-10,211.34,0.7125748502994012,0.7460222327726652,0.7563726005411804,1,False,False,False,False,0.43912175648702595,0.6354612238618071,0.5716297715394232,-1,True,False,False
2017-08-11,211.65,0.7145708582834331,0.7457092837727725,0.7470833244839032,1,False,False,False,False,0.4311377245508982,0.6274485376143205,0.5404093166530843,-1,True,False,False
2017-08-14,213.75,0.7465069860279441,0.7457172211086448,0.7469552492714678,1,False,False,False,False,0.5508982035928144,0.6244465637311242,0.5427401804174687,-1,True,False,False
2017-08-15,213.73,0.7345309381237525,0.7456059148102877,0.7441942912386422,1,False,False,False,False,0.5249500998003992,0.6205447416161939,0.538786829169231,-1,True,False,False
2017-08-16,214.1,0.7345309381237525,0.7454957160372874,0.7420468794353334,1,False,False,False,False,0.5508982035928144,0.6178135048309633,0.5414782457078051,-1,True,False,False
2017-08-17,210.76,0.6766467065868264,0.744810651266636,0.7275135076912207,1,False,False,False,False,0.43313373253493015,0.6105711608193543,0.517401687224944,-1,True,False,False
2017-08-18,210.43,0.6626746506986028,0.7439933776291432,0.7131048728039722,1,False,False,False,False,0.41916167664670656,0.603064906538074,0.4955705737631134,-1,True,False,False
2017-08-21,210.6,0.6646706586826348,0.7432040968436058,0.7023417141103416,1,False,False,False,False,0.43313373253493015,0.5964009389301076,0.48169572015685047,-1,True,False,False
2017-08-22,212.8,0.688622754491018,0.7426609989097492,0.6992930564171587,1,False,False,False,False,0.500998003992016,0.592659647363908,0.48598511656466503,-1,True,False,False
2017-08-23,212.04,0.6806387225548902,0.7420438618315914,0.6951476488922101,1,False,False,False,False,0.47305389221556887,0.5879692255933849,0.4831115111537548,-1,True,False,False
2017-08-24,211.54,0.6826347305389222,0.7414527261968384,0.6923670003692572,1,False,False,False,False,0.4590818363273453,0.5829148181711873,0.4777715834145526,-1,True,False,False
2017-08-25,212.04,0.6866267465069861,0.7409071940606211,0.6910913883998636,1,False,False,False,False,0.47105788423153694,0.5785282717421815,0.4762796502627713,-1,True,False,False
2017-08-28,212.04,0.6746506986027944,0.7402479254491005,0.6874379017782927,1,False,False,False,False,0.45708582834331335,0.5737658229814415,0.47201435650289175,-1,True,False,False
2017-08-29,212.29,0.6666666666666666,0.7395157736204195,0.6828220717534869,1,False,False,False,False,0.4550898203592814,0.5691118620942981,0.4682533484709784,-1,True,False,False
2017-08-30,213.29,0.6826347305389222,0.7389497930922454,0.6827804403724725,1,False,False,False,False,0.5029940119760479,0.5665190052269158,0.47597349591654936,-1,True,False,True
2017-08-31,214.58,0.6946107784431138,0.7385086088668809,0.6854094043881706,1,False,False,False,False,0.5828343313373253,0.567158821937128,0.49972034823227734,-1,True,False,False
2017-09-01,214.88,0.7105788423153693,0.7382307007419902,0.6910026128164369,1,False,False,False,False,0.6147704590818364,0.5690259449624107,0.5252870395321794,1,False,False,False
2017-09-05,213.34,0.6766467065868264,0.7376179246807448,0.687812411432079,1,False,False,False,False,0.5429141716566867,0.5680019538523823,0.5292041800042921,-1,True,False,False
2017-09-06,214.06,0.6846307385229541,0.7370906889975828,0.687105373007829,1,False,False,False,False,0.5748502994011976,0.5682705164229241,0.5393477620924934,-1,True,False,False
2017-09-07,214.04,0.6706586826347305,0.7364296740088978,0.6834505529249182,1,False,False,False,False,0.5608782435129741,0.567980623367632,0.5441323135192668,-1,True,False,False
2017-09-08,213.79,0.6826347305389222,0.7358944009395448,0.6832692590613635,1,False,False,False,False,0.5668662674650699,0.5679369231361591,0.5491843032850008,-1,True,False,False
2017-09-11,216.07,0.7025948103792415,0.7355630617299896,0.6875638260208919,1,False,False,False,False,0.654690618762475,0.5713390288469951,0.5726301511688839,1,False,False,False
2017-09-12,216.8,0.7225548902195609,0.7354336271875973,0.6953396180650405,1,False,False,False,False,0.6526946107784432,0.574529443824699,0.5904222533043415,1,False,False,False
2017-09-13,216.9,0.7225548902195609,0.7353054805510995,0.7013874563216006,1,False,False,False,False,0.6387225548902196,0.5770468207292292,0.6011556536567588,1,False,False,False
2017-09-14,216.83,0.7065868263473054,0.7350197227978279,0.7025428718828683,1,False,False,False,False,0.6327345309381237,0.579230652502127,0.6081731819415066,1,False,False,False
2017-09-15,217.12,0.720558882235529,0.734875833837009,0.7065464297390152,1,False,False,False,False,0.6447105788423154,0.5817984927507619,0.6162926034750197,1,False,False,False
2017-09-18,217.58,0.7225548902195609,0.734753237383104,0.7101038654013586,1,False,False,False,False,0.6646706586826348,0.5850483816108354,0.6270432824100453,1,False,False,False
2017-09-19,217.8,0.7265469061876247,0.7346715823463332,0.7137578744649733,1,False,False,False,False,0.6826347305389222,0.588875297255074,0.6393969375497957,1,False,False,False
2017-09-20,217.88,0.7445109780439122,0.7347694867811351,0.7205918974825153,1,False,False,False,False,0.6447105788423154,0.5910649161408482,0.6405777467259112,1,False,False,False
2017-09-21,217.29,0.7365269461077845,0.7347869739386141,0.7241330193992418,1,False,False,False,False,0.626746506986028,0.5924641942132083,0.6375041378948261,1,False,False,False
2017-09-22,217.34,0.7485029940119761,0.7349234517502894,0.7295485693131827,1,False,False,False,False,0.6187624750499002,0.593495499344059,0.633339323929287,1,False,False,False
2017-09-25,216.89,0.7485029940119761,0.7350585715737887,0.7337606636906923,1,False,False,False,False,0.6187624750499002,0.594486361136445,0.6301000241783121,1,False,False,False
2017-09-26,217.02,0.7445109780439122,0.7351526253695114,0.7361496224358522,1,False,False,False,False,0.626746506986028,0.5957514648952522,0.6293547981355823,1,False,False,False
2017-09-27,217.87,0.7584830339321357,0.7353847687382938,0.7411126027683597,1,False,False,False,False,0.626746506986028,0.5969669567419493,0.6287751778801258,1,False,False,False
2017-09-28,218.13,0.7564870259481038,0.7355947414468492,0.7445291412527473,1,False,False,False,False,0.6467065868263473,0.5989175304707492,0.6327599354237305,1,False,False,False
2017-09-29,218.9,0.7684630738522954,0.7359217895304856,0.7498477929415357,1,False,False,False,False,0.656686626746507,0.6011829852266614,0.6380769779399031,1,False,False,False
2017-10-02,219.85,0.7604790419161677,0.7361661403004924,0.7522102927136761,1,False,False,False,False,0.6786427145708582,0.6042206216715319,0.6470915860801154,1,False,False,False
2017-10-03,220.32,0.7664670658682635,0.7364676420474354,0.7553784645258066,1,False,False,False,False,0.6966067864271457,0.6078436085246932,0.658094963935011,1,False,False,False
2017-10-04,220.58,0.7724550898203593,0.7368257261048775,0.7591732701468183,1,False,False,False,False,0.716566866267465,0.6121072656910764,0.6710887200088897,1,False,False,False
2017-10-05,221.89,0.7764471057884231,0.7372199686887934,0.7630119002893971,1,False,False,False,False,0.7385229540918163,0.617064743667576,0.6860741053606512,1,False,False,False
2017-10-06,221.63,0.7684630738522954,0.737530845357087,0.7642232721922635,1,False,False,False,False,0.7345309381237525,0.62167126109723,0.6968422904191182,1,False,False,False
2017-10-09,221.27,0.7564870259481038,0.7377194640694354,0.762504106360228,1,False,False,False,False,0.720558882235529,0.6255492070242222,0.7021126441560983,1,False,False,False
2017-10-10,221.85,0.7704590818363274,0.7380452314103996,0.7642718786882501,1,False,False,False,False,0.7425149700598802,0.6301360996922872,0.7110909388013831,1,False,False,False
2017-10-11,222.2,0.7704590818363274,0.7383677572852845,0.7656468127211562,1,False,False,False,False,0.7584830339321357,0.6351693127997323,0.7216225154971059,1,False,False,False
2017-10-12,221.87,0.7704590818363274,0.738687073947484,0.7667162058578609,1,False,False,False,False,0.7764471057884231,0.6407096184071319,0.7338057577840653,1,False,False,False
2017-10-13,222.14,0.7764471057884231,0.7390627956573441,0.7688786280646525,1,False,False,False,False,0.7604790419161677,0.6454064585447412,0.7397331542578659,1,False,False,False
2017-10-16,222.43,0.7744510978043913,0.7394149180667675,0.7701169546734833,1,False,False,False,False,0.7564870259481038,0.649762559227226,0.7434562368556965,1,False,False,False
2017-10-17,222.59,0.780439121756487,0.7398231190985061,0.7724107695808174,1,False,False,False,False,0.7624750499001997,0.6541826569006759,0.747682639754475,1,False,False,False
2017-10-18,222.81,0.7784431137724551,0.7402073976524757,0.7737512905122925,1,False,False,False,False,0.7604790419161677,0.658351142587558,0.7505262846792956,1,False,False,False
2017-10-19,222.87,0.7764471057884231,0.7405679917632811,0.7743503605736548,1,False,False,False,False,0.7764471057884231,0.6629823568307291,0.7562864671479905,1,False,False,False
2017-10-20,224.02,0.7784431137724551,0.7409448586489445,0.7752598612844993,1,False,False,False,False,0.7844311377245509,0.667745054120683,0.7625408383872261,1,False,False,False
2017-10-23,223.15,0.7764471057884231,0.7412981148393871,0.7755236933964824,1,False,False,False,False,0.7544910179640718,0.6711468566243453,0.7607519894043029,1,False,False,False
2017-10-24,223.54,0.7684630738522954,0.7415684129390181,0.7739546668311075,1,False,False,False,False,0.7485029940119761,0.6741804306395465,0.7580299904282303,1,False,False,False
2017-10-25,222.43,0.7604790419161677,0.7417565784014774,0.7709600835166764,1,False,False,False,False,0.7025948103792415,0.6752947200411031,0.745711061528455,1,False,False,False
2017-10-26,222.72,0.7485029940119761,0.7418237069150146,0.7659696191822986,1,False,False,False,False,0.6986027944111777,0.676208762173263,0.7352425577246157,1,False,False,False
2017-10-27,224.54,0.7485029940119761,0.7418901674831436,0.7620881469222268,1,False,False,False,False,0.718562874251497,0.6778697077449585,0.731535961397256,1,False,False,False
2017-10-30,223.71,0.7465069860279441,0.7419361059761267,0.7586256667234973,1,False,False,False,False,0.6906187624750499,0.6783696706755502,0.7224432505256546,1,False,False,False
2017-10-31,224.05,0.7365269461077845,0.7418822834898745,0.7537148399200055,1,False,False,False,False,0.7025948103792415,0.6793196761541264,0.7180324860486739,1,False,False,False
2017-11-01,224.35,0.7305389221556886,0.7417694142228677,0.7485646359723795,1,False,False,False,False,0.6986027944111777,0.6800758768700892,0.713714776795897,1,False,False,False
2017-11-02,224.44,0.7325349301397206,0.7416775288091051,0.7450024791206775,1,False,False,False,False,0.6826347305389222,0.6801762240727885,0.7068080998499027,1,False,False,False
2017-11-03,225.19,0.7265469061876247,0.741526975350185,0.7409012406911103,1,False,False,False,False,0.6986027944111777,0.680898834674294,0.7049846986412972,1,False,False,False
2017-11-06,225.54,0.7305389221556886,0.7414176414875532,0.7385985032387944,1,False,False,False,False,0.6926147704590818,0.6813582831364425,0.702235825711916,1,False,False,False
2017-11-07,225.38,0.718562874251497,0.741190230868289,0.7341461412416173,1,False,False,False,False,0.6706586826347305,0.6809386909599048,0.6952186828058747,1,False,False,False
2017-11-08,225.76,0.7265469061876247,0.7410445261450983,0.7324574223407301,1,False,False,False,False,0.6786427145708582,0.6808486526701383,0.6915351343092043,1,False,False,False
2017-11-09,224.94,0.7345309381237525,0.7409797143239903,0.7329182036258463,1,False,False,False,False,0.656686626746507,0.6799011222417606,0.6837910215174938,1,False,False,False
2017-11-10,224.87,0.7285429141716567,0.7408559650687433,0.7319459170804707,1,False,False,False,False,0.6427145708582834,0.6784428261090752,0.6746629213710026,-1,True,False,False
2017-11-13,225.08,0.7305389221556886,0.7407533079253299,0.7316332515416303,1,False,False,False,False,0.6706586826347305,0.6781375655806695,0.6737730905407199,-1,True,False,False
2017-11-14,224.56,0.7365269461077845,0.7407112545739115,0.7327207392229979,1,False,False,False,False,0.654690618762475,0.6772180774701521,0.6695325412566655,-1,True,False,False
2017-11-15,223.44,0.716566866267465,0.7404710119041957,0.7291309896773239,1,False,False,False,False,0.6007984031936128,0.6742212274985231,0.6542582883537649,-1,True,False,False
2017-11-16,225.34,0.7365269461077845,0.7404317674684106,0.7307745355507596,1,False,False,False,False,0.6467065868263473,0.6731422219819673,0.6525801324587832,-1,True,False,False
2017-11-17,224.67,0.7405189620758483,0.7404326350764449,0.7329399636674458,1,False,False,False,False,0.6387225548902196,0.6717924311156243,0.6495006707768802,-1,True,False,False
2017-11-20,225.06,0.7405189620758483,0.7404334940515633,0.7346241855359796,1,False,False,False,False,0.6387225548902196,0.670495573224432,0.6471055339131779,-1,True,False,False
2017-11-21,226.53,0.7425149700598802,0.7404542052556262,0.7363776932079575,1,False,False,False,False,0.6487025948103793,0.6696409466199594,0.6474604363347782,-1,True,False,False
2017-11-22,226.33,0.7385229540918163,0.7404349888261356,0.736854417848815,1,False,False,False,False,0.6506986027944112,0.6688981096071928,0.6481800288813633,-1,True,False,False
2017-11-24,226.85,0.7425149700598802,0.7404556851568197,0.7381123183401628,1,False,False,False,False,0.6526946107784432,0.6682626782805752,0.6491832693029367,-1,True,False,False
2017-11-27,226.74,0.7385229540918163,0.740436454001944,0.7382035707294191,1,False,False,False,False,0.6327345309381237,0.666869417600479,0.645527994110756,-1,True,False,False
2017-11-28,229.04,0.7624750499001997,0.7406557435133695,0.7435972327673703,1,False,False,False,False,0.7025948103792415,0.6682704133957246,0.6582095088370861,1,False,False,False
2017-11-29,228.9,0.7664670658682635,0.7409125725915278,0.7486794179009022,1,False,False,False,False,0.7305389221556886,0.670712315700037,0.6742827117967755,1,False,False,False
2017-11-30,230.9,0.780439121756487,0.7413058715881942,0.7557371298688099,1,False,False,False,False,0.7684630738522954,0.6745456787648314,0.6952116811424465,1,False,False,False
2017-12-01,230.42,0.780439121756487,0.7416952571620081,0.7612264613994049,1,False,False,False,False,0.7544910179640718,0.677680790105978,0.7083848671028077,1,False,False,False
2017-12-04,230.15,0.7904191616766467,0.7421800721323031,0.7677137281276808,1,False,False,False,False,0.7005988023952096,0.6785795356859479,0.7066546305011192,1,False,False,False
2017-12-05,229.32,0.7884231536926147,0.7426402022970823,0.7723158226976662,1,False,False,False,False,0.6726546906187625,0.678347188820568,0.69909908830504,1,False,False,False
2017-12-06,229.36,0.7844311377245509,0.7430560325003407,0.7750081149258627,1,False,False,False,False,0.6666666666666666,0.6778891291282582,0.6918918834965125,1,False,False,False
2017-12-07,230.08,0.7844311377245509,0.7434677250896363,0.7771021199922379,1,False,False,False,False,0.6866267465069861,0.6782317807901691,0.6907218530543955,1,False,False,False
2017-12-08,231.34,0.7904191616766467,0.743934903563139,0.7800614625887732,1,False,False,False,False,0.7145708582834331,0.67965684265265,0.6960216319941817,1,False,False,False
2017-12-11,232.04,0.7964071856287425,0.7444570158224982,0.7836938454865442,1,False,False,False,False,0.7345309381237525,0.6818087679652423,0.7045792555785307,1,False,False,False
2017-12-12,232.45,0.7924151696606786,0.7449342113830771,0.7856319175252408,1,False,False,False,False,0.7065868263473054,0.6827804565292448,0.7050253824160362,1,False,False,False
2017-12-13,232.42,0.7984031936127745,0.7454662410570045,0.7884699788780261,1,False,False,False,False,0.7025948103792415,0.6835574900135584,0.7044852552967484,1,False,False,False
2017-12-14,231.47,0.7844311377245509,0.745853951471607,0.7875724586216982,1,False,False,False,False,0.6487025948103793,0.6821906313781396,0.6920891085219998,-1,False,False,False
2017-12-15,233.4,0.8043912175648703,0.746436411830744,0.7913099606090698,1,False,False,False,False,0.7145708582834331,0.683460444197955,0.6970850529134294,1,False,False,False
2017-12-18,234.88,0.8083832335329342,0.7470527981163381,0.7951040212588174,1,False,False,False,False,0.7385229540918163,0.6856197583114398,0.7062934753975153,1,False,False,False
2017-12-19,233.97,0.7884231536926147,0.7474644434454553,0.7936193840218835,1,False,False,False,False,0.7045908183632734,0.6863637214507274,0.7059151071676838,1,False,False,False
2017-12-20,233.85,0.782435129740519,0.747812410473267,0.7911339941815803,1,False,False,False,False,0.6926147704590818,0.6866088606275257,0.7029594767879945,1,False,False,False
2017-12-21,234.33,0.7904191616766467,0.748236358246435,0.7909751425138173,1,False,False,False,False,0.6846307385229541,0.6865312872116601,0.6988864238402077,1,False,False,False
2017-12-22,234.27,0.7904191616766467,0.7486560876338003,0.7908515912166683,1,False,False,False,False,0.6726546906187625,0.6859871069531152,0.6930571497909978,1,False,False,False
2017-12-26,233.99,0.7924151696606786,0.7490915013853116,0.791199053093115,1,False,False,False,False,0.6646706586826348,0.6851511678052532,0.686749040655806,1,False,False,False
2017-12-27,234.11,0.7944111776447106,0.749542443437644,0.7919128585490252,1,False,False,False,False,0.6766467065868264,0.6848176595221777,0.684504077529366,1,False,False,False
2017-12-28,234.59,0.7984031936127745,0.750028620056302,0.7933551552298583,1,False,False,False,False,0.688622754491018,0.6849668789327205,0.6854193390763998,1,False,False,False
2017-12-29,233.7,0.7984031936127745,0.750509959096665,0.7944769415371731,1,False,False,False,False,0.6686626746506986,0.6843274983726412,0.6816956358706885,1,False,False,False
2018-01-02,235.38,0.7924151696606786,0.7509269263659586,0.7940187700090632,1,False,False,False,False,0.6966067864271457,0.684809039080661,0.6850092248832345,1,False,False,False
2018-01-03,236.86,0.7964071856287425,0.7513794662591207,0.7945495290356586,1,False,False,False,False,0.7405189620758483,0.6869937419432175,0.6973447220371487,1,False,False,False
2018-01-04,237.86,0.7924151696606786,0.7517877817158526,0.7940752269523297,1,False,False,False,False,0.7365269461077845,0.6889362205379064,0.7060518829417344,1,False,False,False
2018-01-05,239.45,0.7884231536926147,0.752152312780298,0.792819210672393,1,False,False,False,False,0.7664670658682635,0.6919766458449792,0.7194774791476297,1,False,False,False
2018-01-08,239.89,0.8083832335329342,0.7527118244295781,0.79627788241918,1,False,False,False,False,0.7704590818363274,0.6950543884328753,0.7308067241895625,1,False,False,False
2018-01-09,240.43,0.7964071856287425,0.7531466041430026,0.7963066164657494,1,False,False,False,False,0.7724550898203593,0.6980897100559138,0.7400619165519617,1,False,False,False
2018-01-10,240.06,0.782435129740519,0.7534380322584009,0.7932240638601427,1,False,False,False,False,0.7465069860279441,0.6999884267606993,0.7414941542132911,1,False,False,False
2018-01-11,241.81,0.7884231536926147,0.7537861429194379,0.7921571949340254,1,False,False,False,False,0.7564870259481038,0.7022040581013819,0.744825903487694,1,False,False,False
2018-01-12,243.39,0.7844311377245509,0.7540910682408819,0.7904402933319199,1,False,False,False,False,0.7624750499001997,0.7045676264072178,0.7487479360238063,1,False,False,False
2018-01-16,242.56,0.780439121756487,0.7543532379276044,0.7882178107596015,1,False,False,False,False,0.7465069860279441,0.7062123071766581,0.7482499471358369,1,False,False,False
2018-01-17,244.87,0.7964071856287425,0.7547716851684119,0.7900376718416329,1,False,False,False,False,0.7704590818363274,0.7087317885358608,0.7531853104026126,1,False,False,False
2018-01-18,244.46,0.7864271457085829,0.7550866648752793,0.7892353327009551,1,False,False,False,False,0.7784431137724551,0.7114655659961194,0.758798155595911,1,False,False,False
2018-01-19,245.57,0.7904191616766467,0.7554382320076313,0.7894984058066644,1,False,False,False,False,0.7844311377245509,0.7143269609658618,0.7644943738467198,1,False,False,False
2018-01-22,247.57,0.8043912175648703,0.7559253263912854,0.7928079195307102,1,False,False,False,False,0.7904191616766467,0.7173109688368731,0.7702554378089258,1,False,False,False
2018-01-23,248.09,0.8083832335329342,0.7564472956165755,0.7962691004200932,1,False,False,False,False,0.8003992015968064,0.7205693309058901,0.7769540519840104,1,False,False,False
2018-01-24,247.99,0.8083832335329342,0.7569640711182309,0.7989611300007246,1,False,False,False,False,0.8023952095808383,0.723778188893143,0.7826076425610833,1,False,False,False
2018-01-25,248.1,0.810379241516966,0.7574955653510542,0.8014984881154449,1,False,False,False,False,0.7984031936127745,0.7267046596664619,0.7861177650170147,1,False,False,False
2018-01-26,250.97,0.812375249500998,0.758041631860009,0.8039155462011234,1,False,False,False,False,0.8003992015968064,0.7295946417029461,0.7892914175903017,1,False,False,False
2018-01-29,249.31,0.7944111776447106,0.7584035178877175,0.8018034642996983,1,False,False,False,False,0.7684630738522954,0.731118893944097,0.7846628967596336,1,False,False,False
2018-01-30,246.75,0.7864271457085829,0.7586823599555869,0.7983865046127838,1,False,False,False,False,0.7385229540918163,0.7314092492440076,0.7744095761667853,1,False,True,False
2018-01-31,246.87,0.7924151696606786,0.7590180098033987,0.7970595412900937,1,False,False,False,False,0.7285429141716567,0.7312968439470527,0.7642169846123122,1,False,False,False
2018-02-01,246.59,0.7764471057884231,0.7591914336440457,0.7924790000675002,1,False,True,False,False,0.716566866267465,0.7307191977635396,0.7536280694245685,1,False,False,False
2018-02-02,241.23,0.7544910179640718,0.7591446633387724,0.7840372262667383,1,False,False,False,False,0.5988023952095808,0.725545989820247,0.7192223640434601,-1,True,False,False
2018-02-05,231.14,0.6666666666666666,0.7582244842674082,0.7579548796889446,1,False,False,False,False,0.2774451097804391,0.7079734062892742,0.6210496408738999,-1,True,False,False
2018-02-06,235.69,0.688622754491018,0.75753192974227,0.7425477407560721,1,False,False,False,False,0.37325349301397204,0.6948471351804388,0.5659838302383604,-1,True,False,False
2018-02-07,234.41,0.6786427145708582,0.7567469624271316,0.7283466238260246,1,False,False,False,False,0.3473053892215569,0.68121804710362,0.5173886211235152,-1,True,False,False
2018-02-08,225.62,0.5668662674650699,0.7548576022782554,0.6924621001902569,-1,True,False,False,False,0.1437125748502994,0.6601394011329016,0.4343494997294673,-1,True,False,False
2018-02-09,229.01,0.6167664670658682,0.7534835611318635,0.6756408483848372,-1,True,False,False,False,0.17764471057884232,0.641218040719017,0.37730399102932843,-1,True,False,False
2018-02-12,232.37,0.6467065868263473,0.7524211036760873,0.6692110124829506,-1,True,False,False,False,0.2435129740518962,0.6256217635948161,0.34757265392323233,-1,True,False,False
2018-02-13,232.95,0.6626746506986028,0.7515281041439731,0.6677584876419844,-1,True,False,False,False,0.28542914171656686,0.6122808764623358,0.33376298454397335,-1,True,False,False
2018-02-14,236.09,0.6766467065868264,0.7507830156110662,0.6697336474075049,-1,True,False,False,False,0.405189620758483,0.6041596507484591,0.34963557036941995,-1,True,False,False
2018-02-15,239.11,0.7045908183632734,0.7503233917578543,0.6774796853976757,-1,True,False,False,False,0.47105788423153694,0.5989399736301485,0.3766183067832237,-1,True,False,False
2018-02-16,239.18,0.7085828343313373,0.7499080628282373,0.6843914962718227,-1,True,False,False,False,0.48303393213572854,0.5943946386695831,0.4002662235282248,-1,True,False,False
2018-02-20,237.68,0.7005988023952096,0.7494174234209435,0.6879931198547976,-1,True,False,False,False,0.42714570858283435,0.5878358570975537,0.40623944242924914,-1,True,False,False
2018-02-21,236.5,0.6766467065868264,0.7486933366862757,0.6854716946841373,-1,True,False,False,False,0.41916167664670656,0.5812211833543832,0.40911105003312853,-1,True,False,False
2018-02-22,236.8,0.6806387225548902,0.74801617634666,0.6843977008776378,-1,True,False,False,False,0.42115768463073855,0.5749441834044364,0.41178807994370853,-1,True,False,False
2018-02-23,240.58,0.7025948103792415,0.7475642224564369,0.6884415029891053,-1,True,False,False,False,0.5189620758483033,0.5727488066375293,0.43560452347806294,-1,True,False,False
2018-02-26,243.37,0.7265469061876247,0.7473550949313742,0.6969093703665541,-1,True,False,False,False,0.5708582834331337,0.572674668472651,0.4656609145791898,-1,True,False,False
2018-02-27,240.33,0.6986027944111777,0.7468699974137604,0.697285686820915,-1,True,False,False,False,0.47305389221556887,0.5687679713645302,0.46730379849838516,-1,True,False,False
2018-02-28,237.9,0.6786427145708582,0.7461911189775126,0.6931428040986801,-1,True,False,False,False,0.41317365269461076,0.5626662333774746,0.4552748772086575,-1,True,False,False
2018-03-01,234.44,0.6427145708582834,0.7451615015832914,0.6819365300452586,-1,True,False,False,False,0.313373253493014,0.5528900380878878,0.4237411830496256,-1,True,False,False
2018-03-02,235.65,0.656686626746507,0.7442811545699901,0.6763254404233138,-1,True,False,False,False,0.35129740518962077,0.544984444640897,0.4076425657474023,-1,True,False,False
2018-03-05,238.37,0.6726546906187625,0.7435684534361471,0.6755097182445247,-1,True,False,False,False,0.4151696606786427,0.53989366879924,0.40931525350990017,-1,True,False,False
2018-03-06,238.97,0.6926147704590818,0.7430614516154798,0.6793108409588707,-1,True,False,False,False,0.4431137724550898,0.5360983787465282,0.41682603549772007,-1,True,False,False
2018-03-07,238.89,0.6826347305389222,0.7424601907092453,0.680049483087771,-1,True,False,False,False,0.43912175648702595,0.532295373952038,0.4217806401620103,-1,True,False,False
2018-03-08,240.04,0.6866267465069861,0.7419046340505164,0.6815110971809298,-1,True,False,False,False,0.46506986027944114,0.5296590792982107,0.4314004668547727,-1,True,False,False
2018-03-09,244.22,0.7125748502994012,0.7416127954062268,0.688414153429479,-1,True,False,False,False,0.5748502994011976,0.5314312840081318,0.4632782074206449,1,False,False,False
2018-03-12,243.91,0.718562874251497,0.741383442956926,0.6951138691677052,-1,True,False,False,False,0.564870259481038,0.5327426163796183,0.48585421898962117,1,False,False,False
2018-03-13,242.34,0.7125748502994012,0.7410967902936672,0.698994087196971,-1,True,False,False,False,0.5389221556886228,0.5329849512544812,0.49764709381162153,1,False,False,False
2018-03-14,241.09,0.7085828343313373,0.7407732683437932,0.7011249198934969,-1,True,False,False,False,0.5089820359281437,0.53204366045737,0.5001659698375154,1,False,False,False
2018-03-15,240.83,0.6906187624750499,0.740274218534154,0.6987902182449531,-1,True,False,False,False,0.5029940119760479,0.5309044585561417,0.5007944236460782,-1,True,False,False
2018-03-16,241.09,0.7045908183632734,0.739919159825986,0.7000792404934687,-1,True,False,False,False,0.5528942115768463,0.5317668018118555,0.51237215429736,-1,True,False,False
2018-03-19,237.83,0.6866267465069861,0.7393888870566427,0.6970897973853614,-1,True,False,False,False,0.48303393213572854,0.52985570888338,0.505852549372553,-1,True,False,False
2018-03-20,238.23,0.6766467065868264,0.7387645867534606,0.6925468883190202,-1,True,False,False,False,0.49700598802395207,0.5285674845359514,0.5038866468506417,-1,True,False,False
2018-03-21,237.77,0.6606786427145709,0.7379876121859095,0.6854650559624759,-1,True,False,False,False,0.47305389221556887,0.5263904809155443,0.4970349235984033,-1,True,False,False
2018-03-22,231.83,0.6127744510978044,0.7367417100855304,0.6693115882147711,-1,True,False,False,False,0.2994011976047904,0.517488940393554,0.45311631782204487,-1,True,False,False
2018-03-23,226.89,0.5409181636726547,0.7347932170863973,0.6407797160943008,-1,True,False,False,False,0.1996007984031936,0.5050227387468732,0.39677953572896685,-1,True,False,False
2018-03-26,233.1,0.6087824351297405,0.733539378459963,0.6336692092132874,-1,True,False,False,False,0.32335329341317365,0.49789844677300266,0.3804625929921239,-1,True,False,False
2018-03-27,229.13,0.5848303393213573,0.7320596865282355,0.6228161270150807,-1,True,False,False,False,0.2654690618762475,0.4887835689339142,0.3549084749663736,-1,True,False,False
2018-03-28,228.45,0.5768463073852296,0.7305152747954693,0.6126006115417805,-1,True,False,False,False,0.26147704590818366,0.47986958763878756,0.33414593517566477,-1,True,False,False
2018-03-29,231.37,0.6047904191616766,0.7292642812070734,0.6108650132350908,-1,True,False,False,False,0.3393213572854291,0.47435789233081277,0.3352960289778346,-1,True,False,False
2018-04-02,226.38,0.5209580838323353,0.7271915827257328,0.590885695590034,-1,True,False,False,False,0.21756487025948104,0.46428757773978013,0.30913354926264497,-1,True,False,False
2018-04-03,229.28,0.5608782435129741,0.7255367236290885,0.584217372906243,-1,True,False,False,False,0.2834331337325349,0.45719524660224115,0.3034223458115094,-1,True,False,False
2018-04-04,231.73,0.6047904191616766,0.7243352678632436,0.588789160963006,-1,True,False,False,False,0.3652694610778443,0.45359031383657855,0.31716614920402825,-1,True,False,False
2018-04-05,233.56,0.6207584830339321,0.7233046530888226,0.5958934547565452,-1,True,False,False,False,0.40718562874251496,0.45177052226426234,0.3371704779903586,-1,True,False,False
2018-04-06,228.36,0.5369261477045908,0.7214501405974373,0.5827896087449997,-1,True,False,False,False,0.2754491017964072,0.444855956755719,0.32345461661392494,-1,True,False,False
2018-04-09,229.48,0.5449101796407185,0.7196935240705047,0.5743719578329373,-1,True,False,False,False,0.2954091816367265,0.43899529890791533,0.3172222977301031,-1,True,False,False
2018-04-10,233.13,0.6067864271457086,0.7185700703697605,0.5815751732357753,-1,True,False,False,False,0.41317365269461076,0.437982685330923,0.3385448210555492,-1,True,False,False
2018-04-11,231.91,0.5828343313373253,0.7172194660012786,0.5818549861472309,-1,True,False,False,False,0.37325349301397204,0.43544428563221904,0.3462578592685321,-1,True,False,False
2018-04-12,233.82,0.590818363273453,0.7159617435860764,0.5838468477308358,-1,True,False,False,False,0.42115768463073855,0.4348840267694159,0.36290226490457794,-1,True,False,False
2018-04-13,233.13,0.5808383233532934,0.7146172319419691,0.5831782867580486,-1,True,False,False,False,0.4151696606786427,0.4341109143736993,0.37451724174325896,-1,True,False,True
2018-04-16,235.05,0.6327345309381237,0.7138024786981498,0.5941907854647319,-1,True,False,False,False,0.5189620758483033,0.4374384109021152,0.4066160937666021,1,False,False,False
2018-04-17,237.56,0.6487025948103793,0.7131547186594656,0.6063045208748759,-1,True,False,False,False,0.6067864271457086,0.44407950957833453,0.4510983900730703,1,False,False,False
2018-04-18,237.74,0.6506986027944112,0.712533264770261,0.6161698724125504,-1,True,False,False,False,0.6207584830339321,0.45100809677267173,0.4888006329532618,1,False,False,False
2018-04-19,236.42,0.6147704590818364,0.7115605005345554,0.6158588916723917,-1,True,False,False,False,0.5548902195608783,0.45508190550946415,0.5034872077549544,1,False,False,False
2018-04-20,234.41,0.5948103792415169,0.710398807785371,0.6111814444655307,-1,True,False,False,False,0.49700598802395207,0.456725987176699,0.5020469367036205,1,False,False,False
2018-04-23,234.38,0.6047904191616766,0.7093479780478219,0.6097612166202298,-1,True,False,False,False,0.500998003992016,0.4584621446988683,0.5018138405454862,1,False,False,False
2018-04-24,231.22,0.5469061876247505,0.7077316418247068,0.5957934323990122,-1,True,False,False,False,0.40119760479041916,0.45621647646716446,0.4794546770443602,-1,False,False,False
2018-04-25,231.79,0.564870259481038,0.70631013553273,0.5889216161950179,-1,True,False,False,False,0.4111776447105788,0.4544502477708278,0.4642820031924088,-1,False,False,False
2018-04-26,234.15,0.5848303393213573,0.7051013813415721,0.5880124435564267,-1,True,False,False,False,0.46107784431137727,0.45471015351751604,0.4635699678855129,-1,False,False,False
2018-04-27,234.37,0.592814371257485,0.7039840976591434,0.5890795386011063,-1,True,False,False,False,0.46706586826347307,0.45519469135069085,0.46434683463617077,-1,False,False,False
2018-04-30,232.57,0.5389221556886228,0.7023416902763522,0.5779334535094434,-1,True,False,False,False,0.437125748502994,0.45448610535666356,0.45829770438435374,-1,False,False,False
2018-05-01,232.98,0.5548902195608783,0.7008745114632629,0.5728127348542067,-1,True,False,False,False,0.4471057884231537,0.4541966811631926,0.4558106119485315,-1,False,False,False
2018-05-02,231.42,0.5229540918163673,0.6991041590289654,0.5617330364013535,-1,True,False,False,False,0.38922155688622756,0.4516486370738999,0.4410130441569084,-1,True,False,False
2018-05-03,230.91,0.5129740518962076,0.6972521181619727,0.5508977065113211,-1,True,False,False,False,0.3872255489021956,0.4491222414593233,0.4290602674336389,-1,True,False,False
2018-05-04,233.9,0.562874251497006,0.6959150249613264,0.5535591609525844,-1,True,False,False,False,0.469061876247505,0.4499041879216049,0.43794951383672026,-1,True,False,False
2018-05-07,234.69,0.5688622754491018,0.6946508184985182,0.5569598530629216,-1,True,False,False,False,0.47904191616766467,0.4510468439312543,0.44708115879915233,1,False,False,False
2018-05-08,234.69,0.564870259481038,0.6933594696525731,0.5587177211558363,-1,True,False,False,False,0.4750499001996008,0.4519881402555032,0.4532964346659186,1,False,False,False
2018-05-09,236.96,0.5888223552894212,0.6923192993604025,0.5654076398521884,-1,True,False,False,False,0.5189620758483033,0.4546145691022797,0.4678887993731152,1,False,False,False
2018-05-10,239.17,0.626746506986028,0.6916668337646376,0.579038499215264,-1,True,False,False,False,0.6027944111776448,0.46042554330131363,0.49786782421856624,1,False,False,False
2018-05-11,239.9,0.6287425149700598,0.691040721139816,0.590083836049663,-1,True,False,False,False,0.6027944111776448,0.46600863615920896,0.5211848435428059,1,False,False,False
2018-05-14,240.01,0.6207584830339321,0.6903413953875186,0.5969004242683894,-1,True,False,False,False,0.6047904191616766,0.47145105902205087,0.5397638603469994,1,False,False,False
2018-05-15,238.36,0.590818363273453,0.6893511164610105,0.5955488551584035,-1,True,False,False,False,0.5369261477045908,0.4740187095586211,0.5391332575375752,1,False,False,False
2018-05-16,239.36,0.5968063872255489,0.6884302733840408,0.5958283067288803,-1,True,False,False,False,0.562874251497006,0.47750324061502836,0.5444090339730043,1,False,False,False
2018-05-17,239.16,0.5988023952095808,0.6875384537007129,0.5964892152801471,-1,True,False,False,False,0.562874251497006,0.48085112339471375,0.5485124156450047,1,False,False,False
2018-05-18,238.56,0.6027944111776448,0.6866952293970008,0.5978903699240354,-1,True,False,False,False,0.5508982035928144,0.4835980677162079,0.549042590744518,1,False,False,False
2018-05-21,240.36,0.624750499001996,0.6860788639204336,0.6038592874969155,-1,True,False,False,False,0.6127744510978044,0.4886638082409764,0.5632052263785816,1,False,False,False
2018-05-22,239.69,0.6147704590818364,0.6853693275538805,0.6062839922935647,-1,True,False,False,False,0.6087824351297405,0.49337434262877106,0.5733334949899502,1,False,False,False
2018-05-23,240.35,0.6107784431137725,0.684627129698755,0.6072827591424997,-1,True,False,False,False,0.6147704590818364,0.49813497464653833,0.5825417092325916,1,False,False,False
2018-05-24,239.86,0.6087824351297405,0.6838724561209539,0.6076160204729977,-1,True,False,False,False,0.6107784431137725,0.502552365566822,0.5888165389839651,1,False,False,False
2018-05-25,239.29,0.6147704590818364,0.6831848740608633,0.6092058957194063,-1,True,False,False,False,0.5988023952095808,0.5063268765332047,0.5910356181452131,1,False,False,False
2018-05-29,236.53,0.5728542914171657,0.6820870573181399,0.6011277614300194,-1,True,False,False,False,0.5329341317365269,0.5073702983058841,0.5781241767210606,1,False,False,False
2018-05-30,239.69,0.6207584830339321,0.6814768227481478,0.6054901440086667,-1,True,False,False,False,0.626746506986028,0.5120517182541251,0.5889291390021645,1,False,False,False
2018-05-31,238.22,0.5748502994011976,0.6804158623168349,0.5986812896514514,-1,True,False,False,False,0.5469061876247505,0.5134185601902281,0.5795907053627392,1,False,False,False
2018-06-01,240.56,0.5948103792415169,0.6795640664653393,0.5978210873381327,-1,True,False,False,False,0.6047904191616766,0.5170017703459712,0.585190641762503,1,False,False,False
2018-06-04,241.7,0.6087824351297405,0.6788597716261792,0.6002569424029345,-1,True,False,False,False,0.6047904191616766,0.520444462456391,0.5895461478512083,1,False,False,False
2018-06-05,241.88,0.6127744510978044,0.6782022062477874,0.6030386110017945,-1,True,False,False,False,0.6167664670658682,0.5242217959704881,0.5955951076766883,1,False,False,False
2018-06-06,243.9,0.6387225548902196,0.6778093738959707,0.6109683763103334,-1,True,False,False,False,0.6646706586826348,0.5297295945082193,0.6109452301224542,1,False,False,False
2018-06-07,243.87,0.6467065868263473,0.6774998934276163,0.6189102008694476,-1,True,False,False,False,0.6706586826347305,0.5352562254151413,0.6242148862362933,1,False,False,False
2018-06-08,244.6,0.6526946107784432,0.6772530746947887,0.626417847515891,-1,True,False,False,False,0.7005988023952096,0.5417402480418105,0.6411890898271636,1,False,False,False
2018-06-11,244.92,0.6646706586826348,0.6771278765255135,0.6349184722196118,-1,True,False,False,False,0.716566866267465,0.5485961938545814,0.6579397068138972,1,False,False,False
2018-06-12,245.24,0.6666666666666666,0.677023784885127,0.6419736265411795,-1,True,False,False,False,0.7145708582834331,0.5551050042243403,0.6705244071404608,1,False,False,False
2018-06-13,244.46,0.6367265469061876,0.6766228173430481,0.6408076088445147,-1,True,False,False,False,0.6746506986027944,0.5597930706705542,0.6714413607987572,1,False,False,False
2018-06-14,245.07,0.6407185628742516,0.676265561079677,0.640787820851123,-1,True,False,False,False,0.688622754491018,0.5648452151341018,0.6752594482859262,1,False,False,False
2018-06-15,244.75,0.6327345309381237,0.6758324165011541,0.6389982008704564,-1,True,False,False,False,0.6786427145708582,0.5693078621708374,0.6760112852381333,1,False,False,False
2018-06-18,244.25,0.6307385229540918,0.6753837210429745,0.6371627168890421,-1,True,False,False,False,0.6586826347305389,0.5728127552123944,0.6721604740142234,1,False,False,False
2018-06-19,243.31,0.6047904191616766,0.6746813001287328,0.6299688729496276,-1,True,False,False,False,0.6487025948103793,0.5757888273534919,0.6669476119689247,1,False,False,False
2018-06-20,243.73,0.6087824351297405,0.6740255900292405,0.6252607756563193,-1,True,False,False,False,0.6467065868263473,0.5785699159602706,0.6624496063816854,1,False,False,False
2018-06-21,242.2,0.6007984031936128,0.6732969613045079,0.619824692886829,-1,True,False,False,False,0.5868263473053892,0.5788936975816479,0.645644437698064,1,False,False,False
2018-06-22,242.64,0.6067864271457086,0.6726351649447189,0.6169273004999133,-1,True,False,False,False,0.6167664670658682,0.5803789042280879,0.6392271108909093,1,False,False,False
2018-06-25,239.34,0.5788423153692615,0.6717019027598885,0.6084639704708796,-1,True,False,False,False,0.5289421157684631,0.5783617752688869,0.6147193341970324,-1,False,False,False
2018-06-26,239.87,0.5748502994011976,0.6707382052140309,0.600994265788728,-1,True,False,False,False,0.5369261477045908,0.576736848697738,0.5974319594209343,-1,False,False,False
2018-06-27,237.88,0.5508982035928144,0.6695457673869541,0.5898618075229695,-1,True,False,False,False,0.4630738522954092,0.5722794762898036,0.5675746022819287,-1,True,False,False
2018-06-28,239.24,0.5508982035928144,0.6683651946128831,0.5812032288718239,-1,True,False,False,False,0.5029940119760479,0.5695623992578916,0.553223359991733,-1,True,False,False
2018-06-29,239.59,0.5548902195608783,0.66723609038351,0.5753558934693915,-1,True,False,False,False,0.5109780439121756,0.5672649735580596,0.5438355119740536,-1,True,False,False
2018-07-02,240.1,0.5688622754491018,0.6662572464538143,0.5739128672426606,-1,True,False,False,False,0.5189620758483033,0.565370742275324,0.5383080817238868,-1,True,False,False
2018-07-03,239.25,0.5548902195608783,0.6651491168329892,0.5696856122022644,-1,True,False,False,False,0.5029940119760479,0.562924595989078,0.5304605106688115,-1,True,False,False
2018-07-05,241.2,0.5808383233532934,0.664310203465032,0.5721639924580486,-1,True,False,False,False,0.5528942115768463,0.5625312475807551,0.5354457775372636,-1,True,False,False
2018-07-06,243.24,0.6067864271457086,0.6637378275812577,0.5798578668330842,-1,True,False,False,False,0.5728542914171657,0.5629360728292419,0.5437587806216864,-1,True,False,False
2018-07-09,245.43,0.6127744510978044,0.6632307293077905,0.5871726633363553,-1,True,False,False,False,0.6606786427145709,0.5667691147855293,0.5697409721978829,1,False,False,False
2018-07-10,246.32,0.6367265469061876,0.6629670060998144,0.5981846374629847,-1,True,False,False,False,0.6846307385229541,0.5713911392458204,0.5952720313812321,1,False,False,False
2018-07-11,244.51,0.6127744510978044,0.6624675776918342,0.6014268182707224,-1,True,False,False,False,0.5968063872255489,0.5723878156371823,0.5956129993466358,1,False,False,False
2018-07-12,246.73,0.626746506986028,0.6621121441524729,0.6070534157630125,-1,True,False,False,False,0.6487025948103793,0.575380552075347,0.6074106872274676,1,False,False,False
2018-07-13,246.93,0.6207584830339321,0.661700664937363,0.6100989862676613,-1,True,False,False,False,0.654690618762475,0.5784907507689598,0.6179173386796915,1,False,False,False
2018-07-16,246.7,0.6207584830339321,0.6612932800428015,0.6124677633268326,-1,True,False,False,False,0.6287425149700598,0.5804614081886109,0.6203229334108844,1,False,False,False
2018-07-17,247.7,0.6407185628742516,0.6610885564888855,0.6187457187818146,-1,True,False,False,False,0.6626746506986028,0.5836854569144929,0.6297344261414886,1,False,False,False
2018-07-18,248.22,0.6467065868263473,0.660945452313139,0.624959245013933,-1,True,False,False,False,0.6826347305389222,0.5875658205860391,0.6414900493409182,1,False,False,False
2018-07-19,247.29,0.6506986027944112,0.6608434936114601,0.6306791022984837,-1,True,False,False,False,0.6666666666666666,0.5906678145499853,0.6470848531910846,1,False,False,False
2018-07-20,247.0,0.6207584830339321,0.6604446377848181,0.6284745202396944,-1,True,False,False,False,0.6467065868263473,0.5928654134627839,0.6470007939989207,1,False,False,False
2018-07-23,247.46,0.6067864271457086,0.6599107252411454,0.6236549439965865,-1,True,False,False,False,0.6387225548902196,0.5946637327344481,0.6451611853080983,1,False,False,False
2018-07-24,248.71,0.6207584830339321,0.6595211506918199,0.6230112860048855,-1,True,False,False,False,0.6307385229540918,0.5960784303901203,0.6419561492294302,1,False,False,False
2018-07-25,250.83,0.6487025948103793,0.6594135033696166,0.6287204657394396,-1,True,False,False,False,0.654690618762475,0.5983769475811931,0.6447860313478846,1,False,False,False
2018-07-26,250.24,0.654690618762475,0.6593665094929286,0.6344916108556697,-1,True,False,False,False,0.7085828343313373,0.602698747061591,0.6589630986775408,1,False,False,False
2018-07-27,248.54,0.6487025948103793,0.6592604008891222,0.6376496072900497,-1,True,False,False,False,0.6367265469061876,0.6040331705849086,0.6540216427283512,1,False,False,False
2018-07-30,247.24,0.6367265469061876,0.6590361834365557,0.6374444827603025,-1,True,False,False,False,0.5848303393213573,0.6032801183784948,0.6386457975267971,1,False,False,False
2018-07-31,248.46,0.6726546906187625,0.659171690970707,0.6452689733955158,-1,True,False,False,False,0.6107784431137725,0.6035741703288978,0.6324530521016805,1,False,False,False
2018-08-01,248.05,0.654690618762475,0.6591271031875405,0.6473626723659511,-1,True,False,False,False,0.5948103792415169,0.6032304922470397,0.6240880136883108,1,False,False,False
2018-08-02,249.4,0.6646706586826348,0.6591822629437106,0.6512088915474364,-1,True,False,False,False,0.6307385229540918,0.6043092385492771,0.6255659046362622,1,False,False,False
2018-08-03,250.47,0.6806387225548902,0.6593957600542696,0.6577488539935372,-1,True,False,False,False,0.6427145708582834,0.6058153300123754,0.6293767193522669,1,False,False,False
2018-08-06,251.39,0.6806387225548902,0.6596071328154698,0.6628354914516157,-1,False,False,False,False,0.6646706586826348,0.6081233821170915,0.6372198169812375,1,False,False,False
2018-08-07,252.22,0.6846307385229541,0.6598561239170369,0.6676788796896909,-1,False,False,False,False,0.7145708582834331,0.6122977929471441,0.6544089372706143,1,False,False,False
2018-08-08,252.11,0.6826347305389222,0.6600827767192446,0.6710024021006312,-1,False,False,False,False,0.6926147704590818,0.6154474783397691,0.6628991224236072,1,False,False,False
2018-08-09,251.77,0.6746506986027944,0.6602277311658472,0.6718131346566675,-1,False,False,False,False,0.688622754491018,0.6183170970123671,0.6686154851052539,1,False,False,False
2018-08-10,250.08,0.656686626746507,0.6601924962960031,0.6684516884544096,-1,False,False,False,False,0.6327345309381237,0.6188824865780831,0.6606419397347806,1,False,False,False
2018-08-13,249.14,0.6506986027944112,0.6600980296939972,0.6645065583077433,-1,False,False,False,False,0.6047904191616766,0.6183298564833221,0.6482304907185352,1,False,False,False
2018-08-14,250.73,0.6646706586826348,0.6601435284899041,0.6645430250577192,-1,False,False,False,False,0.6407185628742516,0.6192078449692409,0.6465611734198055,1,False,False,False
2018-08-15,248.86,0.6506986027944112,0.66004954912975,0.661466486776984,-1,False,False,False,False,0.5868263473053892,0.6179379823157566,0.6332867676166019,-1,False,False,False
2018-08-16,250.87,0.6726546906187625,0.6601749734231731,0.6639527542973793,-1,False,False,False,False,0.6367265469061876,0.6186747887702834,0.6340511630142875,-1,False,False,False
2018-08-17,251.76,0.6726546906187625,0.6602991497136765,0.6658865179243534,-1,False,False,False,False,0.6626746506986028,0.6204002735517861,0.6404119380552464,1,False,False,False
2018-08-20,252.3,0.6806387225548902,0.6605015335230419,0.6691647856200282,-1,False,False,False,False,0.6726546906187625,0.622449466377942,0.6475769941804722,1,False,False,False
2018-08-21,252.89,0.6846307385229541,0.6607416251150808,0.6726016640429007,-1,False,False,False,False,0.7045908183632734,0.6256706958675629,0.6602467328877614,1,False,False,False
2018-08-22,252.74,0.6846307385229541,0.6609793277360547,0.6752747917051347,-1,False,False,False,False,0.6986027944111777,0.628530778163391,0.6687703021151873,1,False,False,False
2018-08-23,252.4,0.6686626746506986,0.6610557789491357,0.6738054323597045,-1,False,False,False,False,0.6726546906187625,0.6302611276714447,0.6696334995604263,1,False,False,False
2018-08-24,253.92,0.6766467065868264,0.661210912557471,0.6744368266323982,-1,False,False,False,False,0.6966067864271457,0.632862918210884,0.6756275633085861,1,False,False,False
2018-08-27,255.93,0.6986027944111777,0.6615829710833786,0.6798070416943492,-1,False,False,False,False,0.7405189620758483,0.6370847238526474,0.6900478741457554,1,False,False,False
2018-08-28,256.05,0.6986027944111777,0.6619513275344016,0.6839838756314223,-1,False,False,False,False,0.7365269461077845,0.6409844188430449,0.7003765568039841,1,False,False,False
2018-08-29,257.43,0.7125748502994012,0.6624550441788295,0.6903374255576398,-1,False,False,False,False,0.7604790419161677,0.6456704824929713,0.7137326646066916,1,False,False,False
2018-08-30,256.38,0.688622754491018,0.6627154194058165,0.689956387542835,-1,False,False,False,False,0.7045908183632734,0.6479810838996498,0.7117011432192654,1,False,False,False
2018-08-31,256.39,0.6906187624750499,0.6629930646104855,0.6901035819722161,-1,False,False,False,False,0.7125748502994012,0.6505141727780714,0.7118953003481844,1,False,False,False
2018-09-04,255.95,0.6786427145708582,0.6631487825205389,0.6875567225496921,-1,False,False,False,False,0.688622754491018,0.652008626962893,0.7067236234910363,1,False,False,False
2018-09-05,255.26,0.6826347305389222,0.6633426725505726,0.6864629465472988,-1,False,False,False,False,0.7045908183632734,0.6540706736844765,0.7062496667959779,1,False,False,False
2018-09-06,254.49,0.6766467065868264,0.6634750509986945,0.684281559889416,-1,False,False,False,False,0.688622754491018,0.6554256572455174,0.7023325751726535,1,False,False,False
2018-09-07,254.0,0.6766467065868264,0.6636061122483277,0.6825849258221738,-1,False,False,False,False,0.6746506986027944,0.6561795804359989,0.6961810470460181,1,False,False,False
2018-09-10,254.44,0.6666666666666666,0.663636565526122,0.6790475348987277,-1,False,False,False,False,0.6946107784431138,0.6576866862401994,0.695832098467595,1,False,False,False
2018-09-11,255.28,0.6666666666666666,0.6636667157862269,0.6762962308471586,-1,False,False,False,False,0.6866267465069861,0.6588215905643872,0.6937864646985707,1,False,False,False
2018-09-12,255.34,0.6666666666666666,0.6636965660437437,0.6741563276959381,-1,False,False,False,False,0.6906187624750499,0.6600685384824523,0.6930825308711217,1,False,False,False
2018-09-13,256.85,0.6846307385229541,0.6639048662674175,0.6764839745463861,-1,False,False,False,False,0.7045908183632734,0.6618145102424845,0.6956399280915998,1,False,False,False
2018-09-14,256.9,0.6866267465069861,0.6641309546280103,0.6787379238709639,-1,False,False,False,False,0.7045908183632734,0.6634920125217312,0.6976290148186384,1,False,False,False
2018-09-17,255.54,0.6786427145708582,0.6642753502493322,0.6787167662487181,-1,False,False,False,False,0.6786427145708582,0.6640861577001284,0.6934098369857983,1,False,False,False
2018-09-18,256.92,0.7045908183632734,0.6646764991857893,0.6844665556075081,-1,False,False,False,False,0.6806387225548902,0.6647352778905111,0.6905718115567077,1,False,False,False
2018-09-19,257.2,0.7125748502994012,0.6651530996943825,0.6907128433168177,-1,False,False,False,False,0.6806387225548902,0.6653589423871534,0.6883644584451927,1,False,False,False
2018-09-20,259.28,0.7345309381237525,0.6658434264449236,0.7004501977183588,-1,False,False,False,False,0.716566866267465,0.6673670962648127,0.6946316601834754,1,False,False,False
2018-09-21,259.04,0.7325349301397206,0.6665070234966131,0.7075801382564393,-1,False,False,False,False,0.720558882235529,0.6694530486558212,0.7003932650839317,1,False,True,False
2018-09-24,258.18,0.7025948103792415,0.6668661059531567,0.706472287617062,-1,False,False,False,False,0.6367265469061876,0.6681696564303454,0.6862451054888774,-1,False,False,False
2018-09-25,257.94,0.688622754491018,0.66708259001821,0.7025057247001634,-1,False,False,False,False,0.6007984031936128,0.6655276464994931,0.667256949423263,-1,False,False,False
2018-09-26,257.17,0.6526946107784432,0.666939426045675,0.6914365882731144,-1,False,False,False,False,0.5608782435129741,0.6614237483431591,0.6436172369987543,-1,True,False,False
2018-09-27,257.89,0.654690618762475,0.6668175473662402,0.68327081727075,-1,False,False,False,False,0.5588822355289421,0.6574025125465232,0.6247872366721294,-1,True,False,False
2018-09-28,257.92,0.6626746506986028,0.666776324513826,0.6786938913658285,-1,False,False,False,False,0.5808383233532934,0.6543999953232592,0.6150208114901659,-1,True,False,False
2018-10-01,258.81,0.6666666666666666,0.6667752333909687,0.6760211747660148,-1,False,False,False,False,0.5728542914171657,0.6512021245818438,0.6056504736961659,-1,True,False,False
2018-10-02,258.66,0.6646706586826348,0.6667542923490947,0.673498837858597,-1,False,False,False,False,0.562874251497006,0.6477382864216541,0.596144646540797,-1,True,False,False
2018-10-03,258.8,0.6726546906187625,0.6668130027796387,0.6733112495830782,-1,False,False,False,False,0.5369261477045908,0.6433927123543184,0.5829849801327512,-1,True,False,False
2018-10-04,256.78,0.6666666666666666,0.6668115466989126,0.6718346756016534,-1,False,False,False,False,0.48902195608782434,0.6373389572066127,0.5621043081227675,-1,True,False,False
2018-10-05,255.34,0.6407185628742516,0.6665519150190652,0.6649199838844531,-1,True,False,False,False,0.47105788423153694,0.6308181308154333,0.5418717694802718,-1,True,False,False
2018-10-08,255.34,0.656686626746507,0.6664537529467015,0.6630903489649095,-1,True,False,False,False,0.4630738522954092,0.624239923814648,0.524361121216969,-1,True,False,False
2018-10-09,254.97,0.6367265469061876,0.6661579598517711,0.6572317262851934,-1,True,False,False,False,0.4411177644710579,0.617058662663919,0.5058625974956554,-1,True,False,False
2018-10-10,246.9,0.5249500998003992,0.6647529065179266,0.6278358092885725,-1,True,False,False,False,0.21357285429141717,0.6012356897865659,0.44090932122804694,-1,True,False,False
2018-10-11,241.46,0.4251497005988024,0.6623687950162438,0.582794451801957,-1,True,False,False,False,0.09580838323353294,0.5814150110982118,0.3642202238959327,-1,True,False,False
2018-10-12,244.81,0.47904191616766467,0.6605446469679993,0.5597383327721143,-1,True,False,False,False,0.12375249500998003,0.563467461447693,0.31078295081016544,-1,True,False,False
2018-10-15,243.44,0.47704590818363274,0.6587187888706425,0.5413622384191183,-1,True,False,False,False,0.12375249500998003,0.546223737273665,0.26922062729901314,-1,True,False,False
2018-10-16,248.76,0.5389221556886228,0.6575267825703239,0.5408199978123416,-1,True,False,False,False,0.25748502994011974,0.5349006507115652,0.26661271677481463,-1,True,False,False
2018-10-17,248.8,0.5369261477045908,0.656326776253252,0.539954697788397,-1,True,False,False,False,0.24550898203592814,0.5235519578223246,0.26192299794395096,-1,True,False,False
2018-10-18,245.21,0.49700598802395207,0.6547414947783337,0.5304105400629648,-1,True,False,False,False,0.21357285429141717,0.5113959145466027,0.2511785215767212,-1,True,False,False
2018-10-19,245.08,0.48902195608782434,0.6530925441445973,0.5212130769573781,-1,True,False,False,False,0.2155688622754491,0.4997948536732242,0.2432652639542163,-1,True,False,False
2018-10-22,243.98,0.47904191616766467,0.6513606971000507,0.5118417078929973,-1,True,False,False,False,0.18562874251497005,0.48747461401995934,0.23045714807882822,-1,True,False,False
2018-10-23,242.74,0.4550898203592814,0.6494077530528789,0.49923017732994934,-1,True,False,False,False,0.16966067864271456,0.475011322436538,0.21694682153746964,-1,True,False,False
2018-10-24,235.38,0.3712574850299401,0.6466400886944418,0.4707918012632806,-1,True,False,False,False,0.13373253493013973,0.461627840573542,0.19845475784695188,-1,True,False,False
2018-10-25,239.6,0.4091816367265469,0.6442773180280946,0.45710065358845087,-1,True,False,False,False,0.16167664670658682,0.4498650486571908,0.19028184426020409,-1,True,False,False
2018-10-26,235.39,0.37924151696606784,0.6416401458782237,0.4397986232279213,-1,True,False,False,False,0.10179640718562874,0.4362152980112472,0.17061841379918732,-1,True,False,False
2018-10-29,234.09,0.3652694610778443,0.6388901888155334,0.42323658719457086,-1,True,False,False,False,0.15169660678642716,0.4250577022769405,0.16641356779635172,-1,True,False,False
2018-10-30,237.55,0.4171656686626746,0.6366839746846592,0.4218874941874828,-1,True,False,False,False,0.18762475049900199,0.41574660612878606,0.17112716395249622,-1,True,False,False
2018-10-31,240.09,0.4431137724550898,0.6347579030206834,0.42660444491361765,-1,True,False,False,False,0.1996007984031936,0.4072702999434687,0.17745463827487343,-1,True,False,False
2018-11-01,242.65,0.46506986027944114,0.6330694647844521,0.43515231499491175,-1,True,False,False,False,0.23952095808383234,0.4006918943803457,0.1912471537879754,-1,True,False,False
2018-11-02,241.21,0.46506986027944114,0.631397826928681,0.4418006583914738,-1,True,False,False,False,0.21157684630738524,0.3932756179853277,0.19576486323673314,-1,True,False,False
2018-11-05,242.54,0.46706586826347307,0.6297626830613655,0.4474151494741403,-1,True,False,False,False,0.26746506986027946,0.3883418710000317,0.2116982424864101,-1,True,False,False
2018-11-06,244.08,0.48902195608782434,0.6283622778178477,0.4566611064994034,-1,True,False,False,False,0.33532934131736525,0.3862629482673781,0.23917182000440013,-1,True,False,False
2018-11-07,249.3,0.5349301397205589,0.6274326048019543,0.4740542249929935,-1,True,False,False,False,0.47704590818363274,0.3898230643425254,0.292032728488674,1,False,False,False
2018-11-08,248.85,0.5409181636726547,0.6265717645917125,0.48891287803291816,-1,True,False,False,False,0.49700598802395207,0.39402631625160095,0.3375823417187358,1,False,False,False
2018-11-09,246.42,0.5189620758483033,0.6255010214201363,0.49559047754744817,-1,True,False,False,False,0.44510978043912175,0.39602958935699395,0.3614773281010438,1,False,False,False
2018-11-12,241.81,0.4630738522954092,0.6238848306825769,0.48836456082477286,-1,True,False,False,False,0.3473053892215569,0.3941188364105062,0.35832800835004675,-1,True,False,False
2018-11-13,241.36,0.4590818363273453,0.6222449998929727,0.4818572887142334,-1,True,False,False,False,0.35728542914171657,0.3926743890666321,0.3580963240815289,-1,True,False,False
2018-11-14,239.71,0.4351297405189621,0.6203831565161169,0.4714733891152842,-1,True,False,False,False,0.3213572854291417,0.38987763990437757,0.3499320932698873,-1,True,False,False
2018-11-15,242.21,0.47105788423153694,0.6188973329112952,0.4713810546966737,-1,True,False,False,False,0.36127744510978044,0.38875606363792276,0.3524532825676413,-1,True,False,False
2018-11-16,242.84,0.4810379241516966,0.617525597500752,0.4735270256866788,-1,True,False,False,False,0.405189620758483,0.38940051685833693,0.3641724688322728,-1,True,False,False
2018-11-19,238.73,0.437125748502994,0.61573057412764,0.4654378529791933,-1,True,False,False,False,0.3393213572854291,0.3874366282476347,0.35864999959964083,-1,True,False,False
2018-11-20,234.32,0.3772455089820359,0.6133575884047981,0.44583955431315836,-1,True,False,False,False,0.2714570858283433,0.3828884108978586,0.3392737965393525,-1,True,False,False
2018-11-21,235.12,0.3852295409181637,0.6110876575840356,0.43237066244760397,-1,True,False,False,False,0.2834331337325349,0.3789882039501989,0.32686476036005974,-1,True,False,False
2018-11-23,233.54,0.3972055888223553,0.6089594777953622,0.42455620164199315,-1,True,False,False,False,0.2894211576846307,0.37547577076331384,0.31854395976551997,-1,True,False,False
2018-11-26,237.32,0.437125748502994,0.6072496894441944,0.4273494342777711,-1,True,False,False,False,0.34930139720558884,0.3744493247414423,0.32537894586331306,-1,True,False,False
2018-11-27,238.11,0.4231536926147705,0.6054178884807176,0.4264170472415487,-1,True,False,False,False,0.3592814371257485,0.37385450561925826,0.3329128328105209,-1,True,False,False
2018-11-28,243.6,0.5029940119760479,0.6043987454309199,0.44343415051588186,-1,True,False,False,False,0.49700598802395207,0.37868397551748156,0.3693779784135056,1,False,False,False
2018-11-29,243.06,0.49101796407185627,0.6032705784522228,0.4540083313060984,-1,True,False,False,False,0.48303393213572854,0.3827761306789815,0.39463485701844403,1,False,False,False
2018-11-30,244.55,0.5089820359281437,0.6023323839992469,0.46622471011099736,-1,True,False,False,False,0.5508982035928144,0.3893691531461906,0.4293600451460819,1,False,False,False
2018-12-03,247.78,0.5369261477045908,0.6016815756779071,0.48193614068735147,-1,True,False,False,False,0.6387225548902196,0.3991477179204662,0.47588504731144576,1,False,True,False
2018-12-04,239.75,0.4291417165668663,0.5999647611593893,0.4702040464383548,-1,True,False,False,False,0.3932135728542914,0.3989150063492437,0.4575136085431893,1,False,False,False
2018-12-06,239.39,0.4151696606786427,0.5981260039406755,0.4579741829361965,-1,True,False,False,False,0.4031936127744511,0.3990827948365067,0.4454424983723586,1,False,False,False
2018-12-07,233.83,0.36726546906187624,0.5958288841906377,0.43781669096412534,-1,True,False,False,False,0.26147704590818366,0.3936864909569647,0.4045612867136531,-1,False,False,False
2018-12-10,234.27,0.3772455089820359,0.5936539252333382,0.4243564283014388,-1,True,False,False,False,0.27944111776447106,0.38920628024353354,0.376756804724946,-1,True,False,False
2018-12-11,234.33,0.3712574850299401,0.5914410253308168,0.4125566631299946,-1,True,False,False,False,0.2994011976047904,0.38568451229691614,0.35956666980935587,-1,True,False,False
2018-12-12,235.51,0.38922155688622756,0.5894288913164427,0.40737108396471305,-1,True,False,False,False,0.3473053892215569,0.38417944864690207,0.356841940789845,-1,True,False,False
2018-12-13,235.43,0.37924151696606784,0.58733747465624,0.4011200690761252,-1,True,False,False,False,0.3213572854291417,0.38171583440306833,0.3489564618207998,-1,True,False,False
2018-12-14,231.08,0.34331337325349304,0.58490937414477,0.3882741366710958,-1,True,False,False,False,0.25149700598802394,0.37660921368090977,0.3272988049690718,-1,True,False,False
2018-12-17,226.55,0.2754491017964072,0.5818301674547365,0.36320190669894276,-1,True,False,False,False,0.1536926147704591,0.3678673862726568,0.28871965159160234,-1,True,False,False
2018-12-18,226.3,0.2754491017964072,0.5787815996372407,0.3437012833872682,-1,True,False,False,False,0.1437125748502994,0.35907700151099575,0.2564958567602017,-1,True,False,False
2018-12-19,222.91,0.24151696606786427,0.5754257326365504,0.32099365731628954,-1,True,False,False,False,0.12574850299401197,0.3499268643142513,0.22744088925660397,-1,True,False,False
2018-12-20,219.28,0.18762475049900199,0.5715670163963759,0.2913561224680034,-1,True,False,False,False,0.09381237524950099,0.3398831588607317,0.1977456639216922,-1,True,False,False
2018-12-21,214.79,0.16367265469061876,0.5675083660311445,0.2629820185174735,-1,True,False,False,False,0.06187624750499002,0.32898092704285953,0.16755246027353615,-1,True,False,False
2018-12-24,209.11,0.10578842315369262,0.5629141377438067,0.2280501084366333,-1,True,False,False,False,0.011976047904191617,0.31654936315506865,0.13297992419145957,-1,True,False,False
2018-12-26,219.68,0.17564870259481039,0.559060750329389,0.21640535158289487,-1,True,False,False,False,0.05189620758483034,0.3061708080346672,0.11496132050109752,-1,True,False,False
2018-12-27,221.36,0.20958083832335328,0.5555833382696274,0.21488879308077452,-1,True,False,False,False,0.09381237524950099,0.29784302635681753,0.11026155488963163,-1,True,False,False
2018-12-28,221.08,0.20758483033932135,0.5521206665489278,0.2132656902493405,-1,True,False,False,False,0.09181636726546906,0.28976354952970584,0.10616262430648439,-1,True,False,False
2018-12-31,223.01,0.22954091816367264,0.5489109178087761,0.21688240756363653,-1,True,False,False,False,0.13373253493013973,0.28364468621207584,0.11228927111174113,-1,True,False,False
2019-01-02,223.25,0.18762475049900199,0.545316030571863,0.21038070599371772,-1,True,False,False,False,0.08582834331337326,0.2758871825689895,0.10640906493432604,-1,True,False,False
2019-01-03,217.92,0.1536926147704591,0.5414192801658788,0.19778335238854913,-1,True,False,False,True,0.041916167664670656,0.2667118486511731,0.09207730998551374,-1,True,False,False
2019-01-04,225.22,0.22554890219560877,0.5382762913303537,0.20395347456789573,-1,True,False,False,False,0.14770459081836326,0.2620448973636119,0.10443892794836918,-1,True,False,False
2019-01-07,226.99,0.24750499001996007,0.5353830445511458,0.21363158911279892,-1,True,False,False,False,0.1936127744510978,0.25936128470037606,0.12425533828230886,-1,True,False,True
2019-01-08,229.13,0.2834331337325349,0.5328760802643936,0.22914304347274025,-1,True,False,False,False,0.27944111776447106,0.2601487291342621,0.15874106705612268,-1,True,False,False
2019-01-09,230.2,0.3013972055888224,0.5305728078795621,0.24519952394298072,-1,True,False,False,False,0.3313373253493014,0.26294043878975387,0.1970957911212735,1,False,False,False
2019-01-10,231.01,0.3213572854291417,0.5284910613875181,0.2621234709399054,-1,True,False,False,False,0.41916167664670656,0.2690667618429677,0.24644376568248086,1,False,False,False
2019-01-11,231.1,0.32335329341317365,0.5264498895668779,0.2757300981561872,-1,True,False,False,False,0.405189620758483,0.27440491317298793,0.2817206223660369,1,False,False,False
2019-01-14,229.69,0.3033932135728543,0.524230420154002,0.28187745713766876,-1,True,False,False,False,0.36726546906187624,0.27804650360000316,0.3007305882984456,1,False,False,False
2019-01-15,232.32,0.32934131736526945,0.5222912251013778,0.29242498163269115,-1,True,False,False,False,0.4431137724550898,0.2845197298296144,0.332371295888811,1,False,False,False
2019-01-16,232.88,0.34331337325349304,0.5205103509536377,0.30373351310398045,-1,True,False,False,False,0.4530938123752495,0.2911304781647373,0.3591985217746862,1,False,False,False
2019-01-17,234.65,0.37325349301397204,0.5190451085860789,0.31918239752842303,-1,True,False,False,False,0.5489021956087824,0.3012391729664646,0.4013548937378187,1,False,False,False
2019-01-18,237.77,0.42714570858283435,0.5181306866954993,0.34317424442940336,-1,True,False,False,False,0.6986027944111777,0.3168220600819435,0.46740998277634294,1,False,False,False
2019-01-22,234.56,0.37325349301397204,0.5166891225792652,0.34985852189264083,-1,True,False,False,False,0.6067864271457086,0.3281932117315029,0.49838252596953536,1,False,False,False
2019-01-23,235.05,0.3812375249500998,0.5153413454884278,0.35683163368318727,-1,True,False,False,False,0.6147704590818364,0.3394315351570062,0.5242465111056023,1,False,False,False
2019-01-24,235.18,0.3872255489021956,0.5140665614427937,0.3635858370651891,-1,True,False,False,False,0.6526946107784432,0.3517163616519645,0.5527905332551224,1,False,False,False
2019-01-25,237.17,0.4251497005988024,0.5131818165587739,0.3772666956282143,-1,True,False,False,False,0.7105788423153693,0.36578940010935296,0.5878546019351772,1,False,False,False
2019-01-28,235.36,0.4091816367265469,0.5121469888987519,0.38435890476117707,-1,True,False,False,False,0.6826347305389222,0.37821470718502237,0.6089168527360095,1,False,False,False
2019-01-29,235.05,0.40718562874251496,0.5111025972554062,0.38943151009036325,-1,True,False,False,False,0.7005988023952096,0.39085722072267676,0.6292906193269429,1,False,False,False
2019-01-30,238.77,0.4590818363273453,0.5105849777436842,0.40490936036524816,-1,True,False,False,False,0.7724550898203593,0.40582184304023294,0.6611049461032577,1,False,False,False
2019-01-31,240.87,0.4750499001996008,0.510231394882549,0.4204961469951043,-1,True,False,False,False,0.812375249500998,0.4217651138818316,0.6947205690805334,1,False,False,False
2019-02-01,240.99,0.49500998003992014,0.5100799380184433,0.4370547765606189,-1,True,False,True,False,0.8343313373253493,0.4379441814678519,0.7257451842460481,1,False,False,False
2019-02-04,242.68,0.5249500998003992,0.5102278998272191,0.45658707061390347,-1,True,False,False,False,0.8483033932135728,0.4540366995755272,0.7529803417943869,1,False,False,False
2019-02-05,243.7,0.5528942115768463,0.5106524402426382,0.47798865749455743,-1,True,False,False,False,0.8502994011976048,0.46957641336462835,0.7746067994395465,1,False,False,False
2019-02-06,243.38,0.5588822355289421,0.5111323387031984,0.49596500816886513,-1,True,False,False,False,0.8423153692614771,0.4841936273213675,0.7896531482888643,1,False,False,False
2019-02-07,241.06,0.5189620758483033,0.5112102465354881,0.5010754676531848,-1,True,False,False,False,0.810379241516966,0.4969852200349204,0.794258946783998,1,False,False,False
2019-02-08,241.35,0.5209580838323353,0.5113072399414269,0.5054938268041071,-1,True,False,False,False,0.810379241516966,0.5092751816616673,0.7978412345024353,1,False,False,False
2019-02-11,241.49,0.530938123752495,0.5115025721186515,0.51114811501486,-1,True,False,False,False,0.810379241516966,0.5210831840089339,0.8006274582834421,1,False,False,False
2019-02-12,244.59,0.5888223552894212,0.5122719231949776,0.5284090572980958,-1,False,False,False,False,0.8602794411177644,0.5343849980132018,0.813883454468847,1,False,False,False
2019-02-13,245.38,0.6067864271457086,0.513212366020358,0.5458262505975654,-1,False,False,False,False,0.8782435129740519,0.5478696456587253,0.8281856896922258,1,False,False,False
2019-02-14,244.84,0.5948103792415169,0.5140242865499218,0.5567116125184435,-1,False,False,False,False,0.8702594810379242,0.5605123843010469,0.837535421102381,1,False,False,False
2019-02-15,247.51,0.6347305389221557,0.5152253437874565,0.5740491517192684,1,False,False,False,False,0.8962075848303394,0.5736769019688622,0.850573679708594,1,False,False,False
2019-02-19,247.94,0.6387225548902196,0.5164541717586283,0.5884210190905909,1,False,False,False,False,0.8982035928143712,0.5864034388647645,0.8611581048432111,1,False,False,False
2019-02-20,248.44,0.6606786427145709,0.517889241121374,0.6044782687848086,1,False,False,False,False,0.908183632734531,0.5990222699969122,0.8716082221523933,1,False,False,False
2019-02-21,247.55,0.6447105788423154,0.5191511449792939,0.6134187821309212,1,False,False,False,False,0.8922155688622755,0.610520046423005,0.8761876325323672,1,False,False,False
2019-02-22,249.09,0.654690618762475,0.5204997964597236,0.6225903013823776,1,False,False,False,False,0.906187624750499,0.62211485341624,0.8828542974697298,1,False,False,False
2019-02-25,249.43,0.6526946107784432,0.521815167746477,0.6292801479148367,1,False,False,False,False,0.9001996007984032,0.6330201376273052,0.8867088093205461,1,False,False,False
2019-02-26,249.25,0.6487025948103793,0.5230777292097994,0.6335962472249572,1,False,False,False,False,0.8942115768463074,0.6432629391653054,0.8883760909929375,1,False,False,False
2019-02-27,249.14,0.6526946107784432,0.5243674494244128,0.6378403280146208,1,False,False,False,False,0.8942115768463074,0.6531040622116193,0.8896728656270196,1,False,False,False
2019-02-28,248.68,0.6506986027944112,0.5256244758261044,0.6406977224101298,1,False,False,False,False,0.8822355289421158,0.6620896099265408,0.8880201241414853,1,False,False,False
2019-03-01,250.23,0.6526946107784432,0.5268888552783665,0.6433636976030883,1,False,False,False,False,0.8882235528942116,0.6709576076899788,0.88806533053098,1,False,False,False
2019-03-04,249.32,0.6467065868263473,0.5280810715126748,0.6441065618749237,1,False,False,False,False,0.8822355289421158,0.6792430163665333,0.8867698190667879,1,False,False,False
2019-03-05,248.98,0.6367265469061876,0.5291621210190779,0.6424665585485378,1,False,False,False,False,0.8702594810379242,0.6867338581183525,0.8831008550603737,1,False,False,False
2019-03-06,247.47,0.6167664670658682,0.5300338060543694,0.6367554271079446,1,False,False,False,False,0.8343313373253493,0.6925219945578426,0.8722631844525905,1,False,False,False
2019-03-07,245.4,0.592814371257485,0.5306584882951965,0.6269907480300647,1,False,False,False,False,0.8043912175648703,0.6969090229110594,0.8571805251442083,1,False,False,False
2019-03-08,244.91,0.5888223552894212,0.5312372332404127,0.6185088829765883,1,False,False,False,False,0.7584830339321357,0.6993236900099251,0.8352477493193032,1,False,False,False
2019-03-11,248.46,0.624750499001996,0.5321677134967469,0.6198959087600123,1,False,False,False,False,0.8203592814371258,0.704070183791384,0.8319392009010416,1,False,False,False
2019-03-12,249.4,0.6207584830339321,0.5330492136911468,0.6200875919319945,1,False,False,False,False,0.8263473053892215,0.7088653650305149,0.8306965574539704,1,False,False,False
2019-03-13,251.05,0.624750499001996,0.5339616642912547,0.621123793503106,1,False,False,False,False,0.8383233532934131,0.7139421488839619,0.8323914009738467,1,False,False,False
2019-03-14,250.89,0.624750499001996,0.5348650357809138,0.6219297280584148,1,False,False,False,False,0.8183632734530938,0.7180370949454965,0.8292740393025683,1,False,False,False
2019-03-15,252.13,0.6347305389221557,0.5358587223793342,0.6247743526948016,1,False,False,False,False,0.8023952095808383,0.7213452563037452,0.8233009660310728,1,False,False,False
2019-03-18,253.04,0.654690618762475,0.5370411293085197,0.6314224118209513,1,False,False,False,False,0.8003992015968064,0.7244454110211203,0.8182116850456803,1,False,False,False
2019-03-19,253.11,0.6387225548902196,0.5380528847869446,0.6330446658363442,1,False,False,False,False,0.7944111776447106,0.7271891665749866,0.8129226834010204,1,False,False,False
2019-03-20,252.34,0.6127744510978044,0.538796382959192,0.6285401736722243,1,False,False,False,False,0.7425149700598802,0.7277901784763549,0.797276524880767,1,False,False,False
2019-03-21,255.19,0.654690618762475,0.5399495594348465,0.63435138369228,1,False,False,False,False,0.780439121756487,0.729854842918713,0.7935348797420381,1,False,False,False
2019-03-22,250.28,0.5948103792415169,0.5404954382388929,0.6255644938143327,1,False,False,False,False,0.6626746506986028,0.727220325576748,0.7644548288434969,-1,False,False,False
2019-03-25,250.1,0.5948103792415169,0.5410358854130484,0.6187302461314848,1,False,False,False,False,0.656686626746507,0.7244542981716405,0.7405063394886103,-1,False,False,False
2019-03-26,251.96,0.6147704590818364,0.5417695627629866,0.6178502934537852,1,False,False,False,False,0.688622754491018,0.7230491395959299,0.7289766539335898,-1,False,False,False
2019-03-27,250.64,0.6067864271457086,0.542416496736944,0.6153916564964348,1,False,False,False,False,0.6606786427145709,0.7206032377574452,0.7137993181071411,-1,True,False,False
2019-03-28,251.59,0.6167664670658682,0.5431562974367344,0.6156971699563089,1,False,False,False,False,0.6766467065868264,0.7188794522213425,0.7055431822137378,-1,True,False,False
2019-03-29,253.18,0.6387225548902196,0.5441072054710975,0.6208139221638446,1,False,False,False,False,0.7245508982035929,0.7191018618677053,0.7097671191003723,-1,True,False,False
2019-04-01,256.18,0.6926147704590818,0.5455848926849083,0.6367696662294529,1,False,False,False,False,0.7944111776447106,0.7220551683687643,0.728576909888003,1,False,False,False
2019-04-02,256.31,0.6926147704590818,0.5470478765433577,0.6491796893915927,1,False,False,False,False,0.7884231536926147,0.7246578344598957,0.7418760751779168,1,False,False,False
2019-04-03,256.71,0.6966067864271457,0.5485360249004103,0.6597190442883821,1,False,False,False,False,0.780439121756487,0.7268453359225072,0.7504456410842657,1,False,False,False
2019-04-04,257.39,0.7045908183632734,0.5500888089149661,0.669690549638358,1,False,False,False,False,0.7904191616766467,0.7293384271285519,0.7593286456603504,1,False,False,False
2019-04-05,258.64,0.7245508982035929,0.5518247501019177,0.6818817382084101,1,False,False,False,False,0.8203592814371258,0.7329078723955549,0.7728910091663004,1,False,False,False
2019-04-08,258.83,0.7285429141716567,0.553583139794154,0.692250888422465,1,False,False,False,False,0.8083832335329342,0.7358676904793737,0.7807781701366634,1,False,False,False
2019-04-09,257.51,0.7045908183632734,0.5550857037600159,0.694993095075978,1,False,False,False,False,0.7764471057884231,0.7374590400993365,0.7798157113926101,1,False,False,False
2019-04-10,258.39,0.718562874251497,0.556712342272369,0.7002308237816489,1,False,False,False,False,0.7924151696606786,0.7396141824350755,0.7826155910077364,1,False,False,False
2019-04-11,258.31,0.7285429141716567,0.5584220992066903,0.7065223994238728,1,False,False,False,False,0.7964071856287425,0.7418413590309055,0.7856803898124044,1,False,False,False
2019-04-12,260.06,0.7445109780439122,0.5602737298418865,0.7149643057838816,1,False,False,False,False,0.8143712574850299,0.7446856687742045,0.792056138184099,1,False,False,False
2019-04-15,259.89,0.7305389221556886,0.5619679108599344,0.7184253316442831,1,False,False,False,False,0.7944111776447106,0.7466356887299106,0.7925794802864572,1,False,False,False
2019-04-16,260.06,0.7325349301397206,0.5636650951313751,0.7215607979766026,1,False,False,False,False,0.7524950099800399,0.7468654660338372,0.7836718202183645,1,False,True,False
2019-04-17,259.43,0.720558882235529,0.5652262273413666,0.7213381500341417,1,False,False,False,False,0.6946107784431138,0.7448162625989069,0.763880477601642,-1,False,False,False
2019-04-18,259.94,0.7365269461077845,0.5669307121052116,0.7247134380505068,1,False,False,False,False,0.6926147704590818,0.7427691452600902,0.7480436537921842,-1,False,False,False
2019-04-22,260.16,0.7265469061876247,0.5685189329418526,0.7251208754143108,1,False,False,False,False,0.6786427145708582,0.7402543832722772,0.7326212228541117,-1,True,False,False
2019-04-23,262.5,0.7485029940119761,0.5703098191216549,0.7303169017693475,1,False,False,False,False,0.7305389221556886,0.739873384797117,0.7321584893655732,-1,True,False,False
2019-04-24,261.92,0.7485029940119761,0.572082885538474,0.7343582556010427,1,False,False,False,False,0.7365269461077845,0.7397421519073393,0.733129257530509,-1,True,False,False
2019-04-25,261.76,0.7325349301397206,0.5736794232957003,0.7339530721651935,1,False,False,False,False,0.7045908183632734,0.7383636682389445,0.7267873821600122,-1,True,False,False
2019-04-26,262.97,0.7305389221556886,0.5752402143291331,0.7331943721630813,1,False,False,False,False,0.7105788423153693,0.7372740672223338,0.7231854844167582,-1,True,False,False
2019-04-29,263.39,0.7365269461077845,0.5768450574314082,0.7339349441507931,1,False,False,False,False,0.7085828343313373,0.7361489208344516,0.7199404510644425,-1,True,False,False
2019-04-30,263.52,0.7425149700598802,0.5784935142734826,0.7358416165750346,1,False,False,False,False,0.7385229540918163,0.7362420201778778,0.7240698961816366,-1,True,False,False
2019-05-01,261.54,0.7245508982035929,0.5799468215762698,0.7333325680480476,1,False,False,False,False,0.6846307385229541,0.734218048348273,0.7153056389241517,-1,True,False,False
2019-05-02,260.98,0.716566866267465,0.5813062250060329,0.7296068565412515,1,False,False,False,False,0.6806387225548902,0.7321168983171599,0.7076018797309824,-1,True,False,False
2019-05-03,263.53,0.7385229540918163,0.5828705705690755,0.7315882115524881,1,False,False,False,False,0.7385229540918163,0.7323681161906759,0.7144732295889455,-1,True,False,False
2019-05-06,262.45,0.7285429141716567,0.5843200466248226,0.7309114788011922,1,False,False,False,False,0.7105788423153693,0.7315136348622325,0.7136078101948174,-1,True,False,False
2019-05-07,258.06,0.7105788423153693,0.5855763530496042,0.726393115137676,1,False,False,False,False,0.564870259481038,0.7249786005335582,0.6805550211473108,-1,True,False,False
2019-05-08,257.7,0.6966067864271457,0.5866811334812215,0.7197739309797804,1,False,False,False,False,0.5548902195608783,0.7183084679463944,0.6526295096836591,-1,True,False,False
2019-05-09,256.92,0.6946107784431138,0.5877550602967627,0.7141821193049656,1,False,False,False,False,0.5289421157684631,0.7108823364884362,0.6251434221469488,-1,True,False,False
2019-05-10,258.22,0.688622754491018,0.5887587189454618,0.7085022604574216,1,False,False,False,False,0.5788423153692615,0.705704296444547,0.6148542873074627,-1,True,False,False
2019-05-13,251.73,0.6107784431137725,0.5889778206784798,0.6867858566032774,1,False,False,False,False,0.3992015968063872,0.6936845827332466,0.5669314671961125,-1,True,False,False
2019-05-14,254.0,0.6407185628742516,0.5894926539341591,0.6765486802190495,1,False,False,False,False,0.469061876247505,0.6848758491455705,0.5451826692075331,-1,True,False,False
2019-05-15,255.49,0.6506986027944112,0.590101668350679,0.6708042185691299,1,False,False,False,False,0.46706586826347307,0.6763342812678412,0.5278233801088531,-1,True,False,False
2019-05-16,257.86,0.6506986027944112,0.5907046229222584,0.6663363039525257,1,False,False,False,False,0.530938123752495,0.6706324711692002,0.5285155453629957,-1,True,False,False
2019-05-17,256.19,0.6367265469061876,0.5911625525141384,0.6597563579422283,1,False,False,False,False,0.499001996007984,0.6639018643001329,0.5219569788396597,-1,True,False,False
2019-05-20,254.5,0.626746506986028,0.5915166217128637,0.6524208355075172,1,False,False,False,False,0.4491017964071856,0.6554783322258997,0.5057669382991099,-1,True,False,False
2019-05-21,256.79,0.6526946107784432,0.5921253579224715,0.6524816744566118,1,False,False,False,False,0.5189620758483033,0.6501247535444253,0.5086991910878196,-1,True,False,False
2019-05-22,256.0,0.6367265469061876,0.5925691508476826,0.6489805350009619,1,False,False,False,False,0.500998003992016,0.6442766457188407,0.506987816177641,-1,True,False,False
2019-05-23,252.87,0.6127744510978044,0.5927701986113654,0.640934738578038,1,False,False,False,False,0.43313373253493015,0.6359965314763345,0.49057579759037195,-1,True,False,False
2019-05-24,253.45,0.6207584830339321,0.5930486890036297,0.6364511262349033,1,False,False,False,False,0.45109780439121755,0.6287456010024084,0.4818029102127821,-1,True,False,False
2019-05-28,251.09,0.590818363273453,0.5930264967078072,0.6263105122434699,1,False,False,False,False,0.39520958083832336,0.619587325701856,0.462559948129569,-1,True,False,False
2019-05-29,249.41,0.5748502994011976,0.5928456390231643,0.6148749093896316,1,False,False,False,False,0.3413173652694611,0.608674778233919,0.4356171519384339,-1,True,False,False
2019-05-30,250.09,0.5808383233532934,0.5927261632453547,0.6073112236037786,1,False,False,False,False,0.3592814371257485,0.5988946472100692,0.4186536597578372,-1,True,False,False
2019-05-31,246.72,0.5469061876247505,0.5922702430899258,0.5938878822751057,1,False,False,False,False,0.32335329341317365,0.5880891039239164,0.3974758005701342,-1,True,False,False
2019-06-03,246.09,0.564870259481038,0.5919976064371011,0.5874395216542018,1,False,False,False,False,0.32934131736526945,0.5779421319020087,0.3823348043023865,-1,True,False,False
2019-06-04,251.43,0.6167664670658682,0.5922440627617656,0.5939566206345721,1,False,False,False,False,0.42714570858283435,0.5720285466738058,0.39229278303137494,-1,True,False,False
2019-06-05,253.61,0.6367265469061876,0.5926866745442971,0.6034610486949311,1,False,False,False,False,0.499001996007984,0.5691647603731853,0.4160059414706214,-1,True,False,False
2019-06-06,255.26,0.6367265469061876,0.5931248822294901,0.6108533816307659,1,False,False,False,False,0.5209580838323353,0.5672743024696225,0.4393286397732245,-1,True,False,False
2019-06-07,257.81,0.6506986027944112,0.5936977550709321,0.619707875222687,1,False,False,False,False,0.5608782435129741,0.5670234766281853,0.4663396628265022,-1,True,False,True
2019-06-10,259.0,0.6686626746506986,0.5944436746687407,0.6305867195400229,1,False,False,False,False,0.5708582834331337,0.5671738612087716,0.4895660229613092,-1,True,False,False
2019-06-11,258.93,0.6666666666666666,0.5951623114050385,0.638604485568166,1,False,False,False,False,0.5788423153692615,0.5676314476464378,0.5094051990519652,-1,True,False,False
2019-06-12,258.48,0.6526946107784432,0.5957347720953211,0.6417356245037831,1,False,False,False,False,0.5608782435129741,0.5673666161117922,0.5208436533766339,-1,True,False,False
2019-06-13,259.54,0.6706586826347305,0.596480283642977,0.6481629707551048,1,False,False,False,False,0.6167664670658682,0.5693038651688148,0.5421598341964637,1,False,False,False
2019-06-14,259.26,0.6487025948103793,0.5969999086297173,0.6482828872118325,1,False,False,False,False,0.5888223552894212,0.5700692961539366,0.552529283328232,1,False,False,False
2019-06-17,259.35,0.6606786427145709,0.5976335278743428,0.6510374995457743,1,False,False,False,False,0.5728542914171657,0.5701785116544554,0.5570459517924395,1,False,False,False
2019-06-18,262.07,0.6986027944111777,0.5986381971931173,0.6616075650714195,1,False,False,False,False,0.6447105788423154,0.5731013378186852,0.5765269800257453,1,False,False,False
2019-06-19,262.66,0.7065868263473054,0.5997123129060943,0.6716029564660608,1,False,False,False,False,0.654690618762475,0.5763009174635397,0.5938966775227963,1,False,False,False
2019-06-20,265.17,0.7365269461077845,0.6010736525399419,0.6860305097197772,1,False,False,False,False,0.718562874251497,0.5818798177297342,0.6216002767958408,1,False,False,False
2019-06-21,264.78,0.7225548902195609,0.6022824210740675,0.694147038719729,1,False,False,False,False,0.7025948103792415,0.586613739010107,0.6395990620365966,1,False,False,False
2019-06-24,264.46,0.720558882235529,0.6034593012846293,0.7000163372787956,1,False,False,False,False,0.6586826347305389,0.58943997021483,0.6438398559685837,1,False,False,False
2019-06-25,261.86,0.7045908183632734,0.6044655850366557,0.7010328886309017,1,False,False,False,False,0.6307385229540918,0.5910595213026442,0.64092844863203,1,False,False,False
2019-06-26,261.6,0.6926147704590818,0.6053426913592669,0.6991621957038306,1,False,False,False,False,0.6327345309381237,0.5926938354059963,0.6391075780333841,1,False,False,False
2019-06-27,262.53,0.7245508982035929,0.6065288426711507,0.7048041295926667,1,False,False,False,False,0.6806387225548902,0.5961426545098745,0.6483367212603854,1,False,False,False
2019-06-28,263.88,0.7544910179640718,0.6080011031218266,0.7158456603418678,1,False,False,False,False,0.7405189620758483,0.6018044704928539,0.6688216636638216,1,False,False,False
2019-07-01,266.28,0.7664670658682635,0.6095778788705475,0.7270948615699557,1,False,False,False,False,0.780439121756487,0.608809750934565,0.6936255432399695,1,False,False,False
2019-07-02,266.97,0.7604790419161677,0.6110793829804542,0.7345135683135584,1,False,False,False,False,0.7704590818363274,0.615148940381693,0.7106996629280491,1,False,False,False
2019-07-03,269.11,0.7764471057884231,0.6127248329586429,0.7438321321968617,1,False,False,False,False,0.8263473053892215,0.6234312292055176,0.7363991390305319,1,False,False,False
2019-07-05,268.8,0.7744510978043913,0.6143340495242723,0.7506363467763127,1,False,False,False,False,0.8223552894211577,0.6312321727433859,0.7555005057840043,1,False,False,False
2019-07-08,267.32,0.7584830339321357,0.6157683677770869,0.7523800550331623,1,False,False,False,False,0.782435129740519,0.6371617004687637,0.7614859777743409,1,False,False,False
2019-07-09,267.66,0.7664670658682635,0.6172678573103325,0.7555105018854069,1,False,False,False,False,0.7784431137724551,0.6427021480493007,0.7652542302183664,1,False,False,False
2019-07-10,268.93,0.7664670658682635,0.6187524265497149,0.7579452938815974,1,False,False,False,False,0.7944111776447106,0.6486515217589246,0.771733551868665,1,False,False,False
2019-07-11,269.56,0.7724550898203593,0.6202818062837512,0.7611696929791,1,False,False,False,False,0.8043912175648703,0.6547589608101382,0.7789908109122662,1,False,False,False
2019-07-12,270.77,0.7884231536926147,0.6219548545166752,0.7672260175821033,1,False,False,False,False,0.8483033932135728,0.6623489385514494,0.7943936069792232,1,False,False,False
2019-07-15,270.86,0.7764471057884231,0.6234920908477374,0.7692751482946187,1,False,False,False,False,0.8363273453093812,0.6691716211694075,0.8037122154970361,1,False,False,False
2019-07-16,269.99,0.7864271457085829,0.625113335174711,0.7730867032754997,1,False,False,False,False,0.812375249500998,0.6747874497314308,0.8056373341645833,1,False,False,False
2019-07-17,268.15,0.7684630738522954,0.626539700733692,0.772059230070343,1,False,False,False,False,0.7704590818363274,0.6785392784414268,0.7978199447583042,1,False,False,False
2019-07-18,269.13,0.7624750499001997,0.6278922912726622,0.7699294122547556,1,False,False,False,False,0.7784431137724551,0.6824570759053887,0.7935139823170044,1,False,False,False
2019-07-19,267.64,0.7564870259481038,0.6291718408714229,0.7669422152977219,1,False,False,False,False,0.7564870259481038,0.6853602112011815,0.7852857697905821,1,False,False,False
2019-07-22,268.29,0.7544910179640718,0.6304187978574194,0.7641752825569108,1,False,False,False,False,0.7504990019960079,0.6879146735852925,0.7775553769473433,1,False,False,False
2019-07-23,270.21,0.7744510978043913,0.6318519550708221,0.7664587970563509,1,False,False,False,False,0.7664670658682635,0.6909951595571737,0.775091307818659,1,False,False,False
2019-07-24,271.48,0.7924151696606786,0.6334495989970894,0.7722268798573125,1,False,False,False,False,0.780439121756487,0.6945027659179311,0.7762797109159542,1,False,False,False
2019-07-25,270.19,0.7764471057884231,0.6348724597611823,0.7731647078420039,1,False,False,False,False,0.7345309381237525,0.6960724981612967,0.7670022058510205,1,False,False,False
2019-07-26,272.0,0.7764471057884231,0.6362811627067271,0.7738941296078747,1,False,False,False,False,0.7584830339321357,0.69851997015231,0.7651090565357127,1,False,False,False
2019-07-29,271.5,0.7684630738522954,0.637596405603698,0.7726872283288571,1,False,False,False,False,0.7425149700598802,0.7002452642663324,0.7600881484299722,1,False,False,False
2019-07-30,270.83,0.7664670658682635,0.6388787007307086,0.7713049700042807,1,False,False,False,False,0.7365269461077845,0.7016680753189384,0.7548523256917082,1,False,True,False
2019-07-31,267.87,0.7544910179640718,0.6400290720464635,0.7675685362175676,1,False,False,False,False,0.6626746506986028,0.7001389214122585,0.7343683979154625,-1,False,False,False
2019-08-01,265.54,0.7245508982035929,0.6408700852420568,0.758009061103351,1,False,False,False,False,0.5768463073852296,0.6953039169406104,0.6993634889087441,-1,False,False,False
2019-08-02,263.54,0.6926147704590818,0.6413849577317785,0.7434769965157356,1,False,False,False,False,0.499001996007984,0.687605802394233,0.6548387127085752,-1,True,False,False
2019-08-05,255.61,0.6147704590818364,0.6411201368496896,0.7148755437526468,1,False,False,False,False,0.2754491017964072,0.6714427945276515,0.570529910283649,-1,True,False,False
2019-08-06,259.2,0.6367265469061876,0.6410764195368189,0.6975091000089892,1,False,False,False,False,0.3592814371257485,0.6592011726687534,0.5235858051374489,-1,True,False,False
2019-08-07,259.35,0.6367265469061876,0.6410331372220863,0.6840018659861444,1,False,False,False,False,0.3852295409181637,0.6484571871099067,0.49283996864427443,-1,True,False,False
2019-08-08,264.44,0.6786427145708582,0.6414073618723228,0.6828109434494142,1,False,False,False,False,0.5329341317365269,0.6439268712129115,0.501749782664775,-1,True,False,False
2019-08-09,262.64,0.6467065868263473,0.6414600904788306,0.6747877530887327,1,False,False,False,False,0.45708582834331335,0.6365997714925351,0.49182445948222797,-1,True,False,False
2019-08-12,259.44,0.6227544910179641,0.6412739651110607,0.6632248059618953,1,False,False,False,False,0.3932135728542914,0.6270552146831923,0.46991092912046434,-1,True,False,False
2019-08-13,263.48,0.6407185628742516,0.6412684387206447,0.6582234186090855,1,False,False,False,False,0.4351297405189621,0.6195287255002813,0.4621817760979083,-1,True,False,False
2019-08-14,255.69,0.5868263473053892,0.640726726368254,0.6423574027638197,1,False,False,False,False,0.2954091816367265,0.6068181551526909,0.425121199550979,-1,True,False,False
2019-08-15,256.36,0.5768463073852296,0.6400911003087215,0.6277993815685774,1,False,False,False,False,0.32335329341317365,0.5957018860648666,0.40250610929813335,-1,True,False,False
2019-08-16,260.14,0.6067864271457086,0.639759710526005,0.6231298361412733,1,False,False,False,False,0.405189620758483,0.5882308168371653,0.40310244517821103,-1,True,False,False
2019-08-19,263.28,0.626746506986028,0.6396302259136669,0.623933540773441,1,False,False,False,False,0.47305389221556887,0.5837140746951419,0.41864721118651277,-1,True,False,False
2019-08-20,261.26,0.6107784431137725,0.6393431434977476,0.6210101857379591,1,False,False,False,False,0.4311377245508982,0.5777306884149755,0.42142288082304286,-1,True,False,False
2019-08-21,263.39,0.6227544910179641,0.6391780822790433,0.6213978091335157,1,False,False,False,False,0.47305389221556887,0.5736257160149989,0.43289643891027085,-1,True,False,False
2019-08-22,263.31,0.6347305389221557,0.6391338281162882,0.6243606379754357,1,False,False,False,False,0.47305389221556887,0.5696817229248252,0.4418203174225593,-1,True,False,False
2019-08-23,256.54,0.5668662674650699,0.6384147479108034,0.6115841111953544,1,False,False,False,False,0.33532934131736525,0.5604914334500228,0.4181556560658495,-1,True,False,False
2019-08-26,259.38,0.592814371257485,0.6379610128197257,0.6074130578758279,1,False,False,False,False,0.3872255489021956,0.5536966928795198,0.4112822989183708,-1,True,False,False
2019-08-27,258.36,0.5708582834331337,0.6372933239701079,0.5992897746663404,1,False,False,False,False,0.37524950099800397,0.546698763786127,0.4032750104916226,-1,True,False,False
2019-08-28,260.18,0.5828343313373253,0.6367514434463986,0.5956330094821148,1,False,False,False,False,0.3992015968063872,0.5409145611594706,0.4023698074504592,-1,True,False,False
2019-08-29,263.5,0.624750499001996,0.6366320310638672,0.6021035627087551,1,False,False,False,False,0.46506986027944114,0.5379402591641753,0.4163031525235663,-1,True,False,False
2019-08-30,263.39,0.6327345309381237,0.6365932499680887,0.6089104445375036,1,False,False,False,False,0.47904191616766467,0.5356305202231357,0.4302451000000326,-1,True,False,False
2019-09-03,261.85,0.5968063872255489,0.636197360786571,0.6062206540237359,1,False,False,False,False,0.4311377245508982,0.5315327635301068,0.430443461011336,-1,True,False,False
2019-09-04,264.82,0.6227544910179641,0.6360636008883759,0.6098948400224533,1,False,False,False,False,0.47704590818363274,0.5293960241047548,0.44079956038295753,-1,True,False,True
2019-09-05,268.22,0.6866267465069861,0.6365667167651781,0.6269463747967939,1,False,False,False,False,0.590818363273453,0.531804743287841,0.474137072136401,1,False,False,False
2019-09-06,268.43,0.6846307385229541,0.6370449657378924,0.6397651222914962,1,False,False,False,False,0.6027944111776448,0.5345886518325392,0.502727591923344,1,False,False,False
2019-09-09,268.56,0.7005988023952096,0.6376773422220449,0.6532837178700991,1,False,False,False,False,0.6047904191616766,0.5373416623160349,0.5254082201985291,1,False,False,False
2019-09-10,268.5,0.7345309381237525,0.6386410595942011,0.6713386557042443,1,False,False,False,False,0.6047904191616766,0.5399867116040993,0.5430487088570063,1,False,False,False
2019-09-11,270.41,0.7584830339321357,0.6398335170503,0.6907040730882201,1,False,False,False,False,0.6407185628742516,0.5439369802813602,0.5647531208608386,1,False,False,False
2019-09-12,271.35,0.7544910179640718,0.6409743877061586,0.7048789497272983,1,False,False,False,False,0.6686626746506986,0.5488281839821186,0.5878441328141408,1,False,False,False
2019-09-13,271.17,0.7584830339321357,0.6421436279671136,0.7167909684394843,1,False,False,False,False,0.6646706586826348,0.5533710261272369,0.6049166941182506,1,False,False,False
2019-09-16,270.33,0.7724550898203593,0.6434402594283399,0.7291607731907899,1,False,False,False,False,0.6766467065868264,0.5582053665374169,0.6208566968890452,1,False,False,False
2019-09-17,271.01,0.7485029940119761,0.6444856597724558,0.7334590444843868,1,False,False,False,False,0.718562874251497,0.5644938962516947,0.6425691807473679,1,False,False,False
2019-09-18,271.18,0.7445109780439122,0.6454809365711768,0.7359150297198369,1,False,False,False,False,0.7245508982035929,0.5707706414262789,0.6607873401820845,1,False,False,False
2019-09-19,271.16,0.7405189620758483,0.6464265885662482,0.7369381257989505,1,False,False,False,False,0.7105788423153693,0.5762533159709492,0.6718521184339256,1,False,False,False
2019-09-20,269.87,0.7365269461077845,0.6473231095368108,0.7368467525342469,1,False,False,False,False,0.688622754491018,0.5806599606187951,0.6755789264466128,1,False,False,False
2019-09-23,269.81,0.7245508982035929,0.648091545244938,0.7341143404607683,1,False,False,False,False,0.6786427145708582,0.5845024215580917,0.6762597682520006,1,False,False,False
2019-09-24,267.69,0.6986027944111777,0.6485941447391295,0.7262228857830815,1,False,False,False,False,0.6147704590818364,0.585689403421768,0.6625954773252974,1,False,False,False
2019-09-25,269.28,0.7125748502994012,0.6492307686750527,0.7231899890089303,1,False,False,False,False,0.6526946107784432,0.5883170586122258,0.6603952847593297,1,False,False,False
2019-09-26,268.72,0.7065868263473054,0.6498014757165677,0.719500397306347,1,False,False,False,False,0.6407185628742516,0.5903720195636778,0.6560226798959791,1,False,False,False
2019-09-27,267.27,0.7005988023952096,0.6503069217531711,0.7153000428816498,1,False,False,False,False,0.5848303393213573,0.5901546987698614,0.6402021597682854,1,False,False,False
2019-09-30,268.51,0.7105788423153693,0.65090664235578,0.7142508872002542,1,False,False,False,False,0.6307385229540918,0.59174622128689,0.6380991293651312,1,False,True,False
2019-10-01,265.31,0.6626746506986028,0.6510237369661563,0.7027895013109984,1,False,False,False,False,0.46706586826347307,0.5868567956781285,0.6000917380092072,-1,False,False,False
2019-10-02,260.63,0.6067864271457086,0.650583564729137,0.6814554848298229,1,False,False,False,False,0.32335329341317365,0.5765233250010715,0.5385943058767553,-1,True,False,False
2019-10-03,262.76,0.6227544910179641,0.6503066585230557,0.6684108195382987,1,False,False,False,False,0.38922155688622756,0.5691781576240188,0.505400361656638,-1,True,False,False
2019-10-04,266.32,0.6526946107784432,0.6503304192420147,0.6649183287027753,1,False,False,False,False,0.500998003992016,0.5665044261090383,0.5044220599533887,-1,True,False,False
2019-10-07,265.17,0.6427145708582834,0.6502546396561071,0.6599841602928882,1,False,False,False,False,0.46107784431137727,0.5623700503522673,0.4947900120329417,-1,True,False,False
2019-10-08,261.05,0.564870259481038,0.6494050438334696,0.6388477378902548,1,False,False,False,False,0.3033932135728543,0.5522140959687609,0.45225739015292227,-1,True,False,False
2019-10-09,263.53,0.5868263473053892,0.6487823702361752,0.6272874288713958,1,False,False,False,False,0.38323353293413176,0.5455874072223049,0.43691875521541323,-1,True,False,False
2019-10-10,265.31,0.6187624750499002,0.6484836648114363,0.6253929946888412,1,False,False,False,False,0.4530938123752495,0.5419602074243812,0.4405132123620435,-1,True,False,False
2019-10-11,268.07,0.6526946107784432,0.648525564771307,0.6314600204865306,1,False,False,False,False,0.590818363273453,0.5438762135361095,0.4739143570090234,1,False,False,False
2019-10-14,267.77,0.654690618762475,0.6485869085921145,0.6366223756589626,1,False,False,False,False,0.5449101796407185,0.5439167612264864,0.4896912064827334,1,False,False,False
2019-10-15,270.42,0.6766467065868264,0.6488661105622112,0.6455166714207101,1,False,False,False,False,0.6007984031936128,0.5461474138526482,0.5143816946407066,1,False,False,False
2019-10-16,269.98,0.6806387225548902,0.6491822559551732,0.6533215716727501,1,False,False,False,False,0.5868263473053892,0.5477426661449126,0.5304805063439694,1,False,False,False
2019-10-17,270.78,0.6826347305389222,0.6495151163987926,0.6598356069763439,1,False,False,False,False,0.6047904191616766,0.5499798329298838,0.5469938203034599,1,False,False,False
2019-10-18,269.59,0.6806387225548902,0.6498248040222363,0.6644585215493541,1,False,False,False,False,0.5768463073852296,0.5510334201634268,0.5536277063216309,1,False,False,False
2019-10-21,271.42,0.6866267465069861,0.6501909925046717,0.6693847937621612,1,False,False,False,False,0.6287425149700598,0.5540808356460399,0.5703198860212818,1,False,False,False
2019-10-22,270.54,0.6926147704590818,0.6506131196484967,0.6745470108059214,1,False,False,False,False,0.592814371257485,0.555599797826881,0.5753186605182159,1,False,False,False
2019-10-23,271.32,0.7005988023952096,0.651110489626076,0.6803362978257632,1,False,False,False,False,0.6087824351297405,0.5576853914466009,0.5827550548763325,1,False,False,False
2019-10-24,271.77,0.6986027944111777,0.651583049872694,0.6843955192891887,1,False,False,False,False,0.626746506986028,0.5603936704873628,0.5925309331229315,1,False,False,False
2019-10-25,272.88,0.7045908183632734,0.6521104903551873,0.6888833635278742,1,False,False,False,False,0.6207584830339321,0.5627609180382086,0.5988037219920427,1,False,False,False
2019-10-28,274.42,0.7065868263473054,0.6526525434496363,0.6928174663766367,1,False,False,False,False,0.6127744510978044,0.5647222330601536,0.6019083284599898,1,False,False,False
2019-10-29,274.34,0.7105788423153693,0.6532289245328774,0.6967644388074661,1,False,False,False,False,0.6506986027944112,0.5680938554026734,0.6127506116454168,1,False,False,False
2019-10-30,275.18,0.7085828343313373,0.6537797097050013,0.699390748923882,1,False,False,False,False,0.656686626746507,0.5715680817298826,0.6225141705567702,1,False,False,False
2019-10-31,274.44,0.6966067864271457,0.6542058497718883,0.6987720905912739,1,False,False,False,False,0.6167664670658682,0.573340567429333,0.6212369031143475,1,False,False,False
2019-11-01,276.99,0.7285429141716567,0.6549455220544732,0.7053878291646922,1,False,False,False,False,0.6626746506986028,0.5768438648124417,0.6304452914664043,1,False,False,False
2019-11-04,278.1,0.7385229540918163,0.6557771382936507,0.7127511902596086,1,False,False,False,False,0.6526946107784432,0.5798184038699319,0.6353895846468574,1,False,False,False
2019-11-05,277.79,0.7245508982035929,0.6564614543126551,0.7153733475804941,1,False,False,False,False,0.6367265469061876,0.5820500957537067,0.635686687371153,1,False,False,False
2019-11-06,277.85,0.7325349301397206,0.6572184043208846,0.7191870325936556,1,False,False,False,False,0.6506986027944112,0.5847421940690284,0.6390226685763215,1,False,False,False
2019-11-07,278.83,0.7345309381237525,0.6579876832641968,0.7225967893781216,1,False,False,False,False,0.6227544910179641,0.5862328723807514,0.6354075180077976,1,False,False,False
2019-11-08,279.52,0.7285429141716567,0.6586897253627785,0.7239181504433516,1,False,False,False,False,0.6327345309381237,0.5880564668339817,0.6348135208812034,1,False,False,False
2019-11-11,278.99,0.7285429141716567,0.659384781967842,0.7249458757163083,1,False,False,False,False,0.6327345309381237,0.5898085477792422,0.6343515231160746,1,False,False,False
2019-11-12,279.57,0.7305389221556886,0.660092783362746,0.7261887749250595,1,False,False,False,False,0.6287425149700598,0.5913353700220194,0.6331050768614046,1,False,False,False
2019-11-13,279.66,0.7305389221556886,0.660793739967651,0.7271554743096438,1,False,False,False,False,0.6387225548902196,0.5931936909972431,0.6343534053122524,1,False,False,False
2019-11-14,280.07,0.7305389221556886,0.6614877218799698,0.7279073516087649,1,False,False,False,False,0.6666666666666666,0.5960749841607499,0.6415341300576778,1,False,False,False
2019-11-15,282.1,0.7504990019960079,0.6623734062592339,0.7329277183614855,1,False,False,False,False,0.6986027944111777,0.6000956826019432,0.6542160554695666,1,False,False,False
2019-11-18,282.31,0.7465069860279441,0.6632105563066838,0.7359453333984763,1,False,False,False,False,0.688622754491018,0.6035673324799462,0.6618619885854446,1,False,False,False
2019-11-19,282.22,0.7544910179640718,0.6641188196067573,0.7400665966352753,1,False,False,False,False,0.6866267465069861,0.6068245644025753,0.6673652681235649,1,False,False,False
2019-11-20,281.18,0.7425149700598802,0.6648988808052959,0.7406106796185208,1,False,False,False,False,0.6826347305389222,0.6097975120941967,0.6707584819936443,1,False,False,False
2019-11-21,280.72,0.7485029940119761,0.6657307625287455,0.7423645272615108,1,False,False,False,False,0.6526946107784432,0.6114797512582848,0.6667442883902663,1,False,False,False
2019-11-22,281.35,0.7445109780439122,0.66651464527019,0.7428415163242666,1,False,False,False,False,0.6686626746506986,0.613722218842301,0.6671705964481401,1,False,False,False
2019-11-25,283.53,0.7524950099800399,0.6673701712872034,0.7449867371366607,1,False,False,False,False,0.6906187624750499,0.6167377695729972,0.6723813000096757,1,False,False,False
2019-11-26,284.17,0.7584830339321357,0.6682767669354117,0.7479859142023219,1,False,False,False,False,0.7105788423153693,0.6204178116413256,0.6808696427442742,1,False,False,False
2019-11-27,285.44,0.7684630738522954,0.6692736456112016,0.7525363941245382,1,False,False,False,False,0.7305389221556886,0.6247362865634576,0.6919072603912552,1,False,False,False
2019-11-29,284.38,0.7504990019960079,0.670081858112543,0.7520836403181981,1,False,False,False,False,0.716566866267465,0.6283374857675363,0.6973871728081906,1,False,False,False
2019-12-02,281.96,0.7225548902195609,0.6706039778350008,0.7455216958518343,1,False,False,False,False,0.6586826347305389,0.6295274916092227,0.6887861643464902,1,False,False,False
2019-12-03,280.07,0.7005988023952096,0.6709024338007741,0.735538830639251,1,False,False,False,False,0.6327345309381237,0.6296532578574149,0.6763302458112976,1,False,False,False
2019-12-04,281.8,0.718562874251497,0.6713766670390897,0.7317663958864168,1,False,False,False,False,0.6666666666666666,0.6311047640852288,0.6741827837791574,1,False,False,False
2019-12-05,282.31,0.7305389221556886,0.6719653461944788,0.731493623946255,1,False,False,False,False,0.6646706586826348,0.632421073677284,0.6720689782021524,1,False,False,False
2019-12-06,284.88,0.7504990019960079,0.6727467756054393,0.7357170412906444,1,False,False,False,False,0.7065868263473054,0.6353295345663045,0.6797396111232974,1,False,False,False
2019-12-09,283.99,0.7445109780439122,0.6734608472714938,0.7376712494580373,1,False,False,False,False,0.6926147704590818,0.6375760144052369,0.6826007576423606,1,False,False,False
2019-12-10,283.67,0.7285429141716567,0.6740089275391572,0.7356427305055083,1,False,False,False,False,0.6726546906187625,0.6389516487665516,0.6803905205260055,1,False,False,False
2019-12-11,284.48,0.7325349301397206,0.6745912758237399,0.7349521082019999,1,False,False,False,False,0.6706586826347305,0.6401950618594213,0.6782278898834999,1,False,False,False
2019-12-12,286.93,0.7584830339321357,0.675426019685515,0.7401812028086967,1,False,False,False,False,0.7145708582834331,0.6431117597584022,0.686304105083485,1,False,False,False
2019-12-13,287.1,0.7544910179640718,0.6762127360862967,0.7433611617321134,1,False,False,False,False,0.7145708582834331,0.6459140773476191,0.6925856057945847,1,False,False,False
2019-12-16,289.07,0.7744510978043913,0.6771902322227952,0.7502700364148418,1,False,False,False,False,0.7385229540918163,0.6495457980042543,0.7027939054161917,1,False,False,False
2019-12-17,289.14,0.7644710578842315,0.6780586981497746,0.7534258189635951,1,False,False,False,False,0.7564870259481038,0.6537395716491111,0.7147257099788388,1,False,False,False
2019-12-18,289.16,0.7724550898203593,0.6789979657285864,0.7576545458206537,1,False,False,False,False,0.7485029940119761,0.6574557842907921,0.7222317730973137,1,False,False,False
2019-12-19,290.34,0.7844311377245509,0.6800470520171035,0.7636048995770752,1,False,False,False,False,0.7704590818363274,0.661887286155323,0.7329489528170945,1,False,False,False
2019-12-20,291.62,0.7964071856287425,0.6812048642918462,0.7708942964774458,1,False,False,False,False,0.7884231536926147,0.6668494770391384,0.7452765530116545,1,False,False,False
2019-12-23,292.06,0.7964071856287425,0.6823511560464423,0.7765638273999562,1,False,False,False,False,0.782435129740519,0.6713822477333103,0.7535340145069577,1,False,False,False
2019-12-24,292.07,0.8003992015968064,0.6835257634648538,0.7818605772214785,1,False,False,False,False,0.7784431137724551,0.6755807130681788,0.7590693698992904,1,False,False,False
2019-12-26,293.63,0.8003992015968064,0.6846886832472614,0.7859802715271069,1,False,False,False,False,0.7904191616766467,0.68008418164106,0.7660359902942585,1,False,False,False
2019-12-27,293.55,0.8023952095808383,0.685859892464511,0.7896280355390473,1,False,False,False,False,0.7944111776447106,0.6845675932490463,0.7723415874832478,1,False,False,False
2019-12-30,291.94,0.7924151696606786,0.6869201439789007,0.7902473986771875,1,False,False,False,False,0.7784431137724551,0.6882489862107486,0.7736974822141828,1,False,False,False
2019-12-31,292.64,0.7984031936127745,0.6880294280548597,0.7920597975517624,1,False,False,False,False,0.7784431137724551,0.6917860108210117,0.77475206700491,1,False,False,False
2020-01-02,295.38,0.8063872255489022,0.6892071175821636,0.7952436704400156,1,False,False,False,False,0.7784431137724551,0.6951843285838134,0.77557229961992,1,False,False,False
2020-01-03,293.14,0.7984031936127745,0.6902936457018712,0.7959457867006288,1,False,False,False,False,0.7584830339321357,0.6976666307543359,0.7717746850226346,1,False,False,False
2020-01-06,294.26,0.8003992015968064,0.6913892233724677,0.7969354344553349,1,False,False,False,False,0.7445109780439122,0.6995036639813781,0.7657160834718074,1,False,False,False
2020-01-07,293.44,0.7924151696606786,0.6923944566688678,0.7959309311676335,1,False,False,False,False,0.7085828343313373,0.6998597098774549,0.7530198058850364,1,False,False,False
2020-01-08,295.0,0.7964071856287425,0.6934294091958317,0.7960367654923244,1,False,False,False,False,0.7345309381237525,0.7012193658871136,0.748911168604751,1,False,False,False
2020-01-09,297.0,0.8203592814371258,0.6946923929992277,0.8014417690356135,1,False,False,False,False,0.7624750499001997,0.7036215495739013,0.751925364448184,1,False,False,False
2020-01-10,296.15,0.8143712574850299,0.6958832274717233,0.8043149886910393,1,False,False,False,False,0.7485029940119761,0.7053816062185317,0.7511648376845822,1,False,False,False
2020-01-13,298.18,0.8263473053892215,0.6971813775007532,0.8092110590684132,1,False,False,False,False,0.7744510978043913,0.7080902137317027,0.7563395621556508,1,False,False,False
2020-01-14,297.73,0.8323353293413174,0.6985261929419528,0.8143497857957253,1,False,False,False,False,0.7664670658682635,0.7103795020507835,0.7585901185362314,1,False,False,False
2020-01-15,298.4,0.8383233532934131,0.699917209462863,0.8196772452396559,1,False,False,False,False,0.7564870259481038,0.7121876402428353,0.7581227646277585,1,False,False,False
2020-01-16,300.88,0.8522954091816367,0.7014334104550897,0.8269257261156516,1,False,False,False,False,0.8143712574850299,0.7161948409189998,0.7706224297071522,1,False,False,False
2020-01-17,301.82,0.8542914171656687,0.7029543856462398,0.8330069907934332,1,False,False,False,False,0.8243512974051896,0.7204362705851248,0.7825621780844939,1,False,False,False
2020-01-21,301.23,0.8363273453093812,0.7042814797722413,0.8337448473525327,1,False,False,False,False,0.7844311377245509,0.7229458732180435,0.7829775024489509,1,False,False,False
2020-01-22,301.26,0.8363273453093812,0.7055953689815662,0.8343187357873879,1,False,False,False,False,0.7664670658682635,0.7246525866553071,0.7793085165421314,1,False,False,False
2020-01-23,301.61,0.8363273453093812,0.7068961846664201,0.8347650934589419,1,False,False,False,False,0.7624750499001997,0.7261358205080479,0.7755677461772577,1,False,True,False
2020-01-24,298.93,0.810379241516966,0.707925866824137,0.8293460152496139,1,False,False,False,False,0.6826347305389222,0.7244298954112195,0.7549159649242942,-1,False,False,False
2020-01-27,294.14,0.7564870259481038,0.7084090624373109,0.8131551287381672,1,False,False,False,False,0.5728542914171657,0.7184857540781193,0.7144578152560435,-1,True,False,False
2020-01-28,297.22,0.7864271457085829,0.7091853617733436,0.8072155769538152,1,False,False,False,False,0.6147704590818364,0.7144184876076769,0.692305069439553,-1,True,False,False
2020-01-29,296.97,0.7644710578842315,0.7097354682023076,0.7977167949383521,1,False,False,False,False,0.590818363273453,0.7095714239082955,0.6697524680693085,-1,True,False,False
2020-01-30,297.94,0.7664670658682635,0.7102999617114216,0.7907724107005547,1,False,False,False,False,0.6067864271457086,0.7055406397215275,0.6557600145307307,-1,True,False,False
2020-01-31,292.53,0.7145708582834331,0.7103424581947253,0.7738387323856388,1,False,False,False,False,0.48902195608782434,0.6970497109515783,0.6187071126545294,-1,True,False,False
2020-02-03,294.7,0.7265469061876247,0.710503696483212,0.7633294376749691,1,False,False,False,False,0.5289421157684631,0.690457256238515,0.5987593355687368,-1,True,False,False
2020-02-04,299.19,0.7644710578842315,0.7110406851538689,0.7635831310548051,1,False,False,False,False,0.6087824351297405,0.6872543220773866,0.6009866910267376,-1,True,False,False
2020-02-05,302.65,0.8023952095808383,0.7119496853969233,0.7722080373939235,1,False,False,False,False,0.6926147704590818,0.6874645357394138,0.6213484864561474,-1,True,False,False
2020-02-06,303.66,0.8063872255489022,0.7128893624133609,0.7798034125394744,1,False,False,False,False,0.6746506986027944,0.6869620323222915,0.6331934224887356,-1,True,False,False
2020-02-07,302.05,0.7664670658682635,0.7134224738905242,0.7768397799458719,1,False,False,False,False,0.6447105788423154,0.6853051125779787,0.6357527905673088,-1,True,False,False
2020-02-10,304.3,0.780439121756487,0.7140893062075985,0.7776396336815642,1,False,False,False,False,0.6586826347305389,0.6842610938388635,0.640848311492471,-1,True,False,False
2020-02-11,304.83,0.7944111776447106,0.7148885288089628,0.7813666434511524,1,False,False,False,False,0.6926147704590818,0.6845886890004407,0.6523519690406068,-1,True,False,False
2020-02-12,306.79,0.810379241516966,0.7158386851543161,0.7878138874657776,1,False,False,False,False,0.718562874251497,0.6859210099906782,0.6670655035319157,1,False,False,False
2020-02-13,306.47,0.7984031936127745,0.7166602225519128,0.7901670666095547,1,False,False,False,False,0.7025948103792415,0.6865748845157199,0.6749609050535437,1,False,False,False
2020-02-14,306.96,0.8043912175648703,0.7175331677759222,0.7933279890440693,1,False,False,False,False,0.6906187624750499,0.6867334679651054,0.6784404289249896,1,False,False,False
2020-02-18,306.17,0.780439121756487,0.7181590976662762,0.7904637963134955,1,False,False,False,False,0.656686626746507,0.6855551604663368,0.6736062506631045,-1,True,False,False
2020-02-19,307.63,0.7904191616766467,0.7188781032783197,0.7904538775053068,1,False,False,False,False,0.6786427145708582,0.6852840841567103,0.6747254648648275,-1,True,False,False
2020-02-20,306.37,0.8043912175648703,0.7197289800373898,0.7935510641852098,1,False,False,False,False,0.6686626746506986,0.6846322641760825,0.6733781781505767,-1,True,False,False
2020-02-21,303.21,0.782435129740519,0.7203529218254807,0.791080856530834,1,False,True,False,False,0.6127744510978044,0.6818143107220324,0.6599106832499606,-1,True,False,False
2020-02-24,293.15,0.688622754491018,0.7200371987674264,0.768312389410875,1,False,False,False,False,0.4291417165668663,0.6719055815394769,0.6086286906537174,-1,True,False,False
2020-02-25,284.27,0.5528942115768463,0.7183740844670227,0.7204416832255353,-1,False,False,False,False,0.281437125748503,0.6565930930770857,0.5359194540081142,-1,True,False,False
2020-02-26,283.23,0.5229540918163673,0.7164296069282102,0.6765555518012758,-1,True,False,False,False,0.24750499001996007,0.6405504223689632,0.4718273508996355,-1,True,False,False
2020-02-27,270.51,0.40119760479041916,0.7132929700910183,0.6153648969099743,-1,True,False,False,False,0.09580838323353294,0.6191879894616915,0.3882675803071683,-1,True,False,False
2020-02-28,269.37,0.3033932135728543,0.7092143655485491,0.5460378561683921,-1,True,False,False,False,0.05389221556886228,0.5970195277404041,0.3139619436986558,-1,True,False,False
2020-03-02,281.03,0.48303393213572854,0.7069638139723021,0.5320369841611334,-1,True,False,False,False,0.17165668662674652,0.5803386320104568,0.28233855323823154,-1,True,False,False
2020-03-03,272.99,0.405189620758483,0.7039610856816173,0.5038486811827667,-1,True,False,False,False,0.12974051896207583,0.5626681177732653,0.24842787895464138,-1,True,False,False
2020-03-04,284.46,0.5109780439121756,0.7020408564102796,0.5054329840115243,-1,True,False,False,False,0.2874251497005988,0.5518742758880627,0.2570939391204097,-1,True,False,False
2020-03-05,275.01,0.4231536926147705,0.699265859755598,0.48714869703446784,-1,True,False,False,False,0.2055888223552894,0.5382944541808952,0.24564835761704962,-1,True,False,False
2020-03-06,270.46,0.3912175648702595,0.6962007025925597,0.46583066766464376,-1,True,False,False,False,0.15768463073852296,0.5233685787517826,0.2261008627551548,-1,True,False,False
2020-03-09,249.34,0.18762475049900199,0.691140245357798,0.4040071305167234,-1,True,False,False,False,0.05588822355289421,0.5050360158028067,0.18827583182131913,-1,True,False,False
2020-03-10,262.24,0.29740518962075846,0.6872224836091709,0.3803178103176201,-1,True,False,False,False,0.08982035928143713,0.4887530488804,0.16639683792356758,-1,True,False,False
2020-03-11,249.46,0.15169660678642716,0.6818938679193924,0.32951309842179943,-1,True,False,False,False,0.03792415169660679,0.47107348428495716,0.13784735209535406,-1,True,False,False
2020-03-12,225.59,0.06786427145708583,0.6757841206909118,0.2713689146518631,-1,True,False,False,False,0.013972055888223553,0.45314793807332054,0.11031950849376951,-1,True,False,False
2020-03-13,244.87,0.13373253493013973,0.6703905725738892,0.2407830524914801,-1,True,False,False,False,0.03792415169660679,0.43686465233305727,0.09423165142773335,-1,True,False,False
2020-03-16,218.08,0.041916167664670656,0.6641370959081259,0.19659041141885578,-1,True,False,False,False,0.017964071856287425,0.4204371785888702,0.07728330041185648,-1,True,False,False
2020-03-17,229.85,0.11177644710578842,0.6586409700493961,0.1777428637937297,-1,True,False,False,False,0.043912175648702596,0.4056714921990597,0.0698674949089334,-1,True,False,False
2020-03-18,218.22,0.07385229540918163,0.6528221772669064,0.1546560708193857,-1,True,False,False,False,0.03592814371257485,0.39117175304272694,0.062325416865298175,-1,True,False,False
2020-03-19,218.68,0.059880239520958084,0.6469222574883398,0.13359477497529068,-1,True,False,False,False,0.02594810379241517,0.37684925699369515,0.05424156951576862,-1,True,False,False
2020-03-20,209.26,0.03592814371257485,0.6408427140676854,0.11189107913913161,-1,True,False,False,False,0.015968063872255488,0.362697053341874,0.045736346039432364,-1,True,False,False
2020-03-23,203.91,0.03592814371257485,0.6348236636163909,0.095010426822119,-1,True,False,False,False,0.013972055888223553,0.3490215632456524,0.0386776148947193,-1,True,False,False
2020-03-24,222.38,0.05788423153692615,0.6290829727499285,0.08676016120318726,-1,True,False,False,False,0.01996007984031936,0.3361171913474041,0.0345181626604082,-1,True,False,False
2020-03-25,225.71,0.05189620758483034,0.6233398208577385,0.0790126159546635,-1,True,False,False,True,0.013972055888223553,0.3234840487803774,0.029952361155478276,-1,True,False,False
2020-03-26,238.89,0.10778443113772455,0.6182099164824151,0.0854063526620104,-1,True,False,False,False,0.041916167664670656,0.3124421710895654,0.03261098482418769,-1,True,False,False
2020-03-27,231.78,0.07584830339321358,0.6128132835163533,0.08328234171338887,-1,True,False,False,False,0.02594810379241517,0.3012071096269321,0.031130344594904907,-1,True,False,False
2020-03-30,239.3,0.1317365269461078,0.6080264501176446,0.09404993843177085,-1,True,False,False,False,0.06187624750499002,0.29182158562215005,0.03796276746381271,-1,True,False,False
2020-03-31,235.74,0.10578842315369262,0.6030290568145207,0.09665849059219792,-1,True,False,False,False,0.04790419161676647,0.28225619762193893,0.04017197283113577,-1,True,False,False
2020-04-01,225.13,0.07984031936127745,0.5978231987304089,0.09292111920754892,-1,True,False,False,False,0.033932135728542916,0.2725179991163155,0.038785342363892916,-1,True,False,False
2020-04-02,230.32,0.09381237524950099,0.5928081656609472,0.09311917610576048,-1,True,False,False,False,0.059880239520958084,0.26417926344590936,0.043473097287685177,-1,True,False,False
2020-04-03,226.99,0.08782435129740519,0.5877834510901656,0.09194254837057042,-1,True,False,False,False,0.0499001996007984,0.25577616290296384,0.04490134224615478,-1,True,False,False
2020-04-06,242.24,0.14570858283433133,0.5833846961821474,0.10389055602918396,-1,True,False,False,False,0.12574850299401197,0.25067703898496574,0.06286737796790082,-1,True,False,False
2020-04-07,242.49,0.13373253493013973,0.5789105453239185,0.11052210689606301,-1,True,False,False,False,0.10778443113772455,0.24507340730468177,0.07284894533897275,-1,True,False,False
2020-04-08,250.63,0.18962075848303392,0.5750370151065963,0.12809958502650098,-1,True,False,False,False,0.18962075848303392,0.24289879362540148,0.09879823714876412,-1,True,False,False
2020-04-09,254.44,0.21357285429141717,0.5714403567900274,0.14709364486314902,-1,True,False,False,False,0.25349301397205587,0.24331425324683892,0.13317485422060674,-1,True,False,False
2020-04-13,252.12,0.17365269461077845,0.5674822705991891,0.1529956559181778,-1,True,False,False,False,0.18363273453093812,0.24097380153248987,0.1443877165117915,-1,True,False,True
2020-04-14,259.55,0.249500998003992,0.5643182778370478,0.17444128749280316,-1,True,False,False,False,0.31736526946107785,0.24396954537282667,0.182827172722744,1,False,False,False
2020-04-15,254.04,0.2055888223552894,0.5607488305188214,0.181362961906689,-1,True,False,False,False,0.25149700598802394,0.24426473990675598,0.198087135670584,1,False,False,False
2020-04-16,255.26,0.24151696606786427,0.5575723940566228,0.19473051838695016,-1,True,False,False,False,0.28542914171656686,0.24587903017380738,0.21749647034746908,1,False,False,False
2020-04-17,262.16,0.2894211576846307,0.5549042225504339,0.21577288267532363,-1,True,False,False,False,0.40718562874251496,0.2522047791372861,0.25964961665747927,1,False,False,False
2020-04-20,257.54,0.249500998003992,0.5518653844952455,0.22326801941502772,-1,True,False,False,False,0.32934131736526945,0.25522974142073646,0.27513666125921044,1,False,False,False
2020-04-21,249.72,0.19161676646706588,0.548280821131781,0.21623440764881396,-1,True,False,False,False,0.21756487025948104,0.2537526876497068,0.2623429299259372,-1,False,False,False
2020-04-22,255.26,0.22954091816367264,0.5451092798087153,0.21919140998544923,-1,True,False,False,False,0.3193612774451098,0.25632557352403634,0.27501367381908665,1,False,False,False
2020-04-23,255.24,0.22954091816367264,0.5419692961107547,0.22149130069172107,-1,True,False,False,False,0.32934131736526945,0.2591889360276141,0.2870864834960162,1,False,False,False
2020-04-24,258.8,0.24750499001996007,0.539039303015324,0.22727212054244086,-1,True,False,False,False,0.41916167664670656,0.265462376836206,0.3164365264183918,1,False,False,False
2020-04-27,262.53,0.2694610778443114,0.5363569326156125,0.23664744438730098,-1,True,False,False,False,0.5409181636726547,0.2762645645552824,0.3663213346971169,1,False,False,False
2020-04-28,261.33,0.26746506986027946,0.5336813916926738,0.2434958056035184,-1,True,False,False,False,0.6127744510978044,0.28946103069420487,0.42108869389726966,1,False,False,False
2020-04-29,268.17,0.33532934131736525,0.5317077394501334,0.26390325798437325,-1,True,False,False,False,0.7564870259481038,0.30777577560612246,0.4956216565752328,1,False,False,False
2020-04-30,265.67,0.281437125748503,0.5292174845874306,0.26779967304306873,-1,True,False,False,False,0.6706586826347305,0.3220064778425385,0.5345187734773434,1,False,False,False
2020-05-01,258.64,0.2315369261477046,0.5262554889810652,0.2597412848440989,-1,True,False,False,False,0.5528942115768463,0.3310608987732957,0.5386022041661218,1,False,False,False
2020-05-04,259.35,0.25149700598802394,0.5235215737274032,0.25790922287608226,-1,True,False,False,False,0.5588822355289421,0.3399950688421446,0.5431088778023041,1,False,False,False
2020-05-05,261.75,0.27944111776447106,0.5210929124740407,0.26269408840683534,-1,True,False,False,False,0.6067864271457086,0.3504574750501275,0.5572594443230606,1,False,False,False
2020-05-06,259.97,0.281437125748503,0.5187082777802542,0.26685920781609485,-1,True,False,False,False,0.5608782435129741,0.35870926989180774,0.5580636219208192,1,False,False,False
2020-05-07,263.11,0.29740518962075846,0.5165062570025478,0.27364720377268675,-1,True,False,False,False,0.6626746506986028,0.3706294809038389,0.581310517204771,1,False,False,False
2020-05-08,267.46,0.33532934131736525,0.5147035016225957,0.28735434544928196,-1,True,False,False,False,0.7644710578842315,0.3860742486285602,0.6220128595779845,1,False,False,False
2020-05-11,267.52,0.3313373253493014,0.5128789625551997,0.29712834098261964,-1,True,False,False,False,0.716566866267465,0.39903474343792905,0.6430248610645357,1,False,False,False
2020-05-12,262.19,0.2954091816367265,0.5107150841381004,0.29674630557242115,-1,True,False,False,False,0.626746506986028,0.40796461651824667,0.6394074490470896,1,False,False,False
2020-05-13,257.55,0.281437125748503,0.5084337114178059,0.29334426561155047,-1,True,False,False,False,0.5469061876247505,0.41341330558124684,0.6188516131754587,1,False,False,False
2020-05-14,260.63,0.3013972055888224,0.5063736466831892,0.295133807828722,-1,True,False,False,False,0.5948103792415169,0.42052691631302214,0.6135091167456939,1,False,False,False
2020-05-15,261.83,0.29740518962075846,0.5042943585532148,0.29563855933806343,-1,True,False,False,False,0.6187624750499002,0.4283008597928997,0.6146765297021841,1,False,False,False
2020-05-18,269.8,0.3712574850299401,0.5029706085679087,0.31244276504736934,-1,True,False,False,False,0.8183632734530938,0.44359742503447597,0.6599402505357196,1,False,False,False
2020-05-19,267.03,0.3333333333333333,0.5012826754809975,0.31708511355536134,-1,True,False,False,False,0.7704590818363274,0.45641552922278383,0.6844999908247436,1,False,False,False
2020-05-20,271.57,0.3852295409181637,0.5001279179231584,0.3322283196359841,-1,True,False,False,False,0.8203592814371258,0.47068783323118946,0.7146909442941618,1,False,False,False
2020-05-21,269.69,0.3592814371257485,0.4987264604027861,0.3382401235225984,-1,True,False,False,False,0.8203592814371258,0.48440043904318697,0.7381727969925982,1,False,False,False
2020-05-22,270.21,0.37924151696606784,0.4975375554929681,0.34735154428781384,-1,True,False,False,False,0.8243512974051896,0.4977318452534616,0.7573235748620629,1,False,False,False
2020-05-26,273.54,0.4111776447105788,0.49667825289811846,0.3615351221595394,-1,True,False,False,False,0.8902195608782435,0.5131235203760021,0.7868560161989919,1,False,False,False
2020-05-27,277.61,0.4550898203592814,0.4962644376489758,0.38232505509281545,-1,True,False,False,False,0.9161676646706587,0.5289291730934396,0.8155919380815846,1,False,False,False
2020-05-28,277.09,0.4590818363273453,0.4958944615164223,0.3993821175893776,-1,True,False,False,False,0.936127744510978,0.5448977445215784,0.842377672843672,1,False,False,False
2020-05-29,278.33,0.47305389221556887,0.4956671921701452,0.41575362306186453,-1,True,False,False,False,0.93812375249501,0.5603183722852423,0.8636545794328583,1,False,False,False
2020-06-01,279.45,0.4750499001996008,0.4954620449863587,0.428930573536917,-1,True,False,False,False,0.9461077844311377,0.5754473688399833,0.8819775138769204,1,False,False,False
2020-06-02,281.77,0.4930139720558882,0.49543768605172717,0.443171328763355,-1,True,False,False,False,0.9481037924151696,0.5900613462350885,0.8966722424409758,1,False,False,False
2020-06-03,285.52,0.5429141716566867,0.4959100888935676,0.4653364049618732,-1,True,False,False,False,0.9461077844311377,0.6040239516545414,0.9076579184387895,1,False,False,False
2020-06-04,284.77,0.5389221556886228,0.4963380696576975,0.481688794012262,-1,True,False,False,False,0.93812375249501,0.6171259046286773,0.9144281037846163,1,False,False,False
2020-06-05,292.07,0.6327345309381237,0.49769524837690576,0.5152545133291202,1,False,False,False,False,0.9401197604790419,0.6297923303482995,0.9201373608278219,1,False,False,False
2020-06-08,295.6,0.7025948103792415,0.49973404998886933,0.5568856904513694,1,False,False,False,False,0.9481037924151696,0.6422751327822944,0.926352123402788,1,False,False,False
2020-06-09,293.39,0.6127744510978044,0.500858830099406,0.5693054150394661,1,False,False,False,False,0.9401197604790419,0.6539553142605983,0.9294115983086222,1,False,False,False
2020-06-10,291.75,0.5429141716566867,0.5012772912094288,0.5634406942877372,1,False,False,False,False,0.936127744510978,0.6650208997606133,0.9309040752424791,1,False,False,False
2020-06-11,274.93,0.40119760479041916,0.5002814734341153,0.5273866743994443,1,False,False,False,False,0.7844311377245509,0.6697036541905717,0.8983545335718284,1,False,False,False
2020-06-12,278.23,0.4291417165668663,0.4995736151568293,0.5055544615477603,1,False,False,False,False,0.7964071856287425,0.6746724201293235,0.8756995673622537,1,False,False,False
2020-06-15,280.82,0.4471057884231537,0.4990515472291311,0.4925658675200699,1,False,False,False,False,0.8203592814371258,0.6803856303766883,0.8634017260455586,1,False,False,False
2020-06-16,286.23,0.4810379241516966,0.4988723071985099,0.49000410232709807,1,False,False,False,False,0.8782435129740519,0.6881447630275653,0.8666999009185571,1,False,False,False
2020-06-17,285.04,0.469061876247505,0.49857568599501734,0.48535027430941075,1,False,False,False,False,0.8562874251497006,0.6947385929147079,0.8643860174143667,1,False,False,False
2020-06-18,285.15,0.4590818363273453,0.49818271236648326,0.4795128436467295,1,False,False,False,False,0.8323353293413174,0.7001345433628102,0.8572636422870225,1,False,False,False
2020-06-19,283.52,0.4550898203592814,0.49775392737138674,0.47408550513840775,1,False,False,False,False,0.7664670658682635,0.702735818755181,0.8370866253050759,1,False,False,False
2020-06-22,285.34,0.4530938123752495,0.4973095481176939,0.4694206845243726,1,False,False,False,False,0.7724550898203593,0.7054699078165605,0.8227240618640278,1,False,False,False
2020-06-23,286.66,0.4590818363273453,0.49692917287599886,0.46712316270281096,1,False,False,False,False,0.7584830339321357,0.7075488539387399,0.8084482778791628,1,False,True,False
2020-06-24,279.34,0.3992015968063872,0.495956759183764,0.45202948139249455,1,False,False,False,False,0.5848303393213573,0.7027363631694308,0.758755402644095,-1,False,False,False
2020-06-25,282.34,0.4171656686626746,0.49517276823330536,0.44428196745253457,1,False,False,False,False,0.6367265469061876,0.7001477429238134,0.7316378791467824,-1,False,False,False
2020-06-26,275.63,0.3772455089820359,0.49399936266861616,0.42938497668131265,-1,True,False,False,False,0.49700598802395207,0.692181399594407,0.6794974588972645,-1,True,False,False
2020-06-29,279.68,0.4111776447105788,0.4931752659725163,0.4253389029100385,-1,True,False,False,False,0.624750499001996,0.6895370505515674,0.6673314678094271,-1,True,False,False
2020-06-30,283.27,0.4491017964071856,0.49273672398679164,0.4306195459094045,-1,True,False,False,False,0.7105788423153693,0.6903622188560303,0.6769419954774143,-1,True,False,False
2020-07-01,285.25,0.44510978043912175,0.4922628240509939,0.43383959802711947,-1,True,False,False,False,0.7005988023952096,0.6907636535046255,0.6821990636813688,-1,True,False,False
2020-07-02,286.82,0.46506986027944114,0.4919922472970481,0.44077965630541316,-1,True,False,False,False,0.7025948103792415,0.6912276204408849,0.6867314518364517,-1,True,False,False
2020-07-06,291.25,0.48502994011976047,0.49192297060871687,0.4506130527086014,-1,True,False,False,False,0.7445109780439122,0.6933171638762977,0.6995713465492207,1,False,False,False
2020-07-07,288.24,0.46107784431137727,0.4916160539291414,0.4529385619536627,-1,True,False,False,False,0.6606786427145709,0.6920372218699554,0.690928523474854,-1,True,False,False
2020-07-08,290.45,0.4590818363273453,0.4912923303709145,0.4543037340367033,-1,True,False,False,False,0.6447105788423154,0.6901812750845578,0.6806578691120677,-1,True,False,False
2020-07-09,288.8,0.437125748502994,0.4907533594070546,0.4504864039181013,-1,True,False,False,False,0.5469061876247505,0.6845626442037811,0.6509352732259972,-1,True,False,False
2020-07-10,291.74,0.4550898203592814,0.49039849832200216,0.45150938534947466,-1,True,False,False,False,0.6526946107784432,0.6833129174027874,0.6513262371265407,-1,True,False,False
2020-07-13,289.22,0.45708582834331335,0.4900670289689804,0.45274859490366104,-1,True,False,True,False,0.6287425149700598,0.6811729016211119,0.6463076322028782,-1,True,False,True
2020-07-14,292.97,0.49500998003992014,0.4901162125617261,0.46214001382282976,-1,True,False,False,False,0.7085828343313373,0.6822478009430816,0.6601465660092025,1,False,False,False
2020-07-15,295.66,0.5409181636726547,0.49062170461258114,0.4796462693450131,-1,True,False,False,False,0.8203592814371258,0.6876639374330441,0.6957493916598521,1,False,False,False
2020-07-16,294.68,0.5429141716566867,0.4911420276677464,0.49370580319205165,-1,False,False,False,False,0.7844311377245509,0.6914587296013385,0.7154564463408962,1,False,False,False
2020-07-17,295.54,0.562874251497006,0.49185578113868433,0.5090765694820415,-1,False,False,False,False,0.7884231536926147,0.6952612560362905,0.7316712701968336,1,False,False,False
2020-07-20,297.93,0.5429141716566867,0.4923638248254307,0.5165960366319626,-1,False,False,False,False,0.7425149700598802,0.697114342860745,0.7340809812775106,1,False,False,False
2020-07-21,298.56,0.5588822355289421,0.493025699558799,0.5259929697201803,-1,False,False,False,False,0.7904191616766467,0.7007733553633294,0.7466005769217631,1,False,False,False
2020-07-22,300.26,0.5988023952095808,0.4940782039931352,0.5421728420511582,1,False,False,False,False,0.8043912175648703,0.7048368009398605,0.7594429415091203,1,False,False,False
2020-07-23,296.68,0.592814371257485,0.49506065341865113,0.5534265152081197,1,False,False,False,False,0.810379241516966,0.7089757201781783,0.7707621192886416,1,False,False,False
2020-07-24,294.77,0.5748502994011976,0.49585458024434814,0.5581873561399148,1,False,False,False,False,0.7225548902195609,0.7095082366503894,0.7600494017177347,1,False,False,False
2020-07-27,296.92,0.5768463073852296,0.49666046807659575,0.5623337897499847,1,False,False,False,False,0.7265469061876247,0.7101764197694967,0.7526044027110437,1,False,False,False
2020-07-28,295.03,0.564870259481038,0.4973391724686798,0.5628974496902188,1,False,False,False,False,0.6786427145708582,0.7089398038793541,0.7361684720132247,-1,False,False,False
2020-07-29,298.66,0.5948103792415169,0.4983090352226384,0.5699892118127295,1,False,False,False,False,0.7524950099800399,0.7106478511774201,0.7397965915614059,1,False,False,False
2020-07-30,297.6,0.5808383233532934,0.4991302221692121,0.5724001254884105,1,False,False,False,False,0.7045908183632734,0.7104103204788261,0.7319730864062653,1,False,False,False
2020-07-31,299.95,0.5728542914171657,0.49986379499754996,0.5725010512503561,1,False,False,False,False,0.6666666666666666,0.7086948830744277,0.7174605486863546,-1,False,False,False
2020-08-03,302.03,0.5768463073852296,0.5006297901456861,0.5734666637247724,1,False,False,False,False,0.6786427145708582,0.7075163666625232,0.7088343633273554,-1,False,False,False
2020-08-04,303.2,0.5728542914171657,0.5013484418996311,0.5733305809897487,1,False,False,False,False,0.6826347305389222,0.7065406162263035,0.7030122227077036,-1,True,False,False
2020-08-05,305.08,0.6007984031936128,0.5023379937533026,0.5794345414794962,1,False,False,False,False,0.7105788423153693,0.706698978033718,0.7046936937316293,-1,True,False,False
2020-08-06,307.12,0.590818363273453,0.5032183954400703,0.5819642796559311,1,False,False,False,False,0.6966067864271457,0.7063032058138524,0.7028966032195217,-1,True,False,False
2020-08-07,307.34,0.626746506986028,0.5044475308783385,0.591915885729286,1,False,False,False,False,0.7405189620758483,0.707645000177068,0.7112571274098165,1,False,False,False
2020-08-10,308.26,0.6467065868263473,0.5058630438728461,0.6040915970841885,1,False,False,False,False,0.7724550898203593,0.7101865723199421,0.7248566746121593,1,False,False,False
2020-08-11,305.72,0.6427145708582834,0.5072247506090196,0.6126744801450985,1,False,False,False,False,0.7584830339321357,0.7120805512066948,0.7323291989054873,1,False,False,False
2020-08-12,309.98,0.6467065868263473,0.5086126295763562,0.6202371705187093,1,False,False,False,False,0.7924151696606786,0.7152309284009687,0.7456816368510853,1,False,False,False
2020-08-13,309.42,0.6407185628742516,0.5099271164748427,0.6247885910421631,1,False,False,False,False,0.7724550898203593,0.7174750131625134,0.7516312930664796,1,False,False,False
2020-08-14,309.43,0.6427145708582834,0.5112483846776631,0.6287721421124121,1,False,False,False,False,0.7764471057884231,0.7197876442458824,0.7571459181158005,1,False,False,False
2020-08-17,310.41,0.6327345309381237,0.5124572020533891,0.6296526729625702,1,False,False,False,False,0.7604790419161677,0.7213833853309917,0.7578866122936598,1,False,False,False
2020-08-18,311.08,0.6347305389221557,0.5136738521714863,0.6307810876202559,1,False,False,False,False,0.7485029940119761,0.7224468993969126,0.755801363786619,1,False,False,False
2020-08-19,309.79,0.6227544910179641,0.514759231662496,0.6289973994864133,1,False,False,False,False,0.7305389221556886,0.7227642336227471,0.7501874878686344,1,False,False,False
2020-08-20,310.75,0.6227544910179641,0.5158338113575753,0.6276100864934246,1,False,False,False,False,0.6786427145708582,0.7210339779736535,0.7342886493580175,-1,False,False,False
2020-08-21,311.85,0.6107784431137725,0.5167785340616171,0.6238697212979464,1,False,False,False,False,0.6606786427145709,0.7186671020811405,0.7179308701039182,-1,True,False,False
2020-08-24,315.01,0.6367265469061876,0.5179720466272347,0.6267267936553333,1,False,False,False,False,0.7524950099800399,0.7199936867046267,0.7256117900763898,1,False,False,False
2020-08-25,316.12,0.6367265469061876,0.5191536834459308,0.6289489610444121,1,False,False,False,False,0.7345309381237525,0.7205637749955728,0.7275938229758038,1,False,False,False
2020-08-26,319.28,0.624750499001996,0.5202043980285782,0.6280159694794307,1,False,False,False,False,0.7325349301397206,0.7210332320600491,0.7286918467900074,1,False,False,False
2020-08-27,319.98,0.6407185628742516,0.5214035439474406,0.6308387680116131,1,False,False,False,False,0.7644710578842315,0.722736676210017,0.7366427825887238,1,False,False,False
2020-08-28,322.05,0.6646706586826348,0.5228290873776416,0.6383569659385068,1,False,False,False,False,0.7884231536926147,0.7253126165034522,0.7481495317229219,1,False,False,False
2020-08-31,320.88,0.6487025948103793,0.5240815600884151,0.6406559945767006,1,False,False,False,False,0.7445109780439122,0.7260654934266075,0.7473409642386976,1,False,False,False
2020-09-01,323.91,0.6526946107784432,0.5253612919360771,0.6433312426215323,1,False,False,False,False,0.7445109780439122,0.7267888457645411,0.7467120784176342,1,False,False,False
2020-09-02,328.59,0.6986027944111777,0.5270850879806055,0.655613809685898,1,False,False,False,False,0.8203592814371258,0.7304582746144463,0.7630781235330768,1,False,True,False
2020-09-03,317.28,0.6686626746506986,0.528493820186278,0.6585135574558537,1,False,False,False,False,0.716566866267465,0.7299135135028001,0.7527422885851631,1,False,False,False
2020-09-04,314.69,0.6606786427145709,0.5298090920522311,0.6589946875133463,1,False,False,False,False,0.6906187624750499,0.7283725428742609,0.7389370605606935,-1,False,False,False
2020-09-08,306.09,0.6187624750499002,0.5306942003407652,0.6500541958548027,1,False,False,False,False,0.5329341317365269,0.7207082914570949,0.693158631933101,-1,True,False,False
2020-09-09,312.14,0.6347305389221557,0.5317293877893363,0.6466489387586589,1,False,False,False,False,0.6187624750499002,0.7167104163038717,0.6766261526257231,-1,True,False,False
2020-09-10,306.72,0.6147704590818364,0.5325556671056797,0.6395648321638094,1,False,False,False,False,0.5289421157684631,0.7093469535377772,0.6438074777685542,-1,True,False,False
2020-09-11,306.87,0.6207584830339321,0.5334333070651648,0.6353856434682812,1,False,False,False,False,0.5269461077844312,0.7021939791945087,0.6178382844387491,-1,True,False,False
2020-09-14,310.92,0.6526946107784432,0.5346199867041028,0.6392320806483172,1,False,False,False,False,0.6107784431137725,0.6986090562109504,0.6162694308109765,-1,True,False,False
2020-09-15,312.49,0.6526946107784432,0.5357948585854395,0.6422237540105673,1,False,False,False,False,0.6167664670658682,0.6953995429111433,0.6163798833120636,-1,True,False,False
2020-09-16,311.25,0.6726546906187625,0.5371566479589055,0.648986184367944,1,False,False,False,False,0.6487025948103793,0.6935682900444466,0.623562708089467,-1,True,False,False
2020-09-17,308.51,0.6626746506986028,0.5384055833095492,0.652028065774757,1,False,False,False,False,0.5868263473053892,0.6893823315056601,0.615399072359672,-1,True,False,False
2020-09-18,304.96,0.6347305389221557,0.5393640405793264,0.6481841709186233,1,False,False,False,False,0.5069860279441117,0.6822295352875601,0.5913072847117696,-1,True,False,False
2020-09-21,301.57,0.5828343313373253,0.5397965807858737,0.6336619843450015,1,False,False,False,False,0.3413173652694611,0.6688604305809681,0.5357539692801455,-1,True,False,False
2020-09-22,304.64,0.6047904191616766,0.5404432856453344,0.6272460809709293,1,False,False,False,False,0.3772455089820359,0.6574245513025786,0.5005298669916767,-1,True,False,False
2020-09-23,297.57,0.5608782435129741,0.5406466185594403,0.6124976726469392,1,False,False,False,False,0.25748502994011974,0.6417406485040509,0.44651990320244184,-1,True,False,False
2020-09-24,298.37,0.5668662674650699,0.5409075105883521,0.6023573603843015,1,False,False,False,False,0.2714570858283433,0.6272197244775525,0.4076170548970866,-1,True,False,False
2020-09-25,303.19,0.590818363273453,0.5414041359882039,0.599793138804113,1,False,False,False,False,0.3532934131736527,0.616477516191125,0.39554513451410134,-1,True,False,False
2020-09-28,308.23,0.626746506986028,0.5422533138090778,0.6057827761778719,1,False,False,False,False,0.47105788423153694,0.6107747855260431,0.4123257455624204,-1,True,False,False
2020-09-29,306.55,0.6087824351297405,0.5429152951157511,0.6064493670560649,1,False,False,False,False,0.42115768463073855,0.6033388207850509,0.4142883986887133,-1,True,False,False
2020-09-30,308.87,0.6307385229540918,0.5437891580793167,0.6118469572556264,1,False,False,False,False,0.46706586826347307,0.5979947834312634,0.4260167252608822,-1,True,False,False
2020-10-01,310.86,0.6467065868263473,0.5448132120967002,0.6195935416046755,1,False,False,False,False,0.5169660678642715,0.5948171867423617,0.4462276902838576,-1,True,False,False
2020-10-02,307.9,0.6506986027944112,0.5458667980737919,0.6265057774246168,1,False,False,False,False,0.5369261477045908,0.592546949917351,0.4663829030440205,-1,True,False,False
2020-10-05,313.36,0.7045908183632734,0.5474461415592594,0.6438580087443182,1,False,False,False,False,0.6367265469061876,0.5942794831325996,0.504237046124502,1,False,False,False
2020-10-06,308.91,0.6806387225548902,0.5487714408726487,0.652031500702223,1,False,False,False,False,0.564870259481038,0.5931261802443031,0.5177110935370656,-1,True,False,False
2020-10-07,314.29,0.7245508982035929,0.5505204901993248,0.6681469223691942,1,False,False,False,False,0.6586826347305389,0.5956970215967046,0.5490381026911708,1,False,False,False
2020-10-08,317.07,0.7564870259481038,0.5525699084654818,0.6877780564978407,1,False,False,False,False,0.7345309381237525,0.6011414889114908,0.5902587327873001,1,False,False,False
2020-10-09,319.9,0.7544910179640718,0.5545790737341245,0.7026031590458921,1,False,False,False,False,0.7504990019960079,0.6069986462873542,0.6258676815003463,1,False,False,False
2020-10-12,325.05,0.7604790419161677,0.5566278296364334,0.7154644663503978,1,False,False,False,False,0.7844311377245509,0.61395678320646,0.6611040051057251,1,False,False,False
2020-10-13,322.93,0.7405189620758483,0.5584575921482685,0.7210321320671647,1,False,False,False,False,0.7465069860279441,0.61915483037593,0.6800824453106626,1,False,False,False
2020-10-14,320.9,0.7345309381237525,0.5602095657400644,0.7240318667464064,1,False,False,False,False,0.7025948103792415,0.6224269864544912,0.6850851931036802,1,False,False,False
2020-10-15,320.5,0.7405189620758483,0.5620036890866892,0.7276956657085045,1,False,False,False,False,0.7005988023952096,0.6254925478639313,0.6885326618351312,1,False,False,False
2020-10-16,320.31,0.7465069860279441,0.5638395427875972,0.7318759591128244,1,False,False,False,False,0.7005988023952096,0.6284378911788833,0.6912140264040375,1,False,False,False
2020-10-19,315.44,0.716566866267465,0.5653592176480934,0.7284739384805223,1,False,False,False,False,0.6107784431137725,0.6277453638037809,0.6733394523395342,1,False,False,False
2020-10-20,316.7,0.7325349301397206,0.5670226575733832,0.7293763810714553,1,False,False,False,False,0.6287425149700598,0.627784467771086,0.6634290218129844,1,False,False,False
2020-10-21,316.1,0.7225548902195609,0.5685702419778228,0.7278604942154787,1,False,False,False,False,0.6087824351297405,0.6270392900204449,0.6512853358833746,1,False,False,False
2020-10-22,317.84,0.7465069860279441,0.5703407568439932,0.7320041590626932,1,False,False,False,False,0.6606786427145709,0.6283584803221753,0.6533727374014181,1,False,False,False
2020-10-23,318.92,0.7504990019960079,0.5721333761987396,0.7361141241589855,1,False,False,False,False,0.6726546906187625,0.630095586608316,0.6576576158941614,1,False,True,False
2020-10-26,313.02,0.7105788423153693,0.5735109430257708,0.7304396170826263,1,False,False,False,False,0.5289421157684631,0.6261287838302825,0.629054171421784,-1,False,False,False
2020-10-27,311.94,0.6646706586826348,0.5744180048731028,0.7158242929937393,1,False,False,False,False,0.4590818363273453,0.6195779231438928,0.5912825414007976,-1,True,False,False
2020-10-28,301.28,0.5828343313373253,0.5745017494150354,0.6862709681812029,1,False,False,False,False,0.2694610778443114,0.6058478507792034,0.5197666606104674,-1,True,False,False
2020-10-29,304.34,0.6107784431137725,0.574862711541391,0.6694948514995518,1,False,False,False,False,0.3333333333333333,0.5951610069577967,0.4783370323266598,-1,True,False,False
2020-10-30,301.17,0.6107784431137725,0.5752200820047978,0.6564467607471565,1,False,False,False,False,0.2874251497005988,0.5830929341241812,0.4359121695208684,-1,True,False,False
2020-11-02,304.55,0.6746506986027944,0.5762094413739322,0.6604920802706316,1,False,False,False,False,0.42714570858283435,0.5769773566519715,0.4339640670901942,-1,True,False,False
2020-11-03,309.92,0.7145708582834331,0.5775861718904447,0.6725095864956985,1,False,False,False,False,0.5389221556886228,0.5754849958298793,0.4572880867787339,-1,True,False,True
2020-11-04,316.85,0.7285429141716567,0.5790882290275713,0.6849614370903558,1,False,False,False,False,0.590818363273453,0.5760863043570783,0.48696148155533814,-1,True,False,False
2020-11-05,323.03,0.7544910179640718,0.5808335304100241,0.7004124550622928,1,False,False,False,False,0.6866267465069861,0.5804212236570747,0.5313315404334821,1,False,False,False
2020-11-06,322.96,0.7365269461077845,0.5823827186259222,0.7084378975168465,1,False,False,False,False,0.6686626746506986,0.5838816727156483,0.5618495702595302,1,False,False,False
2020-11-09,327.01,0.8183632734530938,0.5847307838480831,0.7328657588360126,1,False,False,False,False,0.7405189620758483,0.5900243115140875,0.6015538795520453,1,False,False,False
2020-11-10,326.53,0.844311377245509,0.5873136753246744,0.7576314518159006,1,False,False,False,False,0.7644710578842315,0.5968653603913481,0.6377576969591978,1,False,False,False
2020-11-11,328.96,0.8363273453093812,0.5897914232847213,0.7751194281477852,1,False,False,False,False,0.8203592814371258,0.6056298278833394,0.6783358268431818,1,False,False,False
2020-11-12,325.77,0.8183632734530938,0.5920657700525659,0.7847291715489649,1,False,False,False,False,0.7744510978043913,0.6122502698410277,0.6996947759456728,1,False,False,False
2020-11-13,330.28,0.8542914171656687,0.5946749804716018,0.800187448352677,1,False,False,False,False,0.8243512974051896,0.620567957196485,0.7273962251588987,1,False,False,False
2020-11-16,334.4,0.8802395209580839,0.5975164186853977,0.8179767978205452,1,False,False,False,False,0.844311377245509,0.6293422089631134,0.7533773700670343,1,False,False,False
2020-11-17,332.6,0.8822355289421158,0.6003494446581015,0.832256515847561,1,False,False,False,False,0.8403193612774451,0.6376158227793618,0.7726978125582368,1,False,False,False
2020-11-18,328.6,0.8662674650698603,0.6029953951099598,0.8398145045636275,1,False,False,False,False,0.8043912175648703,0.6441560343395778,0.7797407914485998,1,False,False,False
2020-11-19,329.98,0.872255489021956,0.605674600024507,0.8470236122210338,1,False,False,False,False,0.7984031936127745,0.6502049425463698,0.7838879919295275,1,False,False,False
2020-11-20,327.72,0.8622754491017964,0.608227842303883,0.8504129093056477,1,False,False,False,False,0.7744510978043913,0.6550773407917825,0.7817909043461638,1,False,False,False
2020-11-23,329.69,0.8762475049900199,0.610894704619168,0.8561539305688416,1,False,False,False,False,0.7884231536926147,0.660306588356521,0.7832647375342641,1,False,False,False
2020-11-24,335.0,0.8902195608782435,0.6136740564227409,0.8637240706375975,1,False,False,False,False,0.7924151696606786,0.6654873170351155,0.7852981668956895,1,False,False,False
2020-11-25,334.48,0.8882235528942116,0.6164058922085266,0.8691684000279561,1,False,False,False,False,0.7864271457085829,0.6702300554144672,0.7855490510763325,1,False,False,False
2020-11-27,335.42,0.8962075848303394,0.6191899886525247,0.875177107761819,1,False,False,False,False,0.7924151696606786,0.6750216285221619,0.7870748552061873,1,False,False,False
2020-11-30,333.93,0.8822355289421158,0.6218073572126201,0.876745645801885,1,False,False,False,False,0.812375249500998,0.6804080450311358,0.7926971650494786,1,False,False,False
2020-12-01,337.58,0.9001996007984032,0.6245774292881006,0.8819576358011113,1,False,False,False,False,0.8183632734530938,0.6858180539888596,0.7984007446947264,1,False,False,False
2020-12-02,338.29,0.9001996007984032,0.6273199384573573,0.8860114058005095,1,False,False,False,False,0.8043912175648703,0.6904679819722326,0.7997319608880917,1,False,False,False
2020-12-03,338.2,0.8962075848303394,0.6299954374262428,0.8882772233626939,1,False,False,False,False,0.7844311377245509,0.6941528116095784,0.7963317779628604,1,False,False,False
2020-12-04,341.12,0.8982035928143712,0.6326641752908013,0.8904830832408444,1,False,False,False,False,0.7964071856287425,0.6981627870613103,0.7963485352219453,1,False,False,False
2020-12-07,340.42,0.9001996007984032,0.6353262193257029,0.8926423093647463,1,False,False,False,False,0.7924151696606786,0.7018589589279522,0.7954744539861082,1,False,False,False
2020-12-08,341.41,0.8962075848303394,0.6379220538083361,0.8934345928015447,1,False,False,False,False,0.7864271457085829,0.7051753584095456,0.7934639410355471,1,False,False,False
2020-12-09,338.35,0.8902195608782435,0.6404324767642555,0.8927201412630332,1,False,False,False,False,0.7664670658682635,0.7075789547804757,0.7874646354428174,1,False,False,False
2020-12-10,338.24,0.8822355289421158,0.6428384772834382,0.8903902274139404,1,False,False,False,False,0.7365269461077845,0.7087141701266447,0.7761451489239212,1,False,False,False
2020-12-11,337.84,0.8842315369261478,0.645240398274908,0.8890216295277642,1,False,False,False,False,0.7345309381237525,0.7097265924010411,0.7668975465238838,1,False,False,False
2020-12-14,336.33,0.8802395209580839,0.6475786980030989,0.887070049845613,1,False,False,False,False,0.7245508982035929,0.7103079377266314,0.7574871802304858,1,False,False,False
2020-12-15,340.88,0.8962075848303394,0.6500526172750117,0.8891006131755521,1,False,False,False,False,0.7844311377245509,0.7132147298834125,0.763474726340278,1,False,False,False
2020-12-16,341.41,0.8922155688622755,0.6524621988828453,0.8897928255503795,1,False,False,False,False,0.780439121756487,0.7158509805451018,0.7672445919883245,1,False,False,False
2020-12-17,343.32,0.8962075848303394,0.6548875261062035,0.8912183276125928,1,False,False,False,False,0.8203592814371258,0.7199493452859655,0.7790478563102803,1,False,False,False
2020-12-18,341.95,0.8902195608782435,0.6572291383924924,0.890996379449404,1,False,False,False,False,0.8023952095808383,0.7231825164347842,0.7842361570370711,1,False,False,False
2020-12-21,340.73,0.8762475049900199,0.6594084256223185,0.8877188517917631,1,False,False,False,False,0.7744510978043913,0.7251930490375138,0.7820616994298089,1,False,False,False
2020-12-22,340.16,0.872255489021956,0.6615263068501755,0.8842825489540281,1,False,False,False,False,0.7724550898203593,0.7270464624015469,0.7799268972943756,1,False,False,False
2020-12-23,340.46,0.874251497005988,0.6636429754089398,0.8820534262989081,1,False,False,False,False,0.7624750499001997,0.7284358187740432,0.7760487089845587,1,False,False,False
2020-12-24,341.79,0.8822355289421158,0.6658180256928521,0.8820938935529543,1,False,False,False,False,0.7944111776447106,0.7310230877493634,0.7801292575757035,1,False,False,False
2020-12-28,344.72,0.8782435129740519,0.6679317121334611,0.8812382534243093,1,False,False,False,False,0.7884231536926147,0.7332740707275301,0.7819723456016838,1,False,False,False
2020-12-29,344.06,0.8762475049900199,0.6700045060922328,0.8801291982166894,1,False,False,False,False,0.7844311377245509,0.7352802302176094,0.7825187438512098,1,False,False,False
2020-12-30,344.56,0.8802395209580839,0.6720963967874155,0.8801537143814437,1,False,False,False,False,0.8003992015968064,0.7378339153697347,0.7864921789057868,1,False,False,False
2020-12-31,346.31,0.8982035928143712,0.6743462196334549,0.8841647984776498,1,False,False,False,False,0.8263473053892215,0.7413050287038323,0.7953488736798834,1,False,False,False
2021-01-04,341.59,0.8842315369261478,0.6764346307507951,0.8841796292439827,1,False,False,False,False,0.716566866267465,0.7403349046867199,0.7778417609215682,1,False,False,False
2021-01-05,343.94,0.8842315369261478,0.6785022616580126,0.8841911642844639,1,False,False,False,False,0.7485029940119761,0.7406552219151614,0.7713220349416589,1,False,False,False
2021-01-06,346.0,0.8962075848303394,0.6806684837791304,0.886861479961325,1,False,False,False,False,0.8023952095808383,0.7430763979020508,0.7782271848614766,1,False,False,False
2021-01-07,351.14,0.8842315369261478,0.6826939867955186,0.88627704817573,1,False,False,False,False,0.812375249500998,0.745793999925539,0.7858156436702591,1,False,False,False
2021-01-08,353.14,0.8902195608782435,0.6847589178809188,0.887153162109622,1,False,False,False,False,0.8183632734530938,0.7486398537893647,0.7930484502886668,1,False,False,False
2021-01-11,350.76,0.8842315369261478,0.6867437200604734,0.8865039120688499,1,False,False,False,False,0.780439121756487,0.7498868839057224,0.7902463772815157,1,False,False,False
2021-01-12,350.84,0.8822355289421158,0.6886889121886489,0.8855553824851312,1,False,False,False,False,0.7544910179640718,0.7500674381825204,0.7823007418776393,1,False,False,False
2021-01-13,351.78,0.8802395209580839,0.69059488839531,0.8843740799235651,1,False,False,False,False,0.7704590818363274,0.7508671104826697,0.7796692618684589,1,False,True,False
2021-01-14,350.55,0.8762475049900199,0.6924421781126703,0.8825681743827773,1,False,False,False,False,0.7345309381237525,0.7502264762725162,0.7696385232585241,1,False,False,False
2021-01-15,347.99,0.8822355289421158,0.6943306691656996,0.8824942531737414,1,False,False,False,False,0.7145708582834331,0.7488282167435325,0.7574012643751706,-1,False,False,False
2021-01-19,350.72,0.8882235528942116,0.696259951590859,0.8837674308894015,1,False,False,False,False,0.7105788423153693,0.7473282412757615,0.7469962816952148,-1,True,False,False
2021-01-20,355.58,0.8942115768463074,0.6982296195038485,0.8860883522131583,1,False,False,False,False,0.7724550898203593,0.7483136078853536,0.7526537946119136,-1,False,False,False
2021-01-21,355.9,0.8862275449101796,0.7001002456272947,0.8861192839236075,1,False,False,False,False,0.7445109780439122,0.7481644851464736,0.7508442798190245,-1,False,False,False
2021-01-22,354.64,0.8802395209580839,0.7018926762276011,0.8848126699312688,1,False,False,False,False,0.7025948103792415,0.7463774390771704,0.7401221754990727,-1,True,False,False
2021-01-25,356.04,0.8902195608782435,0.7037665755773587,0.8860142012528187,1,False,False,False,False,0.6986027944111777,0.7445039236000727,0.7308956463684294,-1,True,False,False
2021-01-26,355.49,0.8842315369261478,0.7055622468345606,0.8856180536246696,1,False,False,False,False,0.654690618762475,0.7409818332142846,0.7139611957893284,-1,True,False,False
2021-01-27,346.8,0.8542914171656687,0.7070421390766612,0.8786565788560028,1,False,False,False,False,0.43912175648702595,0.7291441831465489,0.6528857648332612,-1,True,False,False
2021-01-28,349.78,0.8582834331337326,0.7085470275747415,0.8741292131399427,1,False,False,False,False,0.5429141716566867,0.7218410454410642,0.6284476330162446,-1,True,False,False
2021-01-29,342.78,0.8383233532934131,0.7098383342983104,0.8661723553962695,1,False,False,False,False,0.405189620758483,0.7094233425123355,0.5788347414034087,-1,True,False,False
2021-02-01,348.48,0.8582834331337326,0.7113153999583645,0.8644192615601501,1,False,False,False,False,0.5049900199600799,0.7014063494710706,0.5624248033048912,-1,True,False,False
2021-02-02,353.41,0.872255489021956,0.7129167938793952,0.8661606454405514,1,False,False,False,False,0.5788423153692615,0.6965999167611957,0.5660731393191958,-1,True,False,False
2021-02-03,353.69,0.8642714570858283,0.714422810428713,0.8657408258061685,1,False,False,False,False,0.5888223552894212,0.6923733457230868,0.5711285206459126,-1,True,False,False
2021-02-04,357.71,0.8762475049900199,0.7160330063944972,0.8680756434025799,1,False,False,False,False,0.6646706586826348,0.6912869658391475,0.5919156624318508,-1,True,False,False
2021-02-05,359.12,0.8782435129740519,0.7176470412858361,0.8703351699740182,1,False,False,False,False,0.6946107784431138,0.6914173114314599,0.6147367993232425,-1,True,False,False
2021-02-08,361.71,0.8822355289421158,0.719284737680426,0.872979694189151,1,False,False,False,False,0.7065868263473054,0.6920121943693363,0.6351479164397009,-1,True,False,False
2021-02-09,361.47,0.8822355289421158,0.7209061385885026,0.8750365463564764,1,False,False,False,False,0.7085828343313373,0.692662023387454,0.6514667870822868,-1,True,False,False
2021-02-10,361.31,0.8762475049900199,0.7224518238263287,0.8753056482750416,1,False,False,False,False,0.720558882235529,0.6937560178520844,0.6668205860052294,1,False,False,False
2021-02-11,361.9,0.8642714570858283,0.7238629644557765,0.8728536057885499,1,False,False,False,False,0.7005988023952096,0.6940243623439717,0.6743268563141139,1,False,False,False
2021-02-12,363.68,0.8602794411177644,0.7252203423330101,0.8700593469728197,1,False,False,False,False,0.7065868263473054,0.6945170079911612,0.6814957385437119,1,False,False,False
2021-02-16,363.37,0.8562874251497006,0.7265244924107882,0.8669989199010155,1,False,False,False,False,0.6926147704590818,0.6944424104408836,0.6839666345249052,1,False,False,False
2021-02-17,363.45,0.872255489021956,0.727974552078561,0.8681670463723355,1,False,False,False,False,0.6726546906187625,0.6935879900557024,0.6814528692124291,1,False,False,False
2021-02-18,361.9,0.8702594810379242,0.7293903225159676,0.8686320318535774,1,False,False,False,False,0.6766467065868264,0.6929236259980994,0.6803848330734062,1,False,False,False
2021-02-19,361.27,0.8582834331337326,0.7306728410295772,0.8663323432491674,1,False,False,False,False,0.6526946107784432,0.6913460175581129,0.6742314503411921,-1,True,False,False
2021-02-22,358.49,0.8383233532934131,0.7317439904053368,0.8601081232589998,1,False,False,False,False,0.6227544910179641,0.6886561537722247,0.6627921260471414,-1,True,False,False
2021-02-23,358.92,0.8403193612774451,0.732824342354313,0.8557106205964321,1,False,False,False,False,0.6347305389221557,0.6865414237781043,0.6565562177971446,-1,True,False,False
2021-02-24,362.88,0.8383233532934131,0.7338740837566922,0.8518467834179835,1,False,False,False,False,0.6606786427145709,0.6855271970697304,0.6574723122232393,-1,True,False,False
2021-02-25,354.13,0.8063872255489022,0.7345956075556196,0.8417446594470765,1,False,False,False,False,0.5808383233532934,0.6814217510416348,0.6404425369188069,-1,True,False,False
2021-02-26,352.31,0.7744510978043913,0.734992179597896,0.8267905346375909,1,False,False,False,False,0.5289421157684631,0.6754421575015104,0.6156646655520639,-1,True,False,False
2021-03-01,360.85,0.8143712574850299,0.7357820211689122,0.8240306952703551,1,False,False,False,False,0.6327345309381237,0.6737673486166716,0.6194579689711883,-1,True,False,False
2021-03-02,358.03,0.8043912175648703,0.7364646997400163,0.8196663668913585,1,False,False,False,False,0.6047904191616766,0.6710623709909856,0.6161985134579635,-1,True,False,False
2021-03-03,353.29,0.7864271457085829,0.7369618385058727,0.8122798732951861,1,False,False,False,False,0.5469061876247505,0.6661935010550549,0.6008002188283607,-1,True,False,False
2021-03-04,348.92,0.7524950099800399,0.7371163974260136,0.7989943481140426,1,False,False,False,False,0.46107784431137727,0.6581497498102048,0.5697508022690311,-1,True,False,False
2021-03-05,355.34,0.7944111776447106,0.7376864947416226,0.7979758657875244,1,False,False,False,False,0.592814371257485,0.655587578102255,0.5748760398220208,-1,True,False,False
2021-03-08,353.57,0.7764471057884231,0.7380721724634813,0.7931916968988353,1,False,False,False,False,0.6127744510978044,0.6539086319452178,0.5832979089944171,-1,True,False,False
2021-03-09,358.62,0.812375249500998,0.7388115065633571,0.7974547085882048,1,False,False,False,False,0.6427145708582834,0.6534696491574948,0.5965016116308318,-1,True,False,True
2021-03-10,360.85,0.8163672654690619,0.7395832056569462,0.801657499006173,1,False,False,False,False,0.6826347305389222,0.6546133778391194,0.6156423047215186,1,False,False,False
2021-03-11,364.51,0.8243512974051896,0.7404266692564313,0.8067005653170656,1,False,False,False,False,0.6986027944111777,0.656338452998808,0.6340779690969984,1,False,False,False
2021-03-12,365.0,0.8343313373253493,0.7413610440630872,0.8128407368744619,1,False,False,False,False,0.7085828343313373,0.6583872522667503,0.6506346058157404,1,False,False,False
2021-03-15,367.17,0.8522954091816367,0.7424648685916301,0.8216084418316119,1,False,False,False,False,0.7684630738522954,0.6627039511524581,0.6768187098238638,1,False,False,False
2021-03-16,366.71,0.8542914171656687,0.7435775705674912,0.82887132523918,1,False,False,False,False,0.7704590818363274,0.6669296425518255,0.6976276813821891,1,False,False,False
2021-03-17,367.96,0.8502994011976048,0.74463947932998,0.8336331198966077,1,False,False,False,False,0.7584830339321357,0.6705199716255632,0.7111510930599549,1,False,False,False
2021-03-18,362.61,0.8363273453093812,0.745551796404402,0.8342318366550018,1,False,False,False,False,0.7045908183632734,0.6718560832623361,0.7096932542384702,1,False,False,False
2021-03-19,361.94,0.8383233532934131,0.7464748964729494,0.8351410625746487,1,False,False,False,False,0.7005988023952096,0.6729832487185272,0.7076722649399678,1,False,False,False
2021-03-22,364.83,0.8542914171656687,0.7475476976738721,0.8393966969282087,1,False,False,False,False,0.7345309381237525,0.6753968835971635,0.7136408589808089,1,False,False,False
2021-03-23,361.95,0.8562874251497006,0.74862968501194,0.8431501920885403,1,False,False,False,False,0.6786427145708582,0.6755241710863281,0.7058634935563753,1,False,False,False
2021-03-24,360.11,0.8502994011976048,0.7496413239789617,0.844738905223888,1,False,False,False,False,0.6746506986027944,0.6754899172634444,0.6989273169000241,1,False,False,False
2021-03-25,362.14,0.8582834331337326,0.7507223399904519,0.8477488003149646,1,False,False,False,False,0.720558882235529,0.6772573276545066,0.7037343314190252,1,False,False,False
2021-03-26,367.98,0.8942115768463074,0.7521500935910077,0.8580738617663741,1,False,False,False,False,0.7884231536926147,0.6816167718128638,0.7225540697020452,1,False,False,False
2021-03-29,367.79,0.9021956087824351,0.7536430837919175,0.8678786944366099,1,False,False,False,False,0.7764471057884231,0.6853356084393564,0.7345302999434624,1,False,False,False
2021-03-30,366.81,0.8842315369261478,0.7549424713852929,0.871512659434285,1,False,False,False,False,0.7604790419161677,0.6882824097521726,0.740296687048508,1,False,False,False
2021-03-31,368.3,0.8962075848303394,0.7563480944046467,0.8770004206334082,1,False,False,False,False,0.7864271457085829,0.6921312229269337,0.7505479000840802,1,False,False,False
2021-04-01,372.28,0.9041916167664671,0.7578191742291424,0.8830429086629769,1,False,False,False,False,0.8343313373253493,0.6977076980013813,0.7691664416932511,1,False,False,False
2021-04-05,377.62,0.9141716566866267,0.7593749203232467,0.889960408223788,1,False,False,False,False,0.8542914171656687,0.703848236007824,0.7880831029093438,1,False,False,False
2021-04-06,377.4,0.9141716566866267,0.7609151863567132,0.8953406856599744,1,False,False,False,False,0.8582834331337326,0.7099045182480557,0.8036831762925413,1,False,False,False
2021-04-07,377.84,0.9101796407185628,0.7624004048080749,0.8986382312285496,1,False,False,False,False,0.846307385229541,0.7152536502865453,0.8131552227229857,1,False,False,False
2021-04-08,379.63,0.9101796407185628,0.7638708449663882,0.901202988892997,1,False,False,False,False,0.8602794411177644,0.7209409362014951,0.8236272712551588,1,False,False,False
2021-04-09,382.39,0.9121756487025948,0.7653465146553058,0.9036413577395743,1,False,False,False,False,0.8602794411177644,0.7264051912962508,0.8317721978912934,1,False,False,False
2021-04-12,382.53,0.9121756487025948,0.7668075010637365,0.9055378668424677,1,False,False,False,False,0.8682634730538922,0.7319682611690995,0.8398813701496487,1,False,False,False
2021-04-13,383.66,0.9141716566866267,0.7682738110699344,0.9074564868078364,1,False,False,False,False,0.8702594810379242,0.7373914462619946,0.8466320614581543,1,False,False,False
2021-04-14,382.35,0.9141716566866267,0.769725530926817,0.9089487467809009,1,False,False,False,False,0.8862275449101796,0.7432281560129038,0.8554310577808266,1,False,False,False
2021-04-15,386.46,0.9241516966067864,0.7712621096898018,0.912327180075542,1,False,False,False,False,0.8962075848303394,0.749227349299862,0.8644925082362739,1,False,False,False
2021-04-16,387.75,0.9261477045908184,0.772803259887822,0.9153984077456034,1,False,False,False,False,0.8882235528942116,0.7546781808133659,0.8697660737158156,1,False,False,False
2021-04-19,385.85,0.9161676646706587,0.7742297713781985,0.9155693537289491,1,False,False,False,False,0.8622754491017964,0.7588976815305594,0.8681014904682558,1,False,False,False
2021-04-20,383.02,0.9221556886227545,0.7757016710522737,0.9170329837053502,1,False,False,False,False,0.7784431137724551,0.7596641690694572,0.8481774067580778,1,False,False,False
2021-04-21,386.65,0.9341317365269461,0.7772780896142109,0.9208327065545938,1,False,False,False,False,0.8423153692614771,0.7629053926063992,0.8468747317588332,1,False,False,False
2021-04-22,383.11,0.9341317365269461,0.7788388224193128,0.9237880465484498,1,False,False,False,False,0.812375249500998,0.7648453869944227,0.839208180145981,1,False,False,False
2021-04-23,387.27,0.9321357285429142,0.7803641647688013,0.9256430869916641,1,False,False,False,False,0.8562874251497006,0.7684313492750219,0.8430035679245853,1,False,False,False
2021-04-26,388.08,0.9241516966067864,0.781794886478632,0.9253116669061356,1,False,False,False,False,0.872255489021956,0.7725028841670586,0.8495039948351121,1,False,False,False
2021-04-27,387.99,0.9201596806387226,0.783171650599628,0.9241667810689328,1,False,False,False,False,0.8682634730538922,0.7762582013783069,0.8536727677726188,1,False,False,False
2021-04-28,387.88,0.9141716566866267,0.7844751332472598,0.9219456423173092,1,False,False,False,False,0.8642714570858283,0.7797097016021313,0.8560280320644431,1,False,False,False
2021-04-29,390.35,0.9221556886227545,0.7858450890221405,0.9219923192740749,1,False,False,False,False,0.8522954091816367,0.7825561999385825,0.8551985603127084,1,False,False,False
2021-04-30,387.79,0.9121756487025948,0.7871021095164734,0.9198108369248571,1,False,False,False,False,0.810379241516966,0.783647299608323,0.8452387116914323,1,False,False,False
2021-05-03,388.62,0.9121756487025948,0.7883466223441961,0.918114128431021,1,False,False,False,False,0.8203592814371258,0.7850869851702369,0.8397099494126974,1,False,True,False
2021-05-04,386.23,0.9041916167664671,0.7894993088558604,0.915020236950009,1,False,False,False,False,0.7604790419161677,0.7841219677877245,0.8221030810801353,1,False,False,False
2021-05-05,386.35,0.8962075848303394,0.7905610827461538,0.9108396475900824,1,False,False,False,False,0.7584830339321357,0.7831165194012308,0.8079652928250243,-1,False,False,False
2021-05-06,389.43,0.8922155688622755,0.7915725701701949,0.9067009634283476,1,False,False,False,False,0.7604790419161677,0.7822287751861304,0.7974127926230562,-1,False,False,False
2021-05-07,392.27,0.8942115768463074,0.7925938538187135,0.9039255441878943,1,False,False,False,False,0.8063872255489022,0.7831761653964352,0.799407111051022,-1,False,False,False
2021-05-10,388.38,0.8862275449101796,0.7935255323370366,0.8999926554595132,1,False,False,False,False,0.7465069860279441,0.7817381583623767,0.7876515277125603,-1,False,False,False
2021-05-11,384.92,0.8822355289421158,0.7944082188704206,0.896046627344536,1,False,False,False,False,0.7245508982035929,0.779495520709091,0.7736291655994565,-1,True,False,False
2021-05-12,376.74,0.846307385229541,0.7949246284859343,0.8849934624300926,1,False,False,False,False,0.6147704590818364,0.7730357143707673,0.7383272308177631,-1,True,False,False
2021-05-13,381.26,0.8602794411177644,0.795574925129037,0.8795014576940197,1,False,False,False,False,0.6706586826347305,0.7690209288124914,0.7232897756659781,-1,True,False,False
2021-05-14,387.12,0.8802395209580839,0.7964173589183808,0.8796654717527006,1,False,False,False,False,0.7325349301397206,0.7675901053351278,0.7253442544379209,-1,True,False,False
2021-05-17,386.13,0.8662674650698603,0.7971123848502364,0.8766881369342917,1,False,False,False,False,0.7105788423153693,0.7653543695304315,0.7220630517440205,-1,True,False,False
2021-05-18,382.81,0.8582834331337326,0.7977210519973359,0.8725982027563897,1,False,False,False,False,0.6487025948103793,0.7607797901296451,0.7057607279809891,-1,True,False,False
2021-05-19,381.8,0.8662674650698603,0.7984031058587541,0.8711913721593831,1,False,False,False,False,0.6167664670658682,0.7551322088330265,0.6859842255554066,-1,True,False,False
2021-05-20,385.91,0.8842315369261478,0.7992571200982307,0.8740891865519975,1,False,False,False,False,0.6706586826347305,0.7518195215311325,0.6825785493508119,-1,True,False,False
2021-05-21,385.6,0.8762475049900199,0.800023193579741,0.8745688128715581,1,False,False,False,False,0.6586826347305389,0.748167094597776,0.6772683461018623,-1,True,False,False
2021-05-24,389.53,0.8842315369261478,0.8008610875433869,0.8767160848836891,1,False,False,False,False,0.7025948103792415,0.7463799461970492,0.6828964492746132,-1,True,False,False
2021-05-25,388.66,0.8822355289421158,0.8016707834777027,0.877942628007784,1,False,False,False,False,0.7005988023952096,0.744584607224428,0.6868303055236347,-1,True,False,False
2021-05-26,389.43,0.8782435129740519,0.8024327011841341,0.8780094913336213,1,False,False,False,False,0.720558882235529,0.7436424219307457,0.6943255447929445,-1,True,False,False
2021-05-27,389.64,0.8782435129740519,0.8031870376198548,0.8780614961426059,1,False,False,False,False,0.7345309381237525,0.7432851088402754,0.7032600766442352,-1,True,False,False
2021-05-28,390.33,0.8862275449101796,0.8040133113242361,0.8798761736465112,1,False,False,False,False,0.7564870259481038,0.7438028310797982,0.7150882876006504,-1,True,False,False
2021-06-01,389.99,0.874251497005988,0.804712198743955,0.8786262455041727,1,False,False,False,False,0.7065868263473054,0.742343379913818,0.7131990739887959,-1,True,False,False
2021-06-02,390.6,0.8782435129740519,0.8054438536119163,0.8785411938308125,1,False,False,False,False,0.7045908183632734,0.7408628873039927,0.7112861282942353,-1,True,False,False
2021-06-03,389.15,0.8682634730538922,0.806068924452135,0.8762572558803858,1,False,False,False,False,0.6806387225548902,0.7385011553530475,0.7044755936854921,-1,True,False,False
2021-06-04,392.71,0.8862275449101796,0.8068665226656478,0.8784728756647845,1,False,False,False,False,0.7085828343313373,0.7373278878620001,0.7053883138290132,-1,True,False,False
2021-06-07,392.33,0.8762475049900199,0.8075568806987261,0.8779783488481702,1,False,False,False,False,0.6766467065868264,0.7349482336943463,0.6990012899974162,-1,True,False,False
2021-06-08,392.42,0.8782435129740519,0.808260230273605,0.8780372742094772,1,False,False,False,False,0.6626746506986028,0.7321139755376505,0.6909287034865688,-1,True,False,False
2021-06-09,391.83,0.8782435129740519,0.8089565813452514,0.8780831050460494,1,False,False,False,False,0.6387225548902196,0.72845156688481,0.6793273371318245,-1,True,False,False
2021-06-10,393.65,0.8962075848303394,0.8098247505341578,0.882110767220336,1,False,False,False,False,0.6506986027944112,0.7254024310381277,0.6729653961679548,-1,True,False,False
2021-06-11,394.3,0.906187624750499,0.8107835851034747,0.8874611800048167,1,False,False,False,False,0.6626746506986028,0.7229425180836365,0.6706785638414321,-1,True,False,False
2021-06-14,395.19,0.908183632734531,0.8117527398062714,0.8920661695003087,1,False,False,False,False,0.6367265469061876,0.7195614996060895,0.6631336711891556,-1,True,False,False
2021-06-15,394.46,0.8962075848303394,0.8125930865229288,0.8929864840180932,1,False,False,False,False,0.6427145708582834,0.716547894557156,0.6585960933378506,-1,True,False,False
2021-06-16,392.26,0.8782435129740519,0.8132463245970695,0.8897102682305285,1,False,False,False,False,0.5708582834331337,0.710834576473861,0.6390988022479135,-1,True,False,False
2021-06-17,392.13,0.8822355289421158,0.8139327843417964,0.8880492150553256,1,False,False,False,False,0.47904191616766467,0.7017446682265591,0.6035306053411915,-1,True,False,False
2021-06-18,386.84,0.8642714570858283,0.8144336666576575,0.8827652688398817,1,False,False,False,False,0.35528942115768464,0.6881581879493484,0.5483658977448567,-1,True,False,False
2021-06-21,392.38,0.8782435129740519,0.8150685905016017,0.8817604342030306,1,False,False,False,False,0.49700598802395207,0.6806620232463916,0.5369525844735445,-1,True,False,False
2021-06-22,394.48,0.8782435129740519,0.8156971966953576,0.8809788961521464,1,False,False,False,False,0.48502994011976047,0.6729901768492689,0.5254142190615926,-1,True,False,False
2021-06-23,394.0,0.8682634730538922,0.8162202442213132,0.8781532465747566,1,False,False,False,False,0.46706586826347307,0.6649147137674729,0.5124479188842327,-1,True,False,False
2021-06-24,396.33,0.8782435129740519,0.8168373911740768,0.8781733057746,1,False,False,False,False,0.5049900199600799,0.6586431571475752,0.5107906080121988,-1,True,False,False
2021-06-25,397.74,0.9001996007984032,0.817666865896707,0.8830680380021119,1,False,False,False,False,0.5688622754491018,0.6551223382574389,0.5236954229981772,-1,True,False,False
2021-06-28,398.54,0.9021956087824351,0.8185079479154704,0.8873186092866282,1,False,False,False,False,0.5169660678642715,0.6497044453008441,0.5222000107461982,-1,True,False,False
2021-06-29,398.76,0.8882235528942116,0.8192016355271992,0.8875197078660911,1,False,False,False,False,0.49500998003992014,0.6436379956827688,0.5161577817003585,-1,True,False,False
2021-06-30,399.09,0.8882235528942116,0.8198884207746321,0.8876761178723401,1,False,False,False,False,0.499001996007984,0.6379659956955224,0.5123453848798308,-1,True,False,False
2021-07-01,401.3,0.8882235528942116,0.8205683723380109,0.8877977700994226,1,False,False,False,False,0.5728542914171657,0.6354125955277437,0.5257918085547941,-1,True,False,False
2021-07-02,404.37,0.8942115768463074,0.8213011405420737,0.8892230604876192,1,False,False,False,False,0.5728542914171657,0.6329593286998778,0.5362501380797656,-1,True,False,False
2021-07-06,403.63,0.8922155688622755,0.8220067567442648,0.889888062348654,1,False,False,False,False,0.500998003992016,0.6277843747897656,0.5284163305047102,-1,True,False,False
2021-07-07,405.06,0.8922155688622755,0.8227053518897177,0.8904052860183477,1,False,False,False,False,0.5269461077844312,0.6238299329464192,0.5280896143446482,-1,True,False,False
2021-07-08,401.76,0.8882235528942116,0.8233572742877724,0.8899204564352063,1,False,False,False,False,0.4630738522954092,0.6175257729208894,0.5136416672225951,-1,True,False,False
2021-07-09,406.05,0.8942115768463074,0.8240622922236783,0.8908740387487843,1,False,False,False,False,0.5828343313373253,0.6161653242313379,0.5290178148036462,-1,True,False,False
2021-07-12,407.5,0.8922155688622755,0.8247404342797838,0.8911721565517824,1,False,False,False,False,0.5868263473053892,0.6150147761165948,0.5418641553595891,-1,True,False,False
2021-07-13,406.11,0.874251497005988,0.8252330816700943,0.8874120099860503,1,False,False,False,False,0.5109780439121756,0.6109349042654412,0.5350005750379416,-1,True,False,False
2021-07-14,406.72,0.874251497005988,0.8257208270963221,0.8844874515460365,1,False,False,False,False,0.5169660678642715,0.6072498518575521,0.530992906777126,-1,True,False,False
2021-07-15,405.33,0.8782435129740519,0.8262434408861503,0.883099909641151,1,False,False,False,False,0.530938123752495,0.6042572350691184,0.5309807327716525,-1,True,False,False
2021-07-16,402.15,0.8562874251497006,0.8265423860032006,0.877141579754162,1,False,False,False,False,0.49700598802395207,0.6000513038124452,0.5234307894943857,-1,True,False,False
2021-07-19,396.21,0.7984031936127745,0.8262623940391168,0.8596441606116314,1,False,False,False,False,0.38323353293413176,0.5915486461309428,0.4922758435921071,-1,True,False,False
2021-07-20,401.89,0.8403193612774451,0.8264022643598963,0.85534976075959,1,False,False,False,False,0.49700598802395207,0.5878410909110608,0.49332698679918374,-1,True,False,False
2021-07-21,405.14,0.8562874251497006,0.8266996291438745,0.8555581306240589,1,False,False,False,False,0.5349301397205589,0.5857661516486883,0.5025721318928227,-1,True,False,False
2021-07-22,405.99,0.844311377245509,0.8268748704185177,0.8530588520954923,1,False,False,False,False,0.49101796407185627,0.5820505364495968,0.5000045390437191,-1,True,False,False
2021-07-23,410.17,0.8502994011976048,0.8271079503267674,0.8524456407848506,1,False,False,False,False,0.562874251497006,0.5812985252749854,0.5139755862555606,-1,True,False,False
2021-07-26,411.18,0.8602794411177644,0.8274380149117525,0.8541864853032759,1,False,False,False,False,0.5608782435129741,0.5804977299117693,0.5243983989794303,-1,True,False,False
2021-07-27,409.3,0.8662674650698603,0.8278243775998929,0.856871147473628,1,False,False,False,False,0.5668662674650699,0.5799631627569968,0.5338357030873502,-1,True,False,False
2021-07-28,409.13,0.8622754491017964,0.8281671743312551,0.8580721033909987,1,False,False,False,False,0.562874251497006,0.5792930093742521,0.5402887138450515,-1,True,False,True
2021-07-29,410.83,0.8642714570858283,0.8285264209258281,0.8594497375454053,1,False,False,False,False,0.6047904191616766,0.5802929077972884,0.5546224261376349,-1,True,False,False
2021-07-30,408.84,0.8542914171656687,0.8287827890476176,0.858303444127686,1,False,False,False,False,0.5808383233532934,0.5803142966426219,0.5604481810744479,-1,True,False,False
2021-08-02,407.98,0.8502994011976048,0.8289968846909012,0.8565247679210013,1,False,False,False,False,0.5728542914171657,0.5800217474180942,0.5632050944839408,-1,True,False,False
2021-08-03,411.3,0.8562874251497006,0.8292684323571579,0.8564720250829345,1,False,True,False,False,0.6127744510978044,0.5813061671702398,0.5742205070647994,1,False,False,False
2021-08-04,409.27,0.8223552894211577,0.8291996448652574,0.8488905282692064,1,False,False,False,False,0.5489021956087824,0.5800354231874375,0.5685942156301289,-1,True,False,False
2021-08-05,411.87,0.8243512974051896,0.8291514026019733,0.8434373658549804,1,False,False,False,False,0.5748502994011976,0.5798320849997418,0.5699844564681442,-1,True,False,False
2021-08-06,412.55,0.8283433133732535,0.8291433619131303,0.8400831319701523,1,False,False,False,False,0.6387225548902196,0.5821415151915253,0.5852595894508276,1,False,False,False
2021-08-09,412.21,0.8243512974051896,0.8290956796792205,0.8365871687334939,1,False,False,False,False,0.6207584830339321,0.583655906087306,0.5931482324692953,1,False,False,False
2021-08-10,412.72,0.8283433133732535,0.8290881934473203,0.8347552008756627,1,False,False,False,False,0.6307385229540918,0.5855022832193368,0.6015016303548056,1,False,False,False
2021-08-11,413.75,0.8383233532934131,0.8291800855850925,0.8355481236351627,1,False,False,False,False,0.6706586826347305,0.5888417498630777,0.616869864194789,1,False,False,False
2021-08-12,414.99,0.8323353293413174,0.8292114810453535,0.8348341693476415,1,False,False,False,False,0.6906187624750499,0.5928330052596256,0.6332585082570692,1,False,False,False
2021-08-13,415.74,0.8303393213572854,0.8292227033370145,0.8338353142386734,1,False,False,False,False,0.6966067864271457,0.5969025653054107,0.647335903405975,1,False,False,False
2021-08-16,416.72,0.8223552894211577,0.8291543708602399,0.8312841976125588,1,False,False,False,False,0.6946107784431138,0.6007342599382619,0.6578414311920059,1,False,False,False
2021-08-17,413.99,0.8063872255489022,0.8289278321009231,0.8257515371539684,1,False,False,False,False,0.6347305389221557,0.602067447349395,0.6527056773542613,1,False,False,False
2021-08-18,409.46,0.7864271457085829,0.8285049396990093,0.8170127834994383,1,False,False,False,False,0.564870259481038,0.6006087340996555,0.6331866956046561,-1,False,False,False
2021-08-19,410.09,0.7544910179640718,0.8277684827663234,0.8031190578249124,1,False,False,False,False,0.5588822355289421,0.5989724008223727,0.6166745933656086,-1,False,False,False
2021-08-20,413.36,0.7644710578842315,0.8271386576431186,0.79453061339365,1,False,False,False,False,0.6067864271457086,0.5992788332272094,0.6144772230945197,-1,False,False,False
2021-08-23,416.99,0.7964071856287425,0.8268328718519308,0.7949476294458928,1,False,False,False,False,0.6467065868263473,0.601138745133058,0.6216393039238147,1,False,False,False
2021-08-24,417.66,0.810379241516966,0.826669154137155,0.798376876572798,1,False,False,False,False,0.6746506986027944,0.6040215668377535,0.6334196138524768,1,False,False,False
2021-08-25,418.53,0.8243512974051896,0.8266460908860908,0.8041489700911072,1,False,False,False,False,0.7085828343313373,0.608122008700247,0.650122551736668,1,False,False,False
2021-08-26,416.06,0.7984031936127745,0.826365067032625,0.8028721308736999,1,False,False,False,False,0.656686626746507,0.6100265035255906,0.6515812350721878,1,False,False,False
2021-08-27,419.78,0.8223552894211577,0.8263251687479339,0.8072017216620239,1,False,False,False,False,0.718562874251497,0.6142828317893517,0.666466043778701,1,False,False,False
2021-08-30,421.63,0.810379241516966,0.8261665028053373,0.8079078371853443,1,False,False,False,False,0.7065868263473054,0.6179025962818205,0.6753817732383909,1,False,False,False
2021-08-31,421.0,0.812375249500998,0.8260292764042991,0.8089005954777119,1,False,False,False,False,0.7085828343313373,0.6214586840484683,0.6827597868146013,1,False,False,False
2021-09-01,421.23,0.8063872255489022,0.8258338331122056,0.8083420688268653,1,False,False,False,False,0.6926147704590818,0.6242491188096688,0.6849497831800414,1,False,False,False
2021-09-02,422.52,0.8163672654690619,0.8257396384092888,0.8101254458584646,1,False,False,False,False,0.7125748502994012,0.6277128729857367,0.6910886869843436,1,False,False,False
2021-09-03,422.42,0.8043912175648703,0.8255272163113344,0.8088511729043325,1,False,False,False,False,0.688622754491018,0.6301014957898655,0.6905407019858267,1,False,True,False
2021-09-07,420.91,0.7864271457085829,0.8251381608824514,0.8038680557497215,1,False,False,False,False,0.6167664670658682,0.6295785534869637,0.6741464275591693,1,False,False,False
2021-09-08,420.4,0.7724550898203593,0.824613951220142,0.7968873966543077,1,False,False,False,False,0.6067864271457086,0.6286847446108361,0.6591775385784002,1,False,False,False
2021-09-09,418.6,0.7564870259481038,0.823936071366689,0.7879095364973735,1,False,False,False,False,0.5788423153692615,0.6267301395425391,0.6413252667541471,-1,False,False,False
2021-09-10,415.3,0.7385229540918163,0.8230861896027599,0.7769347404072496,1,False,False,False,False,0.5129740518962076,0.622269116497585,0.6128027745634939,-1,True,False,False
2021-09-13,416.36,0.7684630738522954,0.8225426760132032,0.7750521478394821,1,False,False,False,False,0.5728542914171657,0.6203312802199215,0.6039253338643098,-1,True,False,False
2021-09-14,414.11,0.7405189620758483,0.8217265196556176,0.7673781065586747,1,False,False,False,False,0.4870259481037924,0.615103620136936,0.5779476925841949,-1,True,False,False
2021-09-15,417.57,0.7524950099800399,0.821037648912577,0.7640707517634225,1,False,False,False,False,0.564870259481038,0.61313368442494,0.5750415963390489,-1,True,False,False
2021-09-16,416.91,0.7405189620758483,0.8202364679490276,0.7588370207217394,1,False,False,False,False,0.5389221556886228,0.6102234283960648,0.5670150539722876,-1,True,False,False
2021-09-17,412.85,0.7265469061876247,0.8193042335036406,0.7516614397141584,1,False,False,False,False,0.4590818363273453,0.6042963071384679,0.5430298944956338,-1,True,False,False
2021-09-20,405.97,0.6786427145708582,0.8179046163998318,0.7354350563489805,-1,True,False,False,False,0.3313373253493014,0.5935920333428144,0.4959871013520043,-1,True,False,False
2021-09-21,405.58,0.6626746506986028,0.8163600396266852,0.7192660773155632,-1,True,False,False,False,0.3253493013972056,0.583072710521418,0.4580675902509379,-1,True,False,False
2021-09-22,409.54,0.7005988023952096,0.8152081865199045,0.7151177939999291,-1,True,False,False,False,0.3992015968063872,0.5758620786110246,0.4449862583743711,-1,True,False,False
2021-09-23,414.52,0.7445109780439122,0.8145047317091981,0.7216496126763698,-1,True,False,False,False,0.5089820359281437,0.5732393318391469,0.4592075422752095,-1,True,False,False
2021-09-24,415.2,0.7465069860279441,0.8138281372248076,0.7271734734211641,-1,True,False,False,False,0.49500998003992014,0.5701715141215302,0.46716363955625634,-1,True,False,False
2021-09-27,414.01,0.7445109780439122,0.8131384142478834,0.7310262522262193,-1,True,False,False,False,0.4810379241516966,0.5666760792207525,0.47024681391079864,-1,True,False,False
2021-09-28,405.67,0.7005988023952096,0.812018617115021,0.7242645967082172,-1,True,False,False,False,0.31736526946107785,0.5568991847203731,0.4362731373664162,-1,True,False,False
2021-09-29,406.35,0.7065868263473054,0.8109695445700686,0.7203362032946812,-1,True,False,False,False,0.3313373253493014,0.5480536216077821,0.4129540680292796,-1,True,False,False
2021-09-30,401.38,0.6427145708582834,0.8092953657271654,0.7030869516421483,-1,True,False,False,False,0.23952095808383234,0.5359543014695881,0.3744133769302913,-1,True,False,False
2021-10-01,406.15,0.6846307385229541,0.8080549216753823,0.698985570948994,-1,True,False,False,False,0.3273453093812375,0.5277735566818097,0.3639538063638349,-1,True,False,False
2021-10-04,400.92,0.6806387225548902,0.8067870987985615,0.694908493528082,-1,True,False,False,False,0.2834331337325349,0.5181915793112499,0.3460603235568793,-1,True,False,False
2021-10-05,405.09,0.6786427145708582,0.8055120302987834,0.6912938759820323,-1,True,False,False,False,0.3313373253493014,0.5108639615088206,0.3427885461774176,-1,True,False,False
2021-10-06,406.77,0.6986027944111777,0.8044482568073645,0.692918080077398,-1,True,False,False,False,0.3532934131736527,0.5046847243192062,0.3451229610654698,-1,True,False,False
2021-10-07,410.29,0.718562874251497,0.8035936758864106,0.6986169232271978,-1,True,False,False,False,0.4251497005988024,0.5015657037811512,0.3629066809617659,-1,True,False,False
2021-10-08,409.54,0.6926147704590818,0.8024894081707158,0.6972831115009498,-1,True,False,False,False,0.4171656686626746,0.4982558984823874,0.3749642337841901,-1,True,False,False
2021-10-11,406.57,0.6686626746506986,0.8011577988819594,0.6909230144231162,-1,True,False,False,False,0.3932135728542914,0.49413659159501105,0.3790196424664348,-1,True,False,False
2021-10-12,405.57,0.6606786427145709,0.7997599963330302,0.6842020429323283,-1,True,False,False,False,0.3912175648702595,0.4901005513312953,0.38173029188950697,-1,True,False,False
2021-10-13,407.03,0.6726546906187625,0.798495266922938,0.6816359646404249,-1,True,False,False,False,0.3992015968063872,0.4865358864479656,0.38561280409325815,-1,True,False,True
2021-10-14,413.88,0.7385229540918163,0.7978985274917826,0.6942775178518452,-1,True,False,False,False,0.5169660678642715,0.4877292268956639,0.41480241826459446,1,False,False,False
2021-10-15,417.03,0.7465069860279441,0.7973871688702519,0.7058840663354228,-1,True,False,False,False,0.5528942115768463,0.4902847164910044,0.44548948344509487,1,False,False,False
2021-10-18,418.27,0.7225548902195609,0.7966425690826828,0.7095886938652312,-1,True,False,False,False,0.5469061876247505,0.4925051663393866,0.4680265288183517,1,False,False,False
2021-10-19,421.49,0.7544910179640718,0.7962231506635923,0.719566988109418,-1,True,False,False,False,0.590818363273453,0.49636058582699705,0.4953136031417076,1,False,False,False
2021-10-20,423.15,0.7664670658682635,0.7959270702178676,0.7299892276113837,-1,True,False,False,False,0.6447105788423154,0.5021782326119115,0.5285129310751759,1,False,False,False
2021-10-21,424.25,0.7664670658682635,0.7956339358462297,0.7380954138906903,-1,True,False,False,False,0.6347305389221557,0.5073763622711368,0.5521168439300603,1,False,False,False
2021-10-22,423.81,0.7704590818363274,0.7953834397864297,0.7452873401008319,-1,True,False,False,False,0.6626746506986028,0.5134664912290766,0.5766852454341809,1,False,False,False
2021-10-25,426.09,0.7624750499001997,0.795055993120895,0.749106831167358,-1,True,False,False,False,0.6646706586826348,0.5193960664233338,0.5962375594893928,1,False,False,False
2021-10-26,426.47,0.7624750499001997,0.7947318046311369,0.7520775464413229,-1,True,False,False,False,0.6586826347305389,0.5248582847883223,0.6101142428763142,1,False,False,False
2021-10-27,424.58,0.7285429141716567,0.794073208706167,0.7468476281591748,-1,True,False,False,False,0.5828343313373253,0.5271318552412244,0.6040520403120945,1,False,False,False
2021-10-28,428.68,0.7544910179640718,0.7936793560619672,0.7485461592269297,-1,True,False,False,False,0.656686626746507,0.5322124345159414,0.6157486150752973,1,False,False,False
2021-10-29,429.55,0.7325349301397206,0.7930709538139846,0.7449881083186609,-1,True,False,False,False,0.6307385229540918,0.5360762026899865,0.6190797057150295,1,False,False,False
2021-11-01,430.28,0.7624750499001997,0.7927665169591211,0.7488740953367806,-1,True,False,False,False,0.6746506986027944,0.5415104966473515,0.6314288152456439,1,False,False,False
2021-11-02,432.02,0.7504990019960079,0.792345944670931,0.7492351857054977,-1,True,False,False,False,0.7005988023952096,0.5477492537355029,0.6467999235011029,1,False,False,False
2021-11-03,434.66,0.7744510978043913,0.7921678864931545,0.754838721727474,-1,True,False,False,False,0.716566866267465,0.5543695522661681,0.6623036885602944,1,False,False,False
2021-11-04,436.71,0.7564870259481038,0.7918128530548953,0.7552050115542807,-1,True,False,False,False,0.7025948103792415,0.5601823074862886,0.6712572711867271,1,False,False,False
2021-11-05,438.23,0.7784431137724551,0.7916798208232293,0.7603690342694306,-1,True,False,False,False,0.7465069860279441,0.567489157625177,0.6879794300403308,1,False,False,False
2021-11-08,438.6,0.7724550898203593,0.7914885299674794,0.7630548243918592,-1,True,False,False,False,0.7504990019960079,0.5746660142671705,0.7018726682527034,1,False,False,False
2021-11-09,437.15,0.7744510978043913,0.7913190032792895,0.765587329594644,-1,True,False,False,False,0.7385229540918163,0.5810917766132351,0.7100171762169507,1,False,False,False
2021-11-10,433.63,0.7744510978043913,0.7911511634238179,0.7675570558634767,-1,True,False,False,False,0.7524950099800399,0.5878134720393843,0.7194566948309705,1,False,False,False
2021-11-11,433.77,0.7644710578842315,0.7908856897368568,0.7668712785347556,-1,True,False,False,False,0.7405189620758483,0.5938019226290496,0.7241371986631655,1,False,False,False
2021-11-12,437.05,0.7644710578842315,0.7906228575791192,0.7663378961679724,-1,True,False,False,False,0.7524950099800399,0.6000251809565395,0.7304389345113599,1,False,False,False
2021-11-15,437.2,0.7704590818363274,0.7904222229946138,0.7672537152053847,-1,True,False,False,False,0.7744510978043913,0.6068654129897886,0.7402194152431446,1,False,False,False
2021-11-16,438.93,0.7604790419161677,0.7901242808943308,0.7657482322522253,-1,True,False,False,False,0.7644710578842315,0.6130460265150608,0.7456086691633861,1,False,False,False
2021-11-17,437.86,0.7465069860279441,0.789690277960337,0.7614723997579406,-1,True,False,False,False,0.720558882235529,0.6172622169354713,0.7400420498460845,1,False,False,False
2021-11-18,439.35,0.7365269461077845,0.7891612895836947,0.7559289656134615,-1,True,False,False,False,0.6866267465069861,0.6199823945657269,0.7281719824373959,1,False,False,False
2021-11-19,438.56,0.7265469061876247,0.7885382608931866,0.7493996190743867,-1,True,False,False,False,0.656686626746507,0.6214217762198752,0.7122863478394206,1,False,False,False
2021-11-22,437.33,0.7365269461077845,0.7880207353729338,0.7465390250818084,-1,True,False,False,False,0.6586826347305389,0.6228829863575484,0.7003744115930024,1,False,False,False
2021-11-23,437.91,0.7425149700598802,0.7875679416882269,0.745644790632491,-1,True,False,False,False,0.6926147704590818,0.6256175661262359,0.6986500468965756,1,False,False,False
2021-11-24,439.08,0.7345309381237525,0.7870402103094759,0.7431750456305491,-1,True,False,False,False,0.6966067864271457,0.6284014571184284,0.69819598901448,1,False,True,False
2021-11-26,429.28,0.6726546906187625,0.785902045934444,0.72750385562793,-1,True,False,False,False,0.5469061876247505,0.6252055641971078,0.6645760331500956,-1,False,False,False
2021-11-29,434.55,0.6806387225548902,0.7848546496819111,0.717089381611699,-1,True,False,False,False,0.5848303393213573,0.6236222220451176,0.6468547678548204,-1,False,False,False
2021-11-30,426.09,0.5968063872255489,0.7829835226922955,0.6903598273036656,-1,True,False,False,False,0.3912175648702595,0.6145083139206134,0.590046500524918,-1,True,False,False
2021-12-01,421.36,0.5548902195608783,0.7807139375865103,0.6602554700274906,-1,True,False,False,False,0.30538922155688625,0.6023859965730163,0.526789327420911,-1,True,False,False
2021-12-02,427.82,0.6287425149700598,0.7792017841276403,0.6532525911258393,-1,True,False,False,False,0.45109780439121755,0.5964531262913771,0.509968988969868,-1,True,False,False
2021-12-03,424.09,0.6187624750499002,0.7776053730920409,0.6455881208867418,-1,True,False,False,False,0.42714570858283435,0.5898136197145716,0.4915638155505272,-1,True,False,False
2021-12-06,429.12,0.6786427145708582,0.7766206700221784,0.6529335861498787,-1,True,False,False,False,0.5189620758483033,0.5870351277982473,0.4976523178389219,-1,True,False,False
2021-12-07,437.99,0.7085828343313373,0.7759436766322197,0.6653000857457585,-1,True,False,False,False,0.6367265469061876,0.5889838109005195,0.5285577020760921,1,False,False,False
2021-12-08,439.15,0.718562874251497,0.7753727233747002,0.6771362609692559,-1,True,False,False,False,0.6427145708582834,0.5910908995263142,0.5539258951388013,1,False,False,False
2021-12-09,436.19,0.7045908183632734,0.7746684258123975,0.683237273723482,-1,True,False,False,False,0.590818363273453,0.5910802118301236,0.5621242213909461,1,False,False,False
2021-12-10,440.29,0.7145708582834331,0.7740704400658407,0.6902002925145823,-1,True,False,False,False,0.6187624750499002,0.5921657907799188,0.5747104999818248,1,False,False,False
2021-12-13,436.39,0.6986027944111777,0.7733195182185307,0.6920675151582701,-1,True,False,False,False,0.562874251497006,0.5910171029649026,0.572080222540754,-1,True,False,False
2021-12-14,433.39,0.688622754491018,0.7724767643505953,0.6913020127877696,-1,True,False,False,False,0.500998003992016,0.5874869422208678,0.5562841739743678,-1,True,False,False
2021-12-15,440.16,0.7025948103792415,0.7717814215250097,0.6938115233636523,-1,True,False,False,False,0.5548902195608783,0.5862086393714565,0.5559744063269256,-1,True,False,False
2021-12-16,436.28,0.7005988023952096,0.7710731367575491,0.6953198075928873,-1,True,False,False,False,0.5568862275449101,0.5850587408684548,0.5561770332642555,-1,True,False,False
2021-12-17,431.63,0.6626746506986028,0.769994544856465,0.6880653282830462,-1,True,False,False,False,0.499001996007984,0.581683966560201,0.5434714694295285,-1,True,False,False
2021-12-20,427.04,0.6127744510978044,0.7684301658140903,0.6713340222418814,-1,True,False,False,False,0.3972055888223553,0.5744495203744032,0.5109679404057123,-1,True,False,False
2021-12-21,434.63,0.6746506986027944,0.7674970367871122,0.6720710614331954,-1,True,False,False,False,0.530938123752495,0.5727431910951127,0.5154057589272195,-1,True,False,True
2021-12-22,438.97,0.6766467065868264,0.7665930534020348,0.6730878714673356,-1,True,False,False,False,0.5728542914171657,0.5727475479704873,0.5281720994805409,-1,True,False,False
2021-12-23,441.71,0.7045908183632734,0.7659761157399576,0.6800885263330996,-1,True,False,False,False,0.6227544910179641,0.5747086045605845,0.5491904087110794,1,False,False,False
2021-12-27,447.96,0.7365269461077845,0.7656830891764534,0.6926303973941407,-1,True,False,False,False,0.6946107784431138,0.5794106505951935,0.5815060464293093,1,False,False,False
2021-12-28,447.59,0.7405189620758483,0.7654326998520694,0.7032723006567423,-1,True,False,False,False,0.7025948103792415,0.5842414019592738,0.6084146606404053,1,False,False,False
2021-12-29,448.16,0.7485029940119761,0.7652642450675908,0.7133235658467942,-1,True,False,False,False,0.7065868263473054,0.5890392617391966,0.6302306974641608,1,False,False,False
2021-12-30,446.92,0.7465069860279441,0.7650776056741615,0.7206976592203831,-1,True,False,False,False,0.6846307385229541,0.5927879471032655,0.6423195954772261,1,False,False,False
2021-12-31,445.8,0.7485029940119761,0.7649126841650851,0.7268766225074037,-1,True,False,False,False,0.6906187624750499,0.5966244496668649,0.6530527436989647,1,False,False,False
2022-01-03,448.38,0.7544910179640718,0.7648089859939308,0.7330131548311077,-1,True,False,False,False,0.7045908183632734,0.6008584249098613,0.6645056491799222,1,False,False,False
2022-01-04,448.23,0.7624750499001997,0.7647857627492171,0.7395602426242393,-1,True,False,False,False,0.7504990019960079,0.6067266828348082,0.6836152831390523,1,False,False,False
2022-01-05,439.62,0.7245508982035929,0.7643854158383153,0.7362248327529846,-1,True,False,False,False,0.6487025948103793,0.6083727970299287,0.6758569079549027,1,False,False,False
2022-01-06,439.21,0.7085828343313373,0.7638301662710817,0.730082166437063,-1,True,False,False,False,0.6626746506986028,0.6105022814875238,0.6729275174535028,1,False,False,False
2022-01-07,437.47,0.716566866267465,0.763359884679006,0.7270787663993745,-1,True,False,False,False,0.6067864271457086,0.6103565617094134,0.6582294973851041,1,False,False,False
2022-01-10,436.93,0.7025948103792415,0.7627552570740332,0.7216378872837894,-1,True,False,False,False,0.5828343313373253,0.6092772585575669,0.6414750160411533,-1,False,False,False
2022-01-11,440.91,0.7225548902195609,0.76235525342374,0.7218416657139608,-1,True,False,False,False,0.6287425149700598,0.6100406019462922,0.638645571358688,-1,False,False,False
2022-01-12,442.1,0.7285429141716567,0.7620188122371522,0.7233308320378932,-1,True,False,False,False,0.6367265469061876,0.6110871095917784,0.6382191214803545,1,False,True,False
2022-01-13,436.01,0.7125748502994012,0.7615268325163786,0.7209406138737838,-1,True,False,False,False,0.592814371257485,0.6103705316178846,0.6281291769863835,1,False,False,False
2022-01-14,436.19,0.6806387225548902,0.7607219757008414,0.7119846380251409,-1,True,False,False,False,0.5528942115768463,0.6081165582829419,0.6114102957842641,-1,False,False,False
2022-01-18,428.46,0.6187624750499002,0.759309443356056,0.6912686018084206,-1,True,False,False,False,0.47105788423153694,0.6027417083201417,0.5802208709947692,-1,True,False,False
2022-01-19,424.01,0.590818363273453,0.7576329151960302,0.6689463265784278,-1,True,False,False,False,0.40718562874251496,0.5950728424543524,0.5417685949387127,-1,True,False,False
2022-01-20,419.32,0.5528942115768463,0.7555957141649935,0.6431569676891875,-1,True,False,False,False,0.3592814371257485,0.5858261206767602,0.5012158932024984,-1,True,False,False
2022-01-21,411.09,0.5289421157684631,0.7533404544794559,0.6177758894845821,-1,True,False,False,False,0.2994011976047904,0.5745937707523693,0.45636818306967436,-1,True,False,False
2022-01-24,412.83,0.5489021956087824,0.7513062429484044,0.6024706241788488,-1,True,False,False,False,0.3033932135728543,0.5639584547845451,0.42237374540371436,-1,True,False,False
2022-01-25,407.79,0.4870259481037924,0.7486765882733336,0.5768162517177251,-1,True,False,False,False,0.2934131736526946,0.5533488359166294,0.3937158405701544,-1,True,False,False
2022-01-26,406.77,0.4491017964071856,0.745695744573173,0.5484352616487164,-1,True,False,False,False,0.281437125748503,0.5426856315963107,0.36876501505423187,-1,True,False,False
2022-01-27,404.76,0.4151696606786427,0.7424069278180035,0.5188206836553667,-1,True,False,False,False,0.2554890219560878,0.5314230194535569,0.34359257214353317,-1,True,False,False
2022-01-28,414.81,0.4870259481037924,0.7398658235422403,0.511755186866128,-1,True,False,False,False,0.3333333333333333,0.52365479646845,0.3413127412968221,-1,True,False,False
2022-01-31,422.29,0.5429141716566867,0.7379061056130308,0.5186794057084744,-1,True,False,False,False,0.3772455089820359,0.5179132557827083,0.34929780078242517,-1,True,False,False
2022-02-01,425.14,0.5608782435129741,0.7361446343483538,0.5280569252205853,-1,True,False,False,False,0.40718562874251496,0.5135709958987792,0.36216176255133403,-1,True,False,False
2022-02-02,429.27,0.592814371257485,0.7347184625763054,0.5424474687843408,-1,True,False,False,False,0.4550898203592814,0.5112776164658577,0.3828124420642112,-1,True,False,False
2022-02-03,419.18,0.5289421157684631,0.7326709367374213,0.5394462792252569,-1,True,False,False,False,0.40119760479041916,0.5069607532628994,0.3868980337811463,-1,True,False,False
2022-02-04,421.15,0.5169660678642715,0.7305246196342059,0.5344506767005934,-1,True,False,False,False,0.3912175648702595,0.5024218046984821,0.387857929578727,-1,True,False,False
2022-02-07,419.8,0.5189620758483033,0.7284195196960378,0.5310087654000846,-1,True,False,False,False,0.3932135728542914,0.4981391289398864,0.38904807252885243,-1,True,False,False
2022-02-08,423.25,0.5548902195608783,0.7266928599932004,0.5363157552135943,-1,True,False,False,False,0.4171656686626746,0.49496369912509375,0.3952964272252574,-1,True,False,False
2022-02-09,429.45,0.6047904191616766,0.7254799003829365,0.551532347202057,-1,True,False,False,False,0.5049900199600799,0.49535688817744616,0.419672781166329,-1,True,False,False
2022-02-10,421.73,0.5429141716566867,0.72366332596775,0.5496171970808637,-1,True,False,False,False,0.41317365269461076,0.4921340161977271,0.41822853039483604,-1,True,False,False
2022-02-11,413.42,0.4810379241516966,0.7212491428651027,0.5343773586521599,-1,True,False,False,False,0.37325349301397204,0.4874720348964034,0.4082340776435329,-1,True,False,False
2022-02-14,412.06,0.4530938123752495,0.7185809306214226,0.516314348368402,-1,True,False,False,False,0.32934131736526945,0.48127083028733936,0.39070235313725216,-1,True,False,False
2022-02-15,418.71,0.5129740518962076,0.716535091032117,0.5155720602634699,-1,True,False,False,False,0.3872255489021956,0.47758278003694155,0.38992972997390624,-1,True,False,False
2022-02-16,419.18,0.5289421157684631,0.7146684942633245,0.518543183709024,-1,True,False,False,False,0.3992015968063872,0.47450900814554725,0.39199014482556865,-1,True,False,False
2022-02-17,410.22,0.46706586826347307,0.712204786541933,0.5071037802766794,-1,True,False,False,False,0.3333333333333333,0.46897270717251927,0.37895529782729415,-1,True,False,False
2022-02-18,407.57,0.46107784431137727,0.7097060109973503,0.49687579450661223,-1,True,False,False,False,0.313373253493014,0.4628707678125387,0.36438151019745413,-1,True,False,False
2022-02-22,403.19,0.43313373253493015,0.706954048027575,0.48271089184623844,-1,True,False,False,False,0.281437125748503,0.4557557230257138,0.34594942476435386,-1,True,False,False
2022-02-23,396.04,0.37524950099800397,0.7036535052710619,0.458830582768853,-1,True,False,False,False,0.22355289421157684,0.4466497297388849,0.31875019575262564,-1,True,False,False
2022-02-24,402.0,0.38323353293413176,0.7004652468398487,0.4420312383611372,-1,True,False,False,False,0.2275449101796407,0.43805738387381654,0.29848235451418453,-1,True,False,False
2022-02-25,410.87,0.48502994011976047,0.6983216119471115,0.451586505418609,-1,True,False,False,False,0.37924151696606784,0.435750879289199,0.3164288350590475,-1,True,False,False
2022-02-28,409.82,0.469061876247505,0.6960404205471155,0.45546992115836366,-1,True,False,False,False,0.3253493013972056,0.4314214056463757,0.3184111609119715,-1,True,False,False
2022-03-01,403.58,0.3972055888223553,0.6930669396344313,0.44252229175036184,-1,True,False,False,False,0.25349301397205587,0.42444382165914746,0.3039849060364347,-1,True,False,False
2022-03-02,411.0,0.47305389221556887,0.6908777550829999,0.4493070918537412,-1,True,False,False,False,0.3712574850299401,0.42235808296780597,0.3189343680349914,-1,True,False,False
2022-03-03,408.96,0.46506986027944114,0.6886309103585864,0.4528099292816745,-1,True,False,False,False,0.3473053892215569,0.4194148400757962,0.32523903940978377,-1,True,False,False
2022-03-04,405.63,0.4431137724550898,0.6861879537625317,0.4506552277646557,-1,True,False,False,False,0.34331337325349304,0.4164304688278628,0.32925555804171913,-1,True,False,False
2022-03-07,393.68,0.35728542914171657,0.6829152918260062,0.4299063836262248,-1,True,False,False,False,0.2874251497005988,0.41137143670522497,0.3199599117436924,-1,True,False,False
2022-03-08,390.69,0.3532934131736527,0.6796354721379232,0.41288127908120875,-1,True,False,False,False,0.2435129740518962,0.4047887518952905,0.3029717033677377,-1,True,False,False
2022-03-09,401.17,0.3992015968063872,0.676845085318704,0.40984134968680397,-1,True,False,False,False,0.2874251497005988,0.4001862576915771,0.2995169136639291,-1,True,False,False
2022-03-10,399.36,0.3912175648702595,0.67400302043862,0.40570273083868297,-1,True,False,False,False,0.29141716566866266,0.3959208031024432,0.29771696966498096,-1,True,False,False
2022-03-11,394.28,0.3712574850299401,0.6709906270514691,0.3980482317700734,-1,True,False,False,False,0.25948103792415167,0.3905702240758435,0.2892200959447967,-1,True,False,False
2022-03-14,391.4,0.37524950099800397,0.6680479292797928,0.39298184715405804,-1,True,False,False,False,0.25948103792415167,0.38542947167773794,0.28261141638465337,-1,True,False,False
2022-03-15,400.0,0.40718562874251496,0.6654522844983274,0.39613824306260403,-1,True,False,False,False,0.3253493013972056,0.38307338656869744,0.29210872416522055,-1,True,False,True
2022-03-16,408.87,0.4491017964071856,0.6632995433232912,0.40790792158362216,-1,True,False,False,False,0.43313373253493015,0.38503653739090266,0.3234476149140449,1,False,False,False
2022-03-17,413.99,0.48502994011976047,0.6615257164257436,0.4250461479249862,-1,True,False,False,False,0.5109780439121756,0.38997541999958,0.3651210435802961,1,False,False,False
2022-03-18,418.52,0.5189620758483033,0.660107172738406,0.4459163541301678,-1,True,False,False,False,0.5808383233532934,0.3974602397389413,0.41305821686318445,1,False,False,False
2022-03-21,418.4,0.5029940119760479,0.6585438577059447,0.45860027809591886,-1,True,False,False,False,0.5608782435129741,0.4038687889065504,0.4459071116742488,1,False,False,False
2022-03-22,423.3,0.5269461077844312,0.6572344273584669,0.4737882402489216,-1,True,False,False,False,0.5948103792415169,0.4113566944098825,0.47899672668919724,1,False,False,False
2022-03-23,417.85,0.4810379241516966,0.6554812283215837,0.47539928111620494,-1,True,False,False,False,0.5089820359281437,0.41518513917530453,0.48566012874229647,1,False,False,False
2022-03-24,424.15,0.5249500998003992,0.654182411122368,0.486410574157137,-1,True,False,False,False,0.592814371257485,0.4221509914138214,0.5094721826345605,1,False,False,False
2022-03-25,426.22,0.5329341317365269,0.6529759605812154,0.49674914250811253,-1,True,False,False,False,0.6327345309381237,0.4304091694343823,0.5368638155909079,1,False,False,False
2022-03-28,429.25,0.5508982035928144,0.651960261506704,0.5087822671936019,-1,True,False,False,False,0.6666666666666666,0.43967416932584447,0.5657088936077432,1,False,False,False
2022-03-29,434.56,0.6127744510978044,0.6515703529454214,0.5318916413945357,-1,True,False,False,False,0.7784431137724551,0.4529592259708096,0.612983164755457,1,False,False,False
2022-03-30,431.88,0.5828343313373253,0.650886412431908,0.5432122391596002,-1,True,False,False,False,0.716566866267465,0.4632967804922471,0.6360017650914588,1,False,False,False
2022-03-31,425.23,0.5349301397205589,0.6497326186735862,0.5413717726175911,-1,True,False,False,False,0.6506986027944112,0.4706458715629202,0.6392677290254483,1,False,False,False
2022-04-01,426.43,0.530938123752495,0.6485505838982519,0.5390531839809031,-1,True,False,False,False,0.6586826347305389,0.47801986227537585,0.6435821525154684,1,False,False,False
2022-04-04,430.09,0.5329341317365269,0.6474001714389314,0.5376933945932639,-1,True,False,False,False,0.6766467065868264,0.48580915028758964,0.6509298311979923,1,False,False,False
2022-04-05,424.65,0.49700598802395207,0.645903711902464,0.5286517486889725,-1,True,False,False,False,0.626746506986028,0.4913361054522343,0.6455557591508891,1,False,False,False
2022-04-06,420.41,0.4930139720558882,0.644382420958717,0.5207322427705093,-1,True,False,False,False,0.564870259481038,0.49421979776708935,0.6276256481131444,1,False,False,False
2022-04-07,422.53,0.4870259481037924,0.6428166849104093,0.5132419550667945,-1,True,False,False,False,0.5788423153692615,0.4975383278691353,0.6167849075033927,1,False,False,False
2022-04-08,421.4,0.48502994011976047,0.6412466675493084,0.506972618411898,-1,True,False,False,False,0.5588822355289421,0.4999439713067748,0.6039176470646259,1,False,False,False
2022-04-11,414.19,0.46706586826347307,0.6395135252678573,0.49810445171224804,-1,True,False,False,False,0.5149700598802395,0.5005332296822048,0.5841515165792067,1,False,False,False
2022-04-12,412.66,0.46107784431137727,0.637738045855355,0.48987631673427673,-1,True,False,False,False,0.5089820359281437,0.5008645554173397,0.5674471875456372,1,False,False,False
2022-04-13,417.39,0.4810379241516966,0.6361788406642739,0.4879122294937034,-1,True,False,False,False,0.5568862275449101,0.503061483736068,0.5651003075454756,1,False,False,False
2022-04-14,412.19,0.4750499001996008,0.6345755676248244,0.4850539340950139,-1,True,False,False,False,0.5329341317365269,0.5042329601282428,0.5579522684768203,1,False,False,False
2022-04-18,412.36,0.469061876247505,0.63292866522306,0.48150014346223413,-1,True,False,False,False,0.5089820359281437,0.5044191983949056,0.5470699945771145,1,False,False,False
2022-04-19,419.01,0.49101796407185627,0.6315166184454362,0.48361521470881685,-1,True,False,False,False,0.6047904191616766,0.5083553246994849,0.559896755595906,1,False,False,False
2022-04-20,418.7,0.5169660678642715,0.6303768119719917,0.491026515410029,-1,True,False,False,False,0.6447105788423154,0.5137025895678311,0.5787442718728859,1,False,False,False
2022-04-21,412.44,0.49101796407185627,0.6289901567690054,0.49102461511265727,-1,True,False,False,False,0.5688622754491018,0.5158657145043515,0.5765482726676006,1,False,True,False
2022-04-22,401.13,0.43313373253493015,0.6270413366273728,0.47815997453982906,-1,True,False,False,False,0.4251497005988024,0.5123082237629574,0.5429041455412009,-1,False,False,False
2022-04-25,403.45,0.4431137724550898,0.6252112116107332,0.4703719296321092,-1,True,False,False,False,0.4231536926147705,0.5088119676394991,0.5162929337797719,-1,False,False,False
2022-04-26,391.77,0.41317365269461076,0.6231013851538564,0.4576612014237762,-1,True,False,False,False,0.33532934131736525,0.5020087273915723,0.4760788021214593,-1,True,False,False
2022-04-27,392.87,0.42115768463073855,0.6210919950989,0.4495493088031012,-1,True,False,False,False,0.3473053892215569,0.4959419298162776,0.4474624881437032,-1,True,False,False
2022-04-28,402.79,0.45109780439121755,0.6194005106142465,0.4498934189337937,-1,True,False,False,False,0.4231536926147705,0.4930874891417087,0.44206053358171815,-1,True,False,False
2022-04-29,387.91,0.36926147704590817,0.6169115650066014,0.43197520962537467,-1,True,False,False,False,0.26746506986027946,0.4842395511306723,0.40326154164362066,-1,True,False,False
2022-05-02,390.24,0.36327345309381237,0.6143878026990114,0.41670815261836086,-1,True,False,False,False,0.24151696606786427,0.4747210183831112,0.3673183026267859,-1,True,False,False
2022-05-03,392.03,0.37924151696606784,0.6120480386618676,0.408382233584518,-1,True,False,False,False,0.281437125748503,0.4671412578876364,0.34823359665383413,-1,True,False,False
2022-05-04,403.97,0.41916167664670656,0.6101287713781347,0.4107776653761155,-1,True,False,False,False,0.4750499001996008,0.4674514007233997,0.37641499744178225,-1,True,False,False
2022-05-05,389.61,0.36327345309381237,0.60767249955441,0.4002211737578259,-1,True,False,False,False,0.281437125748503,0.46015672327340373,0.3553088037321646,-1,True,False,False
2022-05-06,387.28,0.34530938123752497,0.6050619212626998,0.388018553197759,-1,True,False,False,False,0.26147704590818366,0.45236536337672845,0.3344573019935022,-1,True,False,False
2022-05-09,374.89,0.3073852295409182,0.6020999641311398,0.37010003682957215,-1,True,False,False,False,0.18562874251497005,0.4419051037350909,0.3013842887760506,-1,True,False,False
2022-05-10,375.75,0.29740518962075846,0.5990681753300415,0.3539456263387247,-1,True,False,False,False,0.1596806387225549,0.4308374776561679,0.26989458876416267,-1,True,False,False
2022-05-11,369.78,0.29141716566866266,0.596006971253809,0.3400504128564886,-1,True,False,False,False,0.13572854291417166,0.419264578254521,0.2400799119086091,-1,True,False,False
2022-05-12,369.4,0.2874251497005988,0.5929365053677075,0.3283559099329576,-1,True,False,False,False,0.14171656686626746,0.4083803425138052,0.21822139078808872,-1,True,False,False
2022-05-13,378.23,0.3213572854291417,0.5902342245722989,0.3268006600432207,-1,True,False,False,False,0.18562874251497005,0.3996449856511058,0.210978580060729,-1,True,False,False
2022-05-16,376.69,0.32335329341317365,0.5875786929189742,0.32603457856987694,-1,True,False,False,False,0.19760479041916168,0.3917218407400491,0.20800662680704737,-1,True,False,False
2022-05-17,384.44,0.3473053892215569,0.5851879137777064,0.3307614253813614,-1,True,False,False,False,0.29740518962075846,0.38802314853929265,0.22787297409898316,-1,True,False,False
2022-05-18,368.94,0.2774451097804391,0.5821257963249973,0.3189133552478231,-1,True,False,False,False,0.14770459081836326,0.378598891373766,0.21005777781440096,-1,True,False,False
2022-05-19,366.68,0.2714570858283433,0.5790345653747819,0.3083675175990498,-1,True,False,False,False,0.1277445109780439,0.36876146469158083,0.19176594073965494,-1,True,False,False
2022-05-20,366.84,0.25948103792415167,0.5758549282857209,0.29750385544907243,-1,True,False,False,False,0.1217564870259481,0.3590749949792031,0.17620828435883118,-1,True,False,False
2022-05-23,373.71,0.28542914171656686,0.5729651194641374,0.2948205857307379,-1,True,False,False,True,0.17365269461077845,0.35180353221965704,0.17564037552593056,-1,True,False,False
2022-05-24,370.86,0.2994011976047904,0.5702430903909101,0.2958384994805273,-1,True,False,False,False,0.1996007984031936,0.3458347975601879,0.18096491394310013,-1,True,False,False
2022-05-25,374.13,0.3013972055888224,0.5675680069600436,0.29707376750459286,-1,True,False,False,False,0.22554890219560877,0.3411177036243221,0.19087246688810205,-1,True,False,False
2022-05-26,381.61,0.3313373253493014,0.5652174529141656,0.3046878914700836,-1,True,False,False,False,0.3033932135728543,0.3396383118575979,0.21587707726249145,-1,True,False,False
2022-05-27,390.98,0.37325349301397204,0.5633073637609298,0.31992469181316996,-1,True,False,False,False,0.4550898203592814,0.34416582199491885,0.2690354646173337,1,False,False,False
2022-05-31,388.78,0.36327345309381237,0.5613169765901127,0.32955774987553493,-1,True,False,False,False,0.39520958083832336,0.34616753802799355,0.29707415711088697,1,False,False,False
2022-06-01,385.64,0.3373253493013972,0.5590882041792797,0.3312838830812821,-1,True,False,False,False,0.32335329341317365,0.34527286176858885,0.3029139651780618,1,False,False,False
2022-06-02,392.98,0.36127744510978044,0.5571199379198818,0.33794911908761505,-1,True,False,False,False,0.4471057884231537,0.3492663098726895,0.33495659256585997,1,False,False,False
2022-06-03,386.53,0.3373253493013972,0.554932927087857,0.33781050357956666,-1,True,False,False,False,0.37524950099800397,0.35028525854427045,0.3439105722174475,1,False,False,False
2022-06-06,387.71,0.3393213572854291,0.5527875383336041,0.3381462488475361,-1,True,False,False,False,0.41317365269461076,0.3527514700795779,0.3593023678790393,1,False,False,False
2022-06-07,391.43,0.37524950099800397,0.5510209906984239,0.34639141599208445,-1,True,False,False,False,0.4930139720558882,0.35825196035315876,0.3890160576961168,1,False,False,False
2022-06-08,387.17,0.3373253493013972,0.5488946659084037,0.34437673450526507,-1,True,False,False,False,0.3712574850299401,0.3587619809287188,0.3850697082147442,1,False,False,False
2022-06-09,377.96,0.2834331337325349,0.5462532576280469,0.33083371211132506,-1,True,False,False,False,0.23353293413173654,0.35385103791707245,0.35139486952963134,-1,True,False,False
2022-06-10,367.0,0.25149700598802394,0.543320359601778,0.31320333297281366,-1,True,False,False,False,0.1217564870259481,0.34474929082330286,0.3003641178621462,-1,True,False,False
2022-06-13,353.07,0.18762475049900199,0.5397810998097107,0.2852969813119666,-1,True,False,False,False,0.043912175648702596,0.33295175689488715,0.24337479737026982,-1,True,False,False
2022-06-14,352.01,0.16766467065868262,0.5360784487733821,0.2591564678334591,-1,True,False,False,False,0.04590818363273453,0.3216951461787243,0.19949332765081754,-1,True,False,False
2022-06-15,357.02,0.17764471057884232,0.532511943915725,0.2410427439990998,-1,True,False,False,False,0.06187624750499002,0.3115061697601465,0.1689117542850781,-1,True,False,False
2022-06-16,345.21,0.12974051896207583,0.5285042680455394,0.21630891621309448,-1,True,False,False,False,0.01996007984031936,0.30007298976329055,0.13581138218624283,-1,True,False,False
2022-06-17,345.95,0.11976047904191617,0.524437165667394,0.19485370795283263,-1,True,False,False,False,0.021956087824351298,0.28916644458921453,0.11051020566137805,-1,True,False,False
2022-06-21,354.66,0.16766467065868262,0.5208871905926804,0.18881169966524372,-1,True,False,False,False,0.0499001996007984,0.2797834545896688,0.09704131542569369,-1,True,False,False
2022-06-22,354.02,0.16167664670658682,0.5173129563251572,0.1827816878966533,-1,True,False,False,False,0.05588822355289421,0.27100324945097176,0.08789618389840492,-1,True,False,False
2022-06-23,357.49,0.17964071856287425,0.5139530335613534,0.18208369471136907,-1,True,False,False,True,0.10379241516966067,0.26444596183209684,0.09142867973646177,-1,True,False,False
2022-06-24,368.85,0.22554890219560877,0.511083340711943,0.1917426297078668,-1,True,False,False,False,0.2155688622754491,0.2625292128298754,0.11901538696734784,-1,True,False,False
2022-06-27,367.44,0.23552894211576847,0.5083415059000407,0.2014729213540672,-1,True,False,False,False,0.2155688622754491,0.26068763045519205,0.14047171481359255,-1,True,False,False
2022-06-28,359.94,0.21756487025948104,0.5054482060429207,0.2050489099997147,-1,True,False,False,False,0.14770459081836326,0.25625692301845365,0.1420790205924305,-1,True,False,False
2022-06-29,359.64,0.21756487025948104,0.5025836952391055,0.20783023450188498,-1,True,False,False,False,0.1497005988023952,0.25207824363743175,0.1437727046390893,-1,True,False,False
2022-06-30,356.72,0.21157684630738524,0.49968810470247155,0.20866281490310729,-1,True,False,False,False,0.14770459081836326,0.24798515921315456,0.1446464571233724,-1,True,False,False
2022-07-01,360.49,0.24151696606786427,0.49711923765138094,0.21596373738416438,-1,True,False,False,False,0.25149700598802394,0.24812287869452201,0.1683910235377394,-1,True,False,False
2022-07-05,361.17,0.20359281437125748,0.4941985767232205,0.2132146433812962,-1,True,False,False,False,0.2315369261477046,0.24747244918288214,0.18242344633995392,-1,True,False,False
2022-07-06,362.39,0.1996007984031936,0.49126725554590683,0.2101893444972734,-1,True,False,False,False,0.2654690618762475,0.24817819870026903,0.20087802757024137,-1,True,False,False
2022-07-07,367.82,0.21756487025948104,0.48854384872713646,0.21182835022220842,-1,True,False,False,False,0.3013972055888224,0.2502652185782515,0.22321562268548156,1,False,False,False
2022-07-08,367.52,0.2155688622754491,0.4858276797077167,0.21265957512292857,-1,True,False,False,False,0.2954091816367265,0.25203557007074073,0.23925863578575823,1,False,False,False
2022-07-11,363.32,0.20758483033932135,0.483059094141862,0.21153185405990477,-1,True,False,False,False,0.2714570858283433,0.25279719813966633,0.2464138469063327,1,False,False,False
2022-07-12,360.11,0.1996007984031936,0.4802386135872484,0.2088805083584134,-1,True,False,False,False,0.2215568862275449,0.25157208786860275,0.24089007786660208,-1,True,False,False
2022-07-13,358.21,0.18762475049900199,0.47732703286000217,0.20415700661187752,-1,True,False,False,False,0.19560878243512975,0.2493774484398391,0.23082756777071933,-1,True,False,False
2022-07-14,357.34,0.17964071856287425,0.4743649799814238,0.1987089426009879,-1,True,False,False,False,0.19760479041916168,0.24734714812530276,0.22344472835926207,-1,True,False,True
2022-07-15,364.17,0.18962075848303392,0.4715317041456189,0.19668934613033145,-1,True,False,False,False,0.2874251497005988,0.24891883446158888,0.237662599768448,1,False,False,False
2022-07-18,361.16,0.16966067864271456,0.46852801234957014,0.1906829755775277,-1,True,False,False,True,0.23353293413173654,0.24831546582120254,0.23674489629362322,1,False,False,False
2022-07-19,370.92,0.20758483033932135,0.4659315627773289,0.19443894330237071,-1,True,False,False,False,0.47305389221556887,0.25712873744451104,0.28925800649850003,1,False,False,False
2022-07-20,373.29,0.20359281437125748,0.46332122697229333,0.19647313687323445,-1,True,False,False,False,0.5289421157684631,0.2677880856140778,0.34252114189182514,1,False,False,False
2022-07-21,377.09,0.2215568862275449,0.46091561164149986,0.20204730339641455,-1,True,False,False,False,0.6047904191616766,0.2810038634002582,0.4008032035073477,1,False,False,False
2022-07-22,373.59,0.21756487025948104,0.45849421122973855,0.2054956515882071,-1,True,False,False,False,0.5748502994011976,0.2925272530473539,0.43948033592820324,1,False,False,False
2022-07-25,374.04,0.249500998003992,0.45641467676978087,0.21527461745838153,-1,True,False,False,False,0.6127744510978044,0.30508596669639115,0.47799013929922574,1,False,False,False
2022-07-26,369.62,0.23353293413173654,0.4541969479873128,0.21933202116357153,-1,True,False,False,False,0.5528942115768463,0.31480393708386,0.4946354886942525,1,False,False,False
2022-07-27,379.22,0.27345309381237526,0.4523985016771145,0.23135892619663903,-1,True,False,False,False,0.6906187624750499,0.3295417733737106,0.5381873273122075,1,False,False,False
2022-07-28,383.97,0.3393213572854291,0.45127335596177437,0.2553505775497035,-1,True,False,False,False,0.7684630738522954,0.34675437339247867,0.589359715432227,1,False,False,False
2022-07-29,389.57,0.36327345309381237,0.4503977350377151,0.27933343878172767,-1,True,False,False,False,0.7904191616766467,0.3641529925408774,0.6340395923754314,1,False,False,False
2022-08-01,388.42,0.35728542914171657,0.44947124443178477,0.29665610330616965,-1,True,False,False,False,0.7884231536926147,0.38079103807623965,0.6683470504459166,1,False,False,False
2022-08-02,385.85,0.33532934131736525,0.4483355041022881,0.3052501561975464,-1,True,False,False,False,0.7544910179640718,0.3954459392483115,0.68749015433884,1,False,False,False
2022-08-03,391.9,0.3772455089820359,0.4476281409667633,0.3212491234829885,-1,True,False,False,False,0.7764471057884231,0.4103871614655708,0.7072583657720808,1,False,False,False
2022-08-04,391.63,0.37524950099800397,0.44690795549443735,0.33324920737521413,-1,True,False,False,False,0.7524950099800399,0.4238031555249618,0.7173109533738495,1,False,False,False
2022-08-05,390.97,0.37524950099800397,0.4461949360467116,0.34258260595805634,-1,True,False,False,False,0.7504990019960079,0.4366147573473558,0.7246860752898847,1,False,False,False
2022-08-08,390.52,0.3872255489021956,0.4456081759756219,0.35250325994564286,-1,True,False,False,False,0.7724550898203593,0.44978496646394417,0.7353014118522124,1,False,False,False
2022-08-09,388.96,0.36127744510978044,0.44476906422571305,0.35445307887100674,-1,True,False,False,False,0.7684630738522954,0.4622821471458403,0.742670670074453,1,False,False,False
2022-08-10,397.13,0.4311377245508982,0.44463342900506814,0.3714941112443159,-1,True,False,False,False,0.8562874251497006,0.4777333345185408,0.7679188378689525,1,False,False,False
2022-08-11,397.13,0.43912175648702595,0.44457858649245086,0.38652247685380703,-1,True,False,False,False,0.872255489021956,0.49320479155789043,0.7911047603473977,1,False,False,False
2022-08-12,403.86,0.500998003992016,0.4451399737312525,0.4119614828845201,-1,True,False,False,False,0.9181636726546906,0.5098698457185493,0.8193400741934629,1,False,False,False
2022-08-15,405.52,0.5049900199600799,0.44573549657930056,0.43263449112353336,-1,True,False,False,False,0.9101796407185628,0.5255682690518833,0.839526644532374,1,False,False,False
2022-08-16,406.32,0.5289421157684631,0.44656342313839675,0.4540361854890733,-1,False,False,False,False,0.9221556886227545,0.541120716878192,0.8578886543302363,1,False,False,False
2022-08-17,403.43,0.500998003992016,0.44710506075883083,0.4644721451563939,-1,False,False,False,False,0.9121756487025948,0.5556718906752274,0.8699524308574271,1,False,False,False
2022-08-18,404.6,0.5169660678642715,0.44780019515789,0.47613746131370005,-1,False,False,False,False,0.9161676646706587,0.5698089798515188,0.8802224828159231,1,False,False,False
2022-08-19,399.17,0.469061876247505,0.4480117541737071,0.4745651090767678,-1,False,False,False,False,0.8922155688622755,0.5824523754989995,0.8828876130484459,1,False,False,False
2022-08-22,390.86,0.39520958083832336,0.44748635941415105,0.45693054724600235,-1,False,False,False,False,0.8243512974051896,0.5919386077306148,0.8698795429055001,1,False,False,False
2022-08-23,389.91,0.3972055888223553,0.44698605323910834,0.44365833426296963,-1,True,False,False,False,0.8063872255489022,0.600348357448979,0.8557701390484783,1,False,False,False
2022-08-24,391.16,0.405189620758483,0.44657016833880364,0.4351097312619726,-1,True,False,False,False,0.8223552894211577,0.6090545116439664,0.8483446169090738,1,False,False,False
2022-08-25,396.68,0.45109780439121755,0.4466152194438028,0.4386626364018048,-1,True,False,False,False,0.8562874251497006,0.6187499200167402,0.850109685406991,1,False,False,False
2022-08-26,383.25,0.36726546906187624,0.44582566968875875,0.42279659921515406,-1,True,False,False,False,0.6806387225548902,0.6211769318809813,0.8124494714398574,1,False,True,False
2022-08-29,380.72,0.3532934131736527,0.4449049507184592,0.40735144676148705,-1,True,False,False,False,0.6207584830339321,0.6211605221222735,0.7698514740163185,1,False,False,False
2022-08-30,376.54,0.3193612774451098,0.4436557599396199,0.3877980758022921,-1,True,False,False,False,0.5369261477045908,0.6178572133215801,0.7180902903914901,-1,False,False,False
2022-08-31,373.67,0.30538922155688625,0.4422799734880504,0.3694849970810908,-1,True,False,False,False,0.4630738522954092,0.6117872775950636,0.6614199708145833,-1,False,False,False
2022-09-01,374.85,0.313373253493014,0.44099731955775157,0.3570157207281849,-1,True,False,False,False,0.46706586826347307,0.606111928209511,0.6182301702476699,-1,False,False,False
2022-09-02,370.89,0.2894211576846307,0.43948909904160116,0.3419947067185062,-1,True,False,False,False,0.3852295409181637,0.5974498738059287,0.5664522526188908,-1,True,False,False
2022-09-06,369.49,0.2894211576846307,0.43799588569476566,0.3303116958220894,-1,True,False,False,True,0.37524950099800397,0.588736133695814,0.5239627522586937,-1,True,False,False
2022-09-07,376.13,0.35528942115768464,0.4371729357988743,0.3358623014522217,-1,True,False,False,False,0.5169660678642715,0.5859216213102633,0.5224079335043776,-1,True,False,False
2022-09-08,378.59,0.37524950099800397,0.43655678221876615,0.34461501246239556,-1,True,False,False,False,0.5828343313373253,0.5858005511152461,0.5358360219116993,-1,True,False,False
2022-09-09,384.47,0.4171656686626746,0.4363638358152229,0.360737380506902,-1,True,False,False,False,0.6746506986027944,0.5892848706245617,0.5666837278430538,1,False,False,False
2022-09-12,388.61,0.43313373253493015,0.43633169548407574,0.3768254587353527,-1,True,False,False,False,0.7425149700598802,0.5952938941318291,0.6057573372245708,1,False,False,False
2022-09-13,371.71,0.3413173652694611,0.4353862792630348,0.36893477129848795,-1,True,False,False,False,0.4171656686626746,0.5883084735251956,0.5638480775441495,-1,True,False,False
2022-09-14,373.13,0.3373253493013972,0.4344105486166504,0.36191045529913446,-1,True,False,False,False,0.40718562874251496,0.5812056168670512,0.5290342000326751,-1,True,False,False
2022-09-15,368.89,0.31137724550898205,0.4331863366454298,0.350680853123545,-1,True,False,False,False,0.3532934131736527,0.5722678833888787,0.4899806918417813,-1,True,False,False
2022-09-16,366.07,0.2934131736526946,0.43179555890420857,0.3379547021300227,-1,True,False,False,False,0.2834331337325349,0.5609410304611789,0.44408123448417103,-1,True,False,False
2022-09-19,368.91,0.3073852295409182,0.43055764517920075,0.3311614859991106,-1,True,False,False,False,0.3333333333333333,0.5520152384169497,0.4194705897839849,-1,True,False,False
2022-09-20,364.68,0.281437125748503,0.42907385891620875,0.32011162816564226,-1,True,False,False,False,0.2554890219560878,0.5403867593400531,0.3830302413777855,-1,True,False,False
2022-09-21,358.32,0.25149700598802394,0.4273069250562268,0.30486393434839376,-1,True,False,False,False,0.17365269461077845,0.5260050313114542,0.33650189765178395,-1,True,False,False
2022-09-22,355.31,0.21157684630738524,0.42516035710847716,0.28413347033928077,-1,True,False,False,False,0.1157684630738523,0.5099173227531169,0.28745002330113245,-1,True,False,False
2022-09-23,349.35,0.16367265469061876,0.42255848942272733,0.2573644001951337,-1,True,False,False,False,0.04590818363273453,0.49172088592486657,0.23377405893037737,-1,True,False,False
2022-09-26,345.9,0.13373253493013973,0.41968459932827373,0.22989065235846837,-1,True,False,False,False,0.033932135728542916,0.4737683859171676,0.18936474266330305,-1,True,False,False
2022-09-27,345.01,0.12375249500998003,0.41674000127535543,0.2063043951699154,-1,True,False,False,False,0.033932135728542916,0.4565199055176137,0.15482416334446747,-1,True,False,False
2022-09-28,351.8,0.16766467065868262,0.41426163977668207,0.19771778972297477,-1,True,False,False,False,0.08383233532934131,0.44190470668670107,0.13904820156332834,-1,True,False,False
2022-09-29,344.45,0.13972055888223553,0.4115298877279811,0.1848295162028105,-1,True,False,False,False,0.06187624750499002,0.42700162985604573,0.12189887843925315,-1,True,False,False
2022-09-30,339.13,0.1277445109780439,0.4087061526359419,0.17214395948619568,-1,True,False,False,True,0.043912175648702596,0.41197851400477736,0.10456850004135303,-1,True,False,False
2022-10-03,348.08,0.17365269461077845,0.40636731225758205,0.17247923395832518,-1,True,False,False,False,0.08982035928143713,0.39934486087837184,0.10129113542803839,-1,True,False,False
2022-10-04,358.87,0.24151696606786427,0.40472701030544556,0.18782095220488942,-1,True,False,False,False,0.21756487025948104,0.3922162337952781,0.12712974316835898,-1,True,False,False
2022-10-05,358.03,0.24550898203592814,0.40314275131768923,0.2006405143895647,-1,True,False,False,False,0.2315369261477046,0.38591508447576545,0.15033133938599133,-1,True,False,False
2022-10-06,354.34,0.21956087824351297,0.4013160660134686,0.2048450396904421,-1,True,False,False,False,0.19161676646706588,0.37829554259307135,0.15950587873734123,-1,True,False,False
2022-10-07,344.45,0.17964071856287425,0.3991103411632139,0.19924407943987146,-1,True,False,False,False,0.11177644710578842,0.36784381335827593,0.14889933837477393,-1,True,False,False
2022-10-10,341.82,0.17365269461077845,0.3968669814960255,0.19355710503340634,-1,True,False,False,False,0.12574850299401197,0.35834987961850084,0.14375470829016015,-1,True,False,False
2022-10-11,339.66,0.17564870259481039,0.3946658045915358,0.18957746004705167,-1,True,False,False,False,0.12375249500998003,0.3491499821828726,0.13930977200567568,-1,True,False,False
2022-10-12,338.54,0.17165668662674652,0.39244680839288115,0.18559506595365052,-1,True,False,False,False,0.10578842315369262,0.33960639163270867,0.13186058337190168,-1,True,False,False
2022-10-13,347.47,0.19560878243512975,0.39048822106991843,0.18782033628286812,-1,True,False,False,False,0.17964071856287425,0.33333322798291126,0.1424783911921178,-1,True,False,False
2022-10-14,339.56,0.16167664670658682,0.3882114889867012,0.18201062748813895,-1,True,False,False,True,0.10379241516966067,0.3243316274804309,0.13388150763157178,-1,True,False,False
2022-10-17,348.28,0.1996007984031936,0.3863347656973131,0.1859195543581511,-1,True,False,False,False,0.18562874251497005,0.31889229865825597,0.14538089316121583,-1,True,False,False
2022-10-18,352.37,0.22554890219560877,0.3847349063589877,0.19472607609980838,-1,True,False,False,False,0.25349301397205587,0.31632762082742455,0.16940580889695805,-1,True,False,False
2022-10-19,349.88,0.20958083832335328,0.38299207981136946,0.19802713437170727,-1,True,False,False,False,0.20958083832335328,0.3121414724939316,0.17833359321393477,-1,True,False,False
2022-10-20,346.94,0.19161676646706588,0.3810878478377943,0.19660260817067587,-1,True,False,False,False,0.17964071856287425,0.30694536449663523,0.1786240655136991,-1,True,False,False
2022-10-21,355.37,0.23952095808383234,0.3796792220690982,0.20614001926248843,-1,True,False,False,False,0.3013972055888224,0.3067277896375053,0.20590698553039316,-1,True,False,True
2022-10-24,359.72,0.26147704590818366,0.37850308101277075,0.21843713629486516,-1,True,False,False,False,0.36127744510978044,0.3088669918128886,0.24043375432581254,1,False,False,False
2022-10-25,365.47,0.3093812375249501,0.3778153014755785,0.23864693656821737,-1,True,False,False,False,0.4810379241516966,0.3156187930810772,0.29390134762045345,1,False,False,False
2022-10-26,362.71,0.32934131736526945,0.377332973275476,0.2588012434120067,-1,True,False,False,False,0.5149700598802395,0.32343648981829926,0.3430277281226281,1,False,False,False
2022-10-27,360.78,0.3393213572854291,0.37695474824074915,0.276694602050545,-1,True,False,True,False,0.5329341317365269,0.3316520836190141,0.385229151147939,1,False,False,False
2022-10-28,369.36,0.40119760479041916,0.3771959706939797,0.3043619359927393,-1,True,False,False,False,0.656686626746507,0.3443985362906805,0.44555303461428747,1,False,False,False
2022-10-31,366.69,0.3932135728542914,0.37735534981995295,0.32410674418419533,-1,True,False,False,False,0.6347305389221557,0.3557841050213266,0.48759248001603595,1,False,False,False
2022-11-01,365.09,0.39520958083832336,0.3775330038599367,0.33990737455177933,-1,True,False,False,False,0.6467065868263473,0.3671928297979941,0.5229511704183274,1,False,False,False
2022-11-02,355.92,0.3592814371257485,0.3773513962307408,0.34421272179043916,-1,True,False,False,False,0.5229540918163673,0.3733011145830284,0.5229518196178918,1,False,False,False
2022-11-03,352.26,0.35129740518962077,0.3770921525387894,0.3457870958791462,-1,True,False,False,False,0.5189620758483033,0.3790133091424509,0.5220652098913166,1,False,False,False
2022-11-04,357.33,0.3852295409181637,0.3771731215773902,0.35455208366559454,-1,True,False,False,False,0.6007984031936128,0.38771076381112396,0.5395614750696046,1,False,False,False
2022-11-07,360.75,0.4231536926147705,0.3776306396971651,0.36979688565430036,-1,True,False,False,False,0.6467065868263473,0.39786746275289747,0.5633714999044364,1,False,False,False
2022-11-08,362.69,0.43313373253493015,0.3781829092776404,0.38387174051666256,-1,False,False,False,False,0.6766467065868264,0.4087999821189339,0.5885437680560786,1,False,False,False
2022-11-09,355.22,0.3992015968063872,0.37839205044708074,0.38727837524771247,-1,False,False,False,False,0.6127744510978044,0.416798980902419,0.5939283642875731,1,False,False,False
2022-11-10,374.74,0.5528942115768463,0.38012839035881973,0.4240818944319644,1,False,False,False,False,0.8223552894211577,0.43270314986393815,0.6446899032061475,1,False,False,False
2022-11-11,378.37,0.5688622754491018,0.38200633946419565,0.4562553124357727,1,False,False,False,False,0.8163672654690619,0.4477488014562959,0.6828404281534618,1,False,False,False
2022-11-14,375.15,0.5369261477045908,0.38354783009345333,0.4741821647177323,1,False,False,False,False,0.7944111776447106,0.4613434044440769,0.707633928040406,1,False,False,False
2022-11-15,378.35,0.564870259481038,0.38535203337094176,0.49433507466513354,1,False,False,False,False,0.8243512974051896,0.47557900808961073,0.7335711212325802,1,False,False,False
2022-11-16,375.46,0.5489021956087824,0.38697939816932825,0.5064611015414999,1,False,False,False,False,0.8143712574850299,0.48886497865413703,0.751526707066458,1,False,False,False
2022-11-17,374.32,0.5289421157684631,0.3883919625235485,0.5114568824808251,1,False,False,False,False,0.7924151696606786,0.5007689077132171,0.7606130320873958,1,False,False,False
2022-11-18,376.01,0.5708582834331337,0.390207547806231,0.5246571938035604,1,False,False,False,False,0.8303393213572854,0.5136932376600434,0.7761077630362603,1,False,False,False
2022-11-21,374.65,0.5748502994011976,0.3920447891156337,0.5358112172697019,1,False,False,False,False,0.8343313373253493,0.5262672807841731,0.7890463351005023,1,False,False,False
2022-11-22,379.69,0.6007984031936128,0.39412193950446933,0.5502528141416821,1,False,False,False,False,0.8662674650698603,0.5396006213443961,0.8062065862048041,1,False,False,False
2022-11-23,382.08,0.6287425149700598,0.3964564725936792,0.5676949698813216,1,False,False,False,False,0.8922155688622755,0.5534286585019601,0.82531969346202,1,False,False,False
2022-11-25,382.0,0.6427145708582834,0.39890680192964545,0.5843659923206465,1,False,False,False,False,0.8922155688622755,0.5667144196925608,0.8401854435509657,1,False,False,False
2022-11-28,375.9,0.590818363273453,0.40081636970421075,0.5857998525323812,1,False,False,False,False,0.8522954091816367,0.5779136741823285,0.8428765470244481,1,False,False,False
2022-11-29,375.26,0.5888223552894212,0.4026870760284417,0.5864715198117234,1,False,False,False,False,0.8483033932135728,0.5885171925757107,0.8440825128442536,1,False,False,False
2022-11-30,387.08,0.654690618762475,0.4051945739660938,0.6016313195785571,1,False,False,False,False,0.906187624750499,0.6009748565825651,0.8578836488234193,1,False,False,False
2022-12-01,386.79,0.6586826347305389,0.40771684322743157,0.6143093896123308,1,False,False,False,False,0.8942115768463074,0.6124743358085942,0.8659565217173945,1,False,False,False
2022-12-02,386.34,0.6467065868263473,0.4100948506264258,0.6215087667710012,1,False,False,False,False,0.8942115768463074,0.6235228550649752,0.8722354228571529,1,False,False,False
2022-12-05,379.39,0.5948103792415169,0.4119328160852824,0.6155757917644491,1,False,False,False,False,0.8283433133732535,0.631555029900594,0.8624816207496198,1,False,False,False
2022-12-06,373.93,0.5788423153692615,0.41359360712293397,0.607412797009963,1,False,False,False,False,0.780439121756487,0.63739362173808,0.8442499543067014,1,False,False,False
2022-12-07,373.29,0.5668662674650699,0.41511870822086566,0.5984024571110979,1,False,False,False,False,0.780439121756487,0.6430032491897822,0.8300697692955427,1,False,False,False
2022-12-08,376.21,0.5868263473053892,0.4168272419430997,0.5958299882653848,1,False,False,False,False,0.7984031936127745,0.6490973646573506,0.8230327524771497,1,False,False,False
2022-12-09,373.4,0.5708582834331337,0.4183598891221051,0.5902807205248846,1,False,False,False,False,0.7664670658682635,0.6537000980381706,0.8104625998973971,1,False,False,False
2022-12-12,378.79,0.6187624750499002,0.4203539447034762,0.5966099993082213,1,False,False,False,False,0.7884231536926147,0.6589833551226587,0.8055649451852233,1,False,False,False
2022-12-13,381.65,0.6506986027944112,0.4226459313511472,0.6086296889718191,1,False,False,False,False,0.8043912175648703,0.6646856242380396,0.8053041168251448,1,False,False,False
2022-12-14,379.21,0.6227544910179641,0.4246370612980807,0.6117685338709624,1,False,False,False,False,0.780439121756487,0.6692249770819003,0.7997785623654431,1,False,True,False
2022-12-15,369.94,0.5389221556886228,0.42577422641639456,0.5955804498304424,1,False,False,False,False,0.656686626746507,0.6687332770687476,0.767980354450124,1,False,False,False
2022-12-16,365.57,0.5069860279441117,0.42658230404353603,0.5758928005223689,1,False,False,False,False,0.5768463073852296,0.6651298664929235,0.7255061217690364,-1,False,False,False
2022-12-19,362.47,0.48502994011976047,0.4271638725617074,0.5557010537662337,1,False,False,False,False,0.49700598802395207,0.6585367732196304,0.6747283142701288,-1,False,False,False
2022-12-20,362.97,0.48902195608782434,0.4277793758803753,0.540883476504365,1,False,False,False,False,0.5049900199600799,0.6525153319153344,0.6370086933123402,-1,True,False,False
2022-12-21,368.4,0.5269461077844312,0.4287661095311619,0.5377862834554908,1,False,False,False,False,0.5968063872255489,0.6503306674176959,0.6280748475152755,-1,True,False,False
2022-12-22,363.14,0.5089820359281437,0.42956427795302243,0.5313853395605248,1,False,False,False,False,0.499001996007984,0.6443962097153542,0.5993919916247663,-1,True,False,False
2022-12-23,365.23,0.5269461077844312,0.43053325138418075,0.5303988436102818,1,False,False,False,False,0.5429141716566867,0.6404165219483476,0.5868413649651931,-1,True,False,False
2022-12-27,363.79,0.5349301397205589,0.4315720263925029,0.5314057983014544,1,False,False,False,False,0.5349301397205589,0.6362798010766697,0.5753055371330522,-1,True,False,False
2022-12-28,359.27,0.499001996007984,0.43224297136380124,0.5242049533473498,1,False,False,False,False,0.4171656686626746,0.627687090001611,0.540163344139635,-1,True,False,False
2022-12-29,365.74,0.5389221556886228,0.43330445578494375,0.5274754427565216,1,False,False,False,False,0.5369261477045908,0.6241278373625123,0.5394439671540696,-1,True,False,False
2022-12-30,364.77,0.5129740518962076,0.4340971880845583,0.5242529114542296,1,False,False,False,False,0.4590818363273453,0.6176554451650548,0.521585715859242,-1,True,False,False
2023-01-03,363.24,0.5129740518962076,0.43488203250059465,0.5217464982191136,1,False,False,False,False,0.45109780439121755,0.6111237729778455,0.5059217355330143,-1,True,False,False
2023-01-04,366.04,0.5429141716566867,0.4359569791588643,0.5264504256496854,1,False,False,False,False,0.5269461077844312,0.6078226880682998,0.5105938182555514,-1,True,False,False
2023-01-05,361.86,0.5109780439121756,0.4367034574151161,0.5230121185969054,1,False,False,False,False,0.42115768463073855,0.6005024918550621,0.49071912189448186,-1,True,False,True
2023-01-06,370.16,0.5788423153692615,0.43811777440968475,0.5354188289907623,1,False,False,False,False,0.6307385229540918,0.6016882185648279,0.521834544352173,1,False,False,False
2023-01-09,369.95,0.5788423153692615,0.4395180185983373,0.5450684926304288,1,False,False,False,False,0.6067864271457086,0.6018881483130978,0.5407127405285143,1,False,False,False
2023-01-10,372.55,0.6087824351297405,0.441202241648401,0.5592271465191647,1,False,False,False,False,0.6407185628742516,0.6034109096684371,0.5629362566053447,1,False,False,False
2023-01-11,377.26,0.6447105788423154,0.44322720022744494,0.5782234648131982,1,False,False,False,False,0.7305389221556886,0.6083963219228392,0.60018129339431,1,False,False,False
2023-01-12,378.63,0.6686626746506986,0.4454703392764326,0.5983210669993094,1,False,False,False,False,0.7365269461077845,0.6134210522830331,0.6304803273306376,1,False,False,False
2023-01-13,380.1,0.6606786427145709,0.44761171543004596,0.6121783060471453,1,False,False,False,False,0.7485029940119761,0.618718383331227,0.6567075865931573,1,False,False,False
2023-01-17,379.4,0.656686626746507,0.4496920628063292,0.6220690439803368,1,False,False,False,False,0.7345309381237525,0.6232600521466202,0.6740016647110674,1,False,False,False
2023-01-18,373.41,0.5948103792415169,0.451136026153943,0.6160115629272657,1,False,False,False,False,0.5808383233532934,0.6215964549390387,0.6532986999648953,-1,False,False,False
2023-01-19,370.7,0.5808383233532934,0.45242659627532955,0.608195287466383,1,False,False,False,False,0.4750499001996008,0.6158495312237667,0.6136878555726076,-1,True,False,False
2023-01-20,377.6,0.626746506986028,0.45416112275006293,0.6123177806929707,1,False,False,False,False,0.6067864271457086,0.6154941153775684,0.6121542048110745,-1,True,False,False
2023-01-23,382.13,0.6606786427145709,0.45621602344622725,0.623064638919993,1,False,False,False,False,0.6646706586826348,0.6174226072718847,0.6238245278936434,1,False,False,False
2023-01-24,381.72,0.6526946107784432,0.4581710342654533,0.6296490771107597,1,False,False,False,False,0.6706586826347305,0.6195102965018002,0.6342321178361072,1,False,False,False
2023-01-25,381.87,0.6526946107784432,0.460106592240707,0.6347703068146893,1,False,False,False,False,0.6726546906187625,0.6215943903887399,0.642770467343364,1,False,False,False
2023-01-26,386.06,0.6666666666666666,0.46216191636434845,0.6418583867817953,1,False,False,False,False,0.7065868263473054,0.6249274270929973,0.6569518804553509,1,False,False,False
2023-01-27,386.95,0.6806387225548902,0.4643358149334086,0.6504762391758163,1,False,False,False,False,0.6986027944111777,0.6278166571839064,0.6662076391122014,1,False,False,False
2023-01-30,382.09,0.6646706586826348,0.46632919646325166,0.653630554621776,1,False,False,False,False,0.6606786427145709,0.6291053624988344,0.6649789732460613,1,False,False,False
2023-01-31,387.71,0.720558882235529,0.4688588450779012,0.6685035163137211,1,False,False,False,False,0.7305389221556886,0.6330831491520444,0.679547850781534,1,False,False,False
2023-02-01,391.83,0.7385229540918163,0.4715420700432138,0.68406339137552,1,False,False,False,False,0.7504990019960079,0.6376876924008273,0.6953147732736393,1,False,False,False
2023-02-02,397.54,0.7904191616766467,0.47471497642762606,0.7076980069979926,1,False,False,False,False,0.7345309381237525,0.6414854667429029,0.7040294765736645,1,False,False,False
2023-02-03,393.31,0.7325349301397206,0.47728034910137823,0.7132173232517098,1,False,False,False,False,0.6986027944111777,0.6437253619455804,0.702823547204223,1,False,False,False
2023-02-06,390.91,0.7125748502994012,0.479621587919269,0.7130745514845301,1,False,False,False,False,0.6746506986027944,0.6449381202458633,0.6965629141816834,1,False,False,False
2023-02-07,396.02,0.7385229540918163,0.4821977209160108,0.7187297520639271,1,False,False,False,False,0.718562874251497,0.6478253655009862,0.7014517941971975,1,False,False,False
2023-02-08,391.69,0.7125748502994012,0.4844900306611192,0.7173619961162546,1,False,False,False,False,0.6806387225548902,0.6491121638168256,0.6968266671655736,1,False,False,False
2023-02-09,388.29,0.688622754491018,0.48652120204251126,0.7109754979773131,1,False,False,False,False,0.626746506986028,0.6482350792352257,0.6812532982367856,1,False,False,False
2023-02-10,389.2,0.7105788423153693,0.4887506312989576,0.7108873522746589,1,False,False,False,False,0.6526946107784432,0.6484099628251558,0.6749069232460427,1,False,False,False
2023-02-13,393.77,0.7265469061876247,0.49111676338740207,0.7143672531442069,1,False,False,False,False,0.7225548902195609,0.6513176070367012,0.6854953603512689,1,False,False,False
2023-02-14,393.59,0.7285429141716567,0.493479212648937,0.7175174000391957,1,False,False,False,False,0.6866267465069861,0.6527022791727908,0.6857467794969838,1,False,False,False
2023-02-15,394.87,0.7385229540918163,0.49591745883244825,0.7221853009397781,1,False,False,False,False,0.6966067864271457,0.6544240245553146,0.6881601143703531,1,False,False,False
2023-02-16,389.43,0.7145708582834331,0.49809311454837846,0.7204932025717015,1,False,False,False,False,0.6666666666666666,0.6549041281675245,0.6833837926584228,1,False,False,False
2023-02-17,388.46,0.7105788423153693,0.5002074003968062,0.7182900114036277,1,False,False,False,False,0.6666666666666666,0.6553654041870988,0.6796688757713658,1,False,True,False
2023-02-21,380.66,0.6506986027944112,0.5017048252962849,0.7032696983793574,1,False,False,False,False,0.5149700598802395,0.6498597044103592,0.6430691389066712,-1,True,False,False
2023-02-22,380.14,0.6427145708582834,0.503107907341678,0.6898130033746742,1,False,False,False,False,0.5089820359281437,0.6443350899600763,0.6132720049114428,-1,True,False,False
2023-02-23,382.16,0.6506986027944112,0.5045764714755361,0.681120914356838,1,False,False,False,False,0.5429141716566867,0.6403577990462179,0.5976369308548304,-1,True,False,False
2023-02-24,378.08,0.6067864271457086,0.5055934859598165,0.6646021394210314,1,False,False,False,False,0.47105788423153694,0.6337185867005442,0.5695082538274319,-1,True,False,False
2023-02-27,379.37,0.6067864271457086,0.5066003808969896,0.6517542033598486,1,False,False,False,False,0.4930139720558882,0.6282007586752636,0.5525095245448666,-1,True,False,False
2023-02-28,377.96,0.5868263473053892,0.5073986492194612,0.6373257909033021,1,False,False,False,False,0.4550898203592814,0.621412094427578,0.5308607013925143,-1,True,False,False
2023-03-01,376.51,0.5748502994011976,0.508069809917787,0.6234423483472789,1,False,False,False,False,0.4351297405189621,0.6141069040782206,0.5095871545317249,-1,True,False,False
2023-03-02,379.44,0.5988023952095808,0.5089726217117352,0.6179668032055682,1,False,False,False,False,0.469061876247505,0.6084188637711336,0.5005815371352316,-1,True,False,False
2023-03-03,385.53,0.656686626746507,0.5104424128066086,0.626571208436888,1,False,False,False,False,0.5469061876247505,0.6060066019614716,0.5108759039106802,-1,True,False,False
2023-03-06,385.8,0.6407185628742516,0.5117386929067842,0.6297150649785244,1,False,False,False,False,0.5269461077844312,0.6029061904251172,0.5144470603270693,-1,True,False,False
2023-03-07,379.88,0.5848303393213573,0.5124659729706108,0.619740681499154,1,False,False,False,False,0.3912175648702595,0.5946046756974758,0.4870627280033338,-1,True,False,False
2023-03-08,380.5,0.5888223552894212,0.513225737968808,0.6128699423414355,1,False,False,False,False,0.3972055888223553,0.5868635350357063,0.46709447485200517,-1,True,False,False
2023-03-09,373.48,0.5069860279441117,0.5131636513018957,0.5893401835864747,1,False,False,False,False,0.27944111776447106,0.5748077539662462,0.42539372883255316,-1,True,False,False
2023-03-10,368.09,0.4491017964071856,0.5125262199099085,0.5581760975466327,1,False,False,False,False,0.17564870259481039,0.5591544578340331,0.3698948341130548,-1,True,False,False
2023-03-13,367.57,0.42714570858283435,0.511676662583271,0.5290582333324553,1,False,False,False,False,0.18762475049900199,0.5445846653895221,0.32939037108770974,-1,True,False,False
2023-03-14,373.64,0.47305389221556887,0.5112923564104581,0.5166128241953694,1,False,False,False,False,0.2554890219560878,0.533247581333309,0.3129678490584604,-1,True,False,False
2023-03-15,371.31,0.4231536926147705,0.5104153547806504,0.4958441282885696,1,False,False,False,False,0.21157684630738524,0.5206330427048413,0.29043651511377705,-1,True,False,False
2023-03-16,377.82,0.469061876247505,0.5100038773823107,0.48989251672388856,1,False,False,False,False,0.2714570858283433,0.5108614365528218,0.2862188641614585,-1,True,False,False
2023-03-17,373.4,0.41317365269461076,0.5090403925595475,0.47284388027293794,1,False,False,False,False,0.2215568862275449,0.49951616006947763,0.2718495357316999,-1,True,False,False
2023-03-20,376.99,0.48303393213572854,0.5087816218090617,0.47510833624244697,1,False,False,False,False,0.2774451097804391,0.49080749143069186,0.2730929966314197,-1,True,False,False
2023-03-21,381.94,0.5149700598802395,0.5088431983072824,0.48396649705084527,1,False,False,False,False,0.28542914171656686,0.48275343850072616,0.27583436220589685,-1,True,False,False
2023-03-22,375.43,0.4471057884231537,0.5082288957213706,0.47577522846691384,1,False,False,False,False,0.2155688622754491,0.4722756119820879,0.2624420288880196,-1,True,False,False
2023-03-23,376.44,0.43313373253493015,0.5074816801672767,0.4662993404820286,1,False,False,False,False,0.21756487025948104,0.46228695544394643,0.25246932697056657,-1,True,False,False
2023-03-24,378.91,0.44510978043912175,0.5068610642495835,0.46159054936138266,1,False,False,False,False,0.24750499001996007,0.4538641332704568,0.2513661409815429,-1,True,False,False
2023-03-27,379.62,0.47305389221556887,0.5065246744781008,0.4641379588845352,1,False,False,False,False,0.2654690618762475,0.44647609125499765,0.2545001234025884,-1,True,False,False
2023-03-28,378.77,0.48502994011976047,0.5063107965242865,0.46878062138125187,1,False,False,False,False,0.2714570858283433,0.43961260084610926,0.25826833727497833,-1,True,False,False
2023-03-29,384.28,0.5449101796407185,0.5066948699881315,0.4856983009944667,1,False,False,False,False,0.36327345309381237,0.43661890877739173,0.28160280745694144,-1,True,False,False
2023-03-30,386.53,0.562874251497006,0.5072538688091154,0.5028485122172532,1,False,False,False,False,0.4091816367265469,0.43554293732441746,0.3099536584057426,-1,True,False,True
2023-03-31,391.97,0.6127744510978044,0.5083038248517889,0.5272764986351535,1,False,False,False,False,0.5169660678642715,0.43873600126715684,0.3559564160631935,1,False,False,False
2023-04-03,393.47,0.6207584830339321,0.5094227766744969,0.5480502729459932,1,False,False,False,False,0.5409181636726547,0.44274314489090183,0.39705902664307374,1,False,False,False
2023-04-04,391.29,0.592814371257485,0.5102525437847754,0.557997850348547,1,False,False,False,False,0.4590818363273453,0.44338387788840944,0.41084187323957855,1,False,False,False
2023-04-05,390.26,0.5888223552894212,0.5110343329539758,0.564847740335408,1,False,False,False,False,0.43313373253493015,0.44298191140395926,0.4157956197496567,1,False,False,False
2023-04-06,391.78,0.5848303393213573,0.5117686215745467,0.5692883178878412,1,False,False,False,False,0.43912175648702595,0.4428305327797658,0.42097920569129427,1,False,False,False
2023-04-10,392.19,0.5968063872255489,0.5126147684964473,0.5754034444073317,1,False,False,False,False,0.49700598802395207,0.4449550604364006,0.43787404620966264,1,False,False,False
2023-04-11,392.29,0.6287425149700598,0.5137702684613589,0.5872565711990491,1,False,False,False,False,0.5329341317365269,0.4484052200952291,0.45899850966007694,1,False,False,False
2023-04-12,390.69,0.6167664670658682,0.5147951062584187,0.59381432583612,1,False,False,False,False,0.5049900199600799,0.450624231854635,0.4692188452822998,1,False,False,False
2023-04-13,395.88,0.6447105788423154,0.5160877975279103,0.6051246042819411,1,False,False,False,False,0.5588822355289421,0.4548696437634314,0.489144043114887,1,False,False,False
2023-04-14,394.91,0.6187624750499002,0.5171094361102188,0.6081552422303764,1,False,False,False,False,0.5489021956087824,0.45855719481619034,0.502423632557975,1,False,False,False
2023-04-17,396.33,0.6367265469061876,0.5182996561181389,0.6145044210472234,1,False,False,False,False,0.5748502994011976,0.4631177087214848,0.5185184474120244,1,False,False,False
2023-04-18,396.59,0.6387225548902196,0.5194978939168661,0.6198862285678892,1,False,False,False,False,0.6087824351297405,0.4688300509335733,0.5385771113492946,1,False,False,False
2023-04-19,396.52,0.6427145708582834,0.5207239305033479,0.6249591935213101,1,False,False,False,False,0.5968063872255489,0.47384873078816053,0.5515169504329067,1,False,False,False
2023-04-20,394.36,0.6147704590818364,0.5216597168573628,0.6226950303125381,1,False,False,False,False,0.5808383233532934,0.47804440108483237,0.5580328110818815,1,False,False,False
2023-04-21,394.67,0.6067864271457086,0.5225067488005304,0.6191597851643538,1,False,False,False,False,0.5728542914171657,0.4817624359998258,0.5613264733786114,1,False,False,False
2023-04-24,395.08,0.6067864271457086,0.523345352565159,0.6164101500490993,1,False,False,False,False,0.592814371257485,0.4861174138530674,0.568323784018361,1,False,False,False
2023-04-25,388.81,0.5429141716566867,0.5235400671829852,0.6000777104063408,1,False,False,False,False,0.46107784431137727,0.4851354699494717,0.5444913529723646,1,False,False,False
2023-04-26,387.16,0.49500998003992014,0.5232561857188751,0.5767293258804695,1,False,False,False,False,0.38922155688622756,0.48137414002542295,0.5099869538421119,-1,False,False,False
2023-04-27,394.87,0.5489021956087824,0.5235113698968842,0.5705455191534279,1,False,False,False,False,0.5109780439121756,0.4825350774327466,0.5102071960799038,1,False,False,False
2023-04-28,398.24,0.6007984031936128,0.5242803951038169,0.577268382273469,1,False,False,False,False,0.5888223552894212,0.48670320597614564,0.5276772314597966,1,False,False,False
2023-05-01,397.83,0.5788423153692615,0.5248232997830751,0.5776181451836451,1,False,False,False,False,0.6107784431137725,0.49156890155017025,0.5461441673829024,1,False,False,False
2023-05-02,393.36,0.5229540918163673,0.5248047006988292,0.5654705777686945,1,False,False,False,False,0.48502994011976047,0.4913124716901542,0.5325632279910931,1,False,False,False
2023-05-03,390.66,0.48502994011976047,0.5244089319368485,0.5475948805133758,1,False,False,False,False,0.45109780439121755,0.4897354259137253,0.5144598005244541,-1,False,False,False
2023-05-04,387.9,0.4810379241516966,0.5239773796205783,0.532804445766336,1,False,False,False,False,0.4431137724550898,0.48790712577809253,0.4986051276201509,-1,False,False,False
2023-05-05,395.08,0.5349301397205589,0.5240863623081404,0.5332768222006077,1,False,False,False,False,0.5409181636726547,0.48998599000925186,0.5080080245207074,1,False,False,False
2023-05-08,395.18,0.530938123752495,0.5241545390389301,0.5327571114343604,1,False,False,False,False,0.5469061876247505,0.4922181546216244,0.5166520607660503,1,False,False,False
2023-05-09,393.45,0.5109780439121756,0.5240234296346837,0.5279173186516527,1,False,False,False,False,0.5169660678642715,0.49318866102329684,0.5167218401212106,1,False,False,False
2023-05-10,395.29,0.5269461077844312,0.524052511009308,0.5277014940144924,1,False,False,False,False,0.5169660678642715,0.4941211083503939,0.516776112953002,1,False,False,False
2023-05-11,394.6,0.5029940119760479,0.5238429737054945,0.5222109424503936,1,False,False,False,False,0.499001996007984,0.49431251570951507,0.5128263091874424,1,False,False,False
2023-05-12,394.08,0.5089820359281437,0.5236951036778592,0.5192711854454491,1,False,False,False,False,0.500998003992016,0.49457469172059354,0.5101977969217921,1,False,False,False
2023-05-15,395.44,0.5129740518962076,0.5235884265457035,0.5178718224345066,1,False,False,False,False,0.5129740518962076,0.49529623525689215,0.5108147424716623,1,False,False,False
2023-05-16,392.8,0.4630738522954092,0.5229862914785365,0.5056944957369294,1,False,False,False,False,0.43912175648702595,0.49309331452081895,0.49488296780840973,-1,False,False,False
2023-05-17,397.57,0.49500998003992014,0.5227079202204409,0.5033201589153717,1,False,False,False,False,0.5029940119760479,0.49348157716612207,0.4966854220678849,-1,False,False,False
2023-05-18,401.4,0.5329341317365269,0.5228096735688598,0.5099010417645173,1,False,False,False,False,0.5209580838323353,0.49455908723146375,0.5020793469044295,1,False,False,False
2023-05-19,400.81,0.5189620758483033,0.5227713890144264,0.5119146048942476,1,False,False,False,False,0.5189620758483033,0.4955160671772222,0.5058310644475126,1,False,False,False
2023-05-22,400.97,0.5269461077844312,0.5228129285046752,0.515254938869844,1,False,False,False,False,0.5289421157684631,0.49682689261217283,0.510966853629946,1,False,True,False
2023-05-23,396.47,0.4930139720558882,0.5225164214753341,0.510312501800076,1,False,False,False,False,0.4351297405189621,0.49440739645165477,0.4941141618275051,-1,True,False,False
2023-05-24,393.6,0.46706586826347307,0.5219646746772061,0.500702138791942,1,False,False,False,False,0.34530938123752497,0.4885604154628653,0.46104643280750957,-1,True,False,False
2023-05-25,397.01,0.4431137724550898,0.5211800885854437,0.4879047240504193,1,False,False,False,False,0.34331337325349304,0.4828644530232821,0.4348835306843948,-1,True,False,False
2023-05-26,402.15,0.469061876247505,0.5206614994079518,0.48371742453866057,1,False,False,False,False,0.3852295409181637,0.4790356329407285,0.4238493107363434,-1,True,False,False
2023-05-30,402.31,0.4630738522954092,0.5200884879938967,0.4791299640401603,1,False,False,False,False,0.37325349301397204,0.47488731372791454,0.41260579568692757,-1,True,False,False
2023-05-31,400.07,0.4431137724550898,0.5193225704263464,0.4711263659101446,1,False,False,False,False,0.3333333333333333,0.46933617724185256,0.3949896929416844,-1,True,False,False
2023-06-01,403.88,0.46706586826347307,0.5188026032406462,0.4702240330997731,1,False,False,False,False,0.3852295409181637,0.4660378777781785,0.3928207702697909,-1,True,False,True
2023-06-02,409.72,0.5688622754491018,0.5193007094317751,0.49214364251073506,1,False,False,False,False,0.5588822355289421,0.46967883298409085,0.42972331810515785,1,False,False,False
2023-06-05,408.93,0.5548902195608783,0.5196548339106717,0.5060873262996558,1,False,False,False,False,0.5089820359281437,0.4712201350603282,0.4473363665102658,1,False,False,False
2023-06-06,409.82,0.5708582834331337,0.5201643209705966,0.5204808723293175,1,False,False,False,False,0.5409181636726547,0.47395339108434104,0.4681323214352411,1,False,False,False
2023-06-07,408.4,0.5968063872255489,0.520926928595024,0.5374420978618133,1,False,False,False,False,0.6087824351297405,0.4792408045763175,0.49938790225624097,1,False,False,False
2023-06-08,410.87,0.6067864271457086,0.5217812519636875,0.5528519488137901,1,False,False,False,False,0.6107784431137725,0.48439914334249223,0.5241413557801369,1,False,False,False
2023-06-09,411.61,0.6007984031936128,0.522567492274433,0.5635067164537506,1,False,False,False,False,0.6087824351297405,0.48927691949101176,0.5429504845244932,1,False,False,False
2023-06-12,415.35,0.6047904191616766,0.5233856308504256,0.5726808726110675,1,False,False,False,False,0.6187624750499002,0.4943547844148898,0.5597975935301392,1,False,False,False
2023-06-13,418.08,0.6307385229540918,0.5244538188315566,0.5855825726872952,1,False,False,False,False,0.6746506986027944,0.5014252124222586,0.585320505768507,1,False,False,False
2023-06-14,418.58,0.6187624750499002,0.5253922134207939,0.5929558843234296,1,False,False,False,False,0.654690618762475,0.5074356205140318,0.6007360864338332,1,False,False,False
2023-06-15,423.77,0.6826347305389222,0.5269568155811732,0.6128845168157613,1,False,False,False,False,0.7085828343313373,0.515323746546083,0.6247020304110563,1,False,False,False
2023-06-16,422.33,0.6786427145708582,0.5284661280089313,0.6274974496502272,1,False,False,False,False,0.7225548902195609,0.52345045806269,0.6464471103685018,1,False,False,False
2023-06-20,420.13,0.6387225548902196,0.529563206883372,0.6299919174813366,1,False,False,False,False,0.6666666666666666,0.5290667799687283,0.6509403451014273,1,False,False,False
2023-06-21,417.98,0.6447105788423154,0.5307089518779884,0.6332627311171097,1,False,False,False,False,0.6706586826347305,0.5346194036026891,0.6553221978866057,1,False,False,False
2023-06-22,419.49,0.6207584830339321,0.5316049671133709,0.630484009320848,1,False,False,False,False,0.6327345309381237,0.5384670556550591,0.6503027163424986,1,False,False,False
2023-06-23,416.32,0.5888223552894212,0.5321742943589038,0.6212258639805309,1,False,False,False,False,0.5708582834331337,0.5397372998816503,0.6326483979181953,1,False,False,False
2023-06-26,414.62,0.6147704590818364,0.5329961467442067,0.6197913295585988,1,False,False,False,False,0.6227544910179641,0.542992876004643,0.6304497519403661,1,False,False,False
2023-06-27,419.16,0.6427145708582834,0.5340878723572822,0.6248853831807509,1,False,False,False,False,0.6826347305389222,0.54846902716285,0.6420464138511564,1,False,False,False
2023-06-28,419.38,0.624750499001996,0.5349899880452893,0.6248554089188054,1,False,False,False,False,0.6626746506986028,0.5529476790662128,0.6466304664839222,1,False,False,False
2023-06-29,421.03,0.6686626746506986,0.5363200645289252,0.6345903568592262,1,False,False,False,False,0.720558882235529,0.5595206674257939,0.6630590033176126,1,False,False,False
2023-06-30,426.0,0.6826347305389222,0.5377759318524078,0.6452668843436031,1,False,False,False,False,0.7664670658682635,0.5676362124627534,0.6860385727733127,1,False,False,False
2023-07-03,426.49,0.7045908183632734,0.5394357814694314,0.6584499807924187,1,False,False,False,False,0.7984031936127745,0.5766858979980484,0.7110084885154153,1,False,False,False
2023-07-05,425.85,0.7005988023952096,0.5410393936179466,0.6678163855930389,1,False,False,False,False,0.8003992015968064,0.5854589687274114,0.7308730914223911,1,False,False,False
2023-07-06,422.52,0.6706586826347305,0.5423291377872679,0.6684480071578592,1,False,False,False,False,0.7564870259481038,0.592165951363517,0.7365650768725495,1,False,False,False
2023-07-07,421.45,0.6666666666666666,0.5435663271293515,0.668052153715372,1,False,False,False,False,0.7504990019960079,0.598375090604007,0.7396615046777624,1,False,False,False
2023-07-10,422.52,0.6946107784431138,0.54506925699317,0.6739540703215368,1,False,False,False,False,0.7544910179640718,0.6044972838338134,0.74295695207472,1,False,False,False
2023-07-11,425.21,0.7305389221556886,0.5469147262982698,0.6865284818402372,1,False,False,False,False,0.812375249500998,0.6126493609188011,0.7583832403916707,1,False,False,False
2023-07-12,428.63,0.7485029940119761,0.5489205797083564,0.7003005956561791,1,False,False,False,False,0.8483033932135728,0.621890695518596,0.7783654965743156,1,False,False,False
2023-07-13,432.03,0.7524950099800399,0.5509461959299652,0.7118993543948149,1,False,False,False,False,0.8542914171656687,0.6310044493086773,0.7952379233723941,1,False,False,False
2023-07-14,431.76,0.7245508982035929,0.5526736059028371,0.7147108085745434,1,False,False,False,False,0.8483033932135728,0.6395259765206339,0.8070302500037672,1,False,False,False
2023-07-17,433.26,0.720558882235529,0.554344106164854,0.7160103804992068,1,False,False,False,False,0.8223552894211577,0.6466957534971252,0.8104358143187429,1,False,False,False
2023-07-18,436.48,0.7245508982035929,0.5560377060856374,0.7179082733224038,1,False,False,False,False,0.8203592814371258,0.6535060879261448,0.812641029233939,1,False,False,False
2023-07-19,437.45,0.7544910179640718,0.5580123659053234,0.7260377721316634,1,False,False,False,False,0.8562874251497006,0.6614582972290294,0.8223402283263304,1,False,False,False
2023-07-20,434.55,0.7644710578842315,0.5600666812483971,0.7345785022989008,1,False,False,False,False,0.8802395209580839,0.6700379530615413,0.8352067378000534,1,False,False,False
2023-07-21,434.55,0.7724550898203593,0.5621799987466256,0.7429955217481138,1,False,False,False,False,0.8802395209580839,0.6782811518025823,0.8452140229462823,1,False,False,False
2023-07-24,436.49,0.7764471057884231,0.5643120097619668,0.7504292070904048,1,False,False,False,False,0.8942115768463074,0.6867490116082187,0.856102368257399,1,False,False,False
2023-07-25,437.68,0.7784431137724551,0.566442667513315,0.7566545196864161,1,False,False,False,False,0.8862275449101796,0.6945716991886877,0.8627968519580169,1,False,False,False
2023-07-26,437.75,0.7764471057884231,0.5685322639140623,0.7610528721535288,1,False,False,False,False,0.8702594810379242,0.7014614161239519,0.8644552139757741,1,False,False,False
2023-07-27,434.85,0.7544910179640718,0.5703825997752565,0.7595946823336495,1,False,False,False,False,0.8163672654690619,0.7059675278629758,0.8537690031965047,1,False,False,False
2023-07-28,439.1,0.7544910179640718,0.5722145243343493,0.7584605346959655,1,False,False,False,False,0.8223552894211577,0.710531753806434,0.8467881779130944,1,False,False,False
2023-07-31,439.94,0.7644710578842315,0.574127524668179,0.7597962065155802,1,False,False,False,False,0.8263473053892215,0.7150735401430138,0.8422457617966782,1,False,False,False
2023-08-01,438.68,0.7425149700598802,0.5758030216372506,0.755955931747647,1,False,False,False,False,0.812375249500998,0.7188892934511701,0.8356078701754159,1,False,False,False
2023-08-02,432.58,0.7345309381237525,0.5773824038908476,0.7511948220534482,1,False,False,False,False,0.7544910179640718,0.7202854395104996,0.8175819030173395,1,False,True,False
2023-08-03,431.34,0.7085828343313373,0.5786878808106535,0.7417254914485347,1,False,False,False,False,0.6946107784431138,0.7192785900568767,0.7902549864452892,-1,False,False,False
2023-08-04,429.39,0.6746506986027944,0.579642734719033,0.7268199819272592,1,False,False,False,False,0.6347305389221557,0.7159629802084563,0.755693998106815,-1,False,False,False
2023-08-07,433.14,0.7065868263473054,0.5809058600088666,0.7223237251317138,1,False,False,False,False,0.6786427145708582,0.714499440379531,0.7385714906543802,-1,False,False,False
2023-08-08,431.25,0.6826347305389222,0.5819180875763298,0.7135039485555379,1,False,False,False,False,0.6227544910179641,0.7109015992280969,0.7128343796240655,-1,False,False,False
2023-08-09,428.37,0.6906187624750499,0.582999686331541,0.7084183516487628,1,False,False,False,False,0.6007984031936128,0.7065838268345878,0.6879374959728537,-1,True,False,False
2023-08-10,428.52,0.6686626746506986,0.5838520543745177,0.699583756760304,1,False,False,False,False,0.590818363273453,0.7020440047341511,0.6663554664840979,-1,True,False,False
2023-08-11,428.27,0.6786427145708582,0.5847952450232375,0.694930191829316,1,False,False,False,False,0.562874251497006,0.6965863673523023,0.6433596409314108,-1,True,False,False
2023-08-14,430.64,0.6746506986027944,0.5856893291384571,0.6904236377789779,1,False,False,False,False,0.564870259481038,0.6914210297887233,0.6259175561646613,-1,True,False,False
2023-08-15,425.62,0.6287425149700598,0.5861177190472293,0.6767167215992183,1,False,False,False,False,0.4750499001996008,0.682935887451895,0.5923914103946478,-1,True,False,False
2023-08-16,422.5,0.6047904191616766,0.5863035170583184,0.6607330988353202,1,False,False,False,False,0.42115768463073855,0.6726700755765556,0.5543394713360014,-1,True,False,False
2023-08-17,419.28,0.5868263473053892,0.586308719349334,0.6443093762731134,1,False,False,False,False,0.3592814371257485,0.660380325049073,0.5109932415115007,-1,True,False,False
2023-08-18,419.48,0.5868263473053892,0.5863138698762599,0.6315353698358414,1,False,False,False,False,0.36926147704590817,0.6489638996371841,0.47949729385248013,-1,True,False,False
2023-08-21,422.21,0.5788423153692615,0.5862395260503196,0.6198258021766014,1,False,False,False,False,0.36926147704590817,0.6379951771826243,0.45500044567324194,-1,True,False,False
2023-08-22,421.07,0.5528942115768463,0.5859077318764542,0.6049521153766558,1,False,False,False,False,0.3393213572854291,0.6262824783631266,0.4292939815870613,-1,True,False,False
2023-08-23,425.76,0.5688622754491018,0.5857381253448387,0.5969321509483105,1,False,False,False,False,0.4031936127744511,0.6175338953988648,0.4234938996287035,-1,True,False,False
2023-08-24,419.86,0.5548902195608783,0.5854311810086799,0.5875894995288812,1,False,False,False,False,0.3273453093812375,0.606153950849154,0.4021275462403777,-1,True,False,False
2023-08-25,422.82,0.562874251497006,0.5852067339488622,0.5820972221884645,1,False,False,False,False,0.3592814371257485,0.5964726758011774,0.392606188659349,-1,True,False,False
2023-08-28,425.5,0.5808383233532934,0.585163267176767,0.5818174668917598,1,False,False,False,False,0.3932135728542914,0.588501730587574,0.39274116292489175,-1,True,False,False
2023-08-29,431.65,0.6207584830339321,0.5855174484290772,0.5904710260344648,1,False,False,False,False,0.469061876247505,0.5838178147311007,0.40970132144102805,-1,True,False,False
2023-08-30,433.43,0.626746506986028,0.5859276878177035,0.5985322440237011,1,False,False,False,False,0.49700598802395207,0.580413429370036,0.4291023584594556,-1,True,False,False
2023-08-31,432.79,0.6167664670658682,0.5862345413425609,0.6025842935886271,1,False,False,False,False,0.46506986027944114,0.5758901521507971,0.4370951366416746,-1,True,False,False
2023-09-01,433.6,0.6327345309381237,0.5866972278061984,0.6092843463329596,1,False,True,False,False,0.48902195608782434,0.572483556226759,0.44863442985193014,-1,True,False,False
2023-09-05,431.72,0.5848303393213573,0.586678651801374,0.6038501225526035,1,False,False,False,False,0.38922155688622756,0.5652968111545813,0.4354315691928851,-1,True,False,False
2023-09-06,428.82,0.5788423153692615,0.5866006783045371,0.5982928320674163,1,False,False,False,False,0.3712574850299401,0.5576874258163601,0.4211706616011196,-1,True,False,False
2023-09-07,427.51,0.5588822355289421,0.5863248729037849,0.5895349217255332,1,False,False,False,False,0.38323353293413176,0.5508460966837238,0.4127401885640112,-1,True,False,False
2023-09-08,428.15,0.5588822355289421,0.5860518118353785,0.5827232136818463,1,False,False,False,False,0.3812375249500998,0.5441947801451503,0.40573959664980863,-1,True,False,False
2023-09-11,430.96,0.5668662674650699,0.5858609108963705,0.5791994478558959,1,False,False,False,False,0.40119760479041916,0.5385870477782981,0.4047302651254998,-1,True,False,False
2023-09-12,428.6,0.5688622754491018,0.5856917702451538,0.5769022984321639,1,False,False,False,False,0.3812375249500998,0.5324164782556238,0.3995096561976331,-1,True,False,False
2023-09-13,429.1,0.5708582834331337,0.5855441733614521,0.575559183987935,1,False,False,False,False,0.37325349301397204,0.5261747925598728,0.39367495326793067,-1,True,False,False
2023-09-14,432.8,0.6107784431137725,0.5857952606226693,0.5833856860158989,1,False,False,False,False,0.43313373253493015,0.5225261235392868,0.40244357088281946,-1,True,False,False
2023-09-15,427.59,0.592814371257485,0.5858651025195332,0.5854809494029181,1,False,False,False,False,0.37325349301397204,0.5166722948912353,0.39595688691196446,-1,True,False,False
2023-09-18,427.84,0.5848303393213573,0.5858548063683076,0.5853363693847935,1,False,False,False,False,0.3812375249500998,0.5113611274425633,0.39268591758710564,-1,True,False,False
2023-09-19,426.95,0.5708582834331337,0.5857055872346242,0.5821190169510913,1,False,False,False,False,0.35528942115768464,0.5052406683725681,0.3843755850472343,-1,True,False,False
2023-09-20,423.03,0.5608782435129741,0.5854585489886377,0.5773988450759542,1,False,False,False,False,0.3313373253493014,0.4984209294304792,0.3725893051143603,-1,True,False,False
2023-09-21,416.04,0.5049900199600799,0.5846578671077566,0.5613079950502043,1,False,False,False,False,0.2215568862275449,0.48756351597154063,0.3390265453617346,-1,True,False,False
2023-09-22,415.1,0.49101796407185627,0.5837261267790412,0.545687988166127,1,False,False,False,False,0.21157684630738524,0.47674050931804435,0.3107043900163236,-1,True,False,False
2023-09-25,416.85,0.49700598802395207,0.5828632398262543,0.5348697659123103,1,False,False,False,False,0.23353293413173654,0.4672029573499538,0.2935551775975265,-1,True,False,False
2023-09-26,410.72,0.45109780439121755,0.5815521409662042,0.5162537744631785,-1,True,False,False,False,0.16367265469061876,0.4552998082260583,0.26469239472932476,-1,True,False,False
2023-09-27,410.89,0.4550898203592814,0.5802938094178767,0.5026617846623125,-1,True,False,False,False,0.18163672654690619,0.4445679226700131,0.2462355795776762,-1,True,False,False
2023-09-28,413.27,0.46706586826347307,0.5791671632372359,0.494751581018126,-1,True,False,False,False,0.22554890219560877,0.43597894147493843,0.241638540159439,-1,True,False,False
2023-09-29,412.27,0.46107784431137727,0.5779921451384712,0.48726852841662627,-1,True,False,False,False,0.19161676646706588,0.4263961110824729,0.23052259045002277,-1,True,False,False
2023-10-02,412.1,0.45109780439121755,0.5767295148822796,0.4792305897443132,-1,True,False,False,False,0.15568862275449102,0.41578013114804224,0.21389281985101571,-1,True,False,False
2023-10-03,406.59,0.41916167664670656,0.575161675695856,0.4658819423892895,-1,True,False,False,False,0.10978043912175649,0.4037801432254428,0.19075673524451367,-1,True,False,False
2023-10-04,409.55,0.4311377245508982,0.5737286015551101,0.4581610050918692,-1,True,False,False,False,0.1437125748502994,0.39358141505386857,0.18030247737913274,-1,True,False,False
2023-10-05,409.39,0.4231536926147705,0.5722303437547087,0.45038160231918056,-1,True,False,False,False,0.1536926147704591,0.3841740111211859,0.17438917457720526,-1,True,False,False
2023-10-06,414.25,0.437125748502994,0.570886019423846,0.4474358570266947,-1,True,False,False,False,0.21157684630738524,0.37740549485397806,0.18265310162835635,-1,True,False,False
2023-10-09,416.9,0.4630738522954092,0.5698132615419711,0.45091096708640904,-1,True,False,False,False,0.2634730538922156,0.3729375559927325,0.20061309102032507,-1,True,False,False
2023-10-10,419.07,0.49101796407185627,0.5690292287313232,0.4598236330831751,-1,True,False,False,False,0.29141716566866266,0.36974067794080817,0.2207917742755112,-1,True,False,False
2023-10-11,420.79,0.48303393213572854,0.5681735541383323,0.46498147731707584,-1,True,False,False,False,0.3473053892215569,0.368860862696916,0.248905910930188,-1,True,False,False
2023-10-12,418.23,0.4550898203592814,0.5670483428569487,0.4627833313264549,-1,True,False,False,False,0.3013972055888224,0.3662152290848339,0.2605706430765512,-1,True,False,False
2023-10-13,416.14,0.44510978043912175,0.5658350238279156,0.4588558755737142,-1,True,False,False,False,0.281437125748503,0.36289059758144837,0.2652076392258738,-1,True,False,False
2023-10-16,420.52,0.47305389221556887,0.5649118284884893,0.46201099038301524,-1,True,False,False,False,0.3413173652694611,0.3620445884711744,0.2821209116800043,-1,True,False,False
2023-10-17,420.5,0.48303393213572854,0.5640971230521434,0.4666827552169515,-1,True,False,False,False,0.3712574850299401,0.36240587853230244,0.30192903909110114,-1,True,False,False
2023-10-18,414.9,0.437125748502994,0.5628337262904605,0.46011453150273873,-1,True,False,False,False,0.2954091816367265,0.3597785570854171,0.30048018187901787,-1,True,False,False
2023-10-19,411.25,0.41916167664670656,0.5614041536571893,0.45101389709028716,-1,True,False,False,False,0.22355289421157684,0.3544363742276195,0.28338522906403096,-1,True,False,False
2023-10-20,406.2,0.37325349301397204,0.5595320077801424,0.43373380729555044,-1,True,False,False,False,0.16966067864271456,0.34719026851840756,0.2581131067481829,-1,True,False,False
2023-10-23,405.5,0.35728542914171657,0.5575196040125959,0.4167452788169207,-1,True,False,False,False,0.1497005988023952,0.3394455755883679,0.23402143831578562,-1,True,False,False
2023-10-24,408.55,0.36926147704590817,0.5556463888188976,0.4061933228678068,-1,True,False,False,False,0.18762475049900199,0.3334918177417261,0.22371106324538925,-1,True,False,False
2023-10-25,402.69,0.3373253493013972,0.5534740401669822,0.390889328741938,-1,True,False,False,False,0.16167664670658682,0.32675396789721084,0.2099256373478776,-1,True,False,False
2023-10-26,397.87,0.3313373253493014,0.5512637245966571,0.377655550210241,-1,True,False,False,False,0.1536926147704591,0.31996724816675,0.19742941010845128,-1,True,False,False
2023-10-27,396.06,0.2934131736526946,0.5486980474728366,0.3589350220863418,-1,True,False,False,False,0.10978043912175649,0.31172462820420127,0.1779518610002969,-1,True,False,False
2023-10-30,400.8,0.32934131736526945,0.5465153934419156,0.35235864325943683,-1,True,False,False,True,0.1596806387225549,0.30576211881276416,0.1738915893830209,-1,True,False,False
2023-10-31,403.32,0.3652694610778443,0.5447119513288402,0.3552277138857496,-1,True,False,False,False,0.21756487025948104,0.30230340318322363,0.18359676291112315,-1,True,False,False
2023-11-01,407.62,0.3912175648702595,0.5431846440008942,0.363225458548974,-1,True,False,False,False,0.27345309381237526,0.3011720185020139,0.20356483644473472,-1,True,False,True
2023-11-02,415.43,0.4530938123752495,0.5422882178155645,0.38319620384370184,-1,True,False,False,False,0.42714570858283435,0.3061121632110657,0.25324947469764575,1,False,False,False
2023-11-03,419.22,0.4870259481037924,0.541738344485099,0.4062694803459442,-1,True,False,False,False,0.5209580838323353,0.31453749343150766,0.31274027672757676,1,False,False,False
2023-11-06,420.18,0.469061876247505,0.5410151955474116,0.4202233461018466,-1,True,False,False,False,0.48502994011976047,0.32122347173300775,0.3510268685925065,1,False,False,False
2023-11-07,421.38,0.45708582834331335,0.5401800774657788,0.42841500882217254,-1,True,False,False,False,0.48303393213572854,0.32756897998409484,0.3803617716021114,1,False,False,False
2023-11-08,421.69,0.45109780439121755,0.5392936866889175,0.4334556300597381,-1,True,False,False,False,0.48502994011976047,0.3337439195972582,0.4036213646060334,1,False,False,False
2023-11-09,418.4,0.4311377245508982,0.5382175079611761,0.43294053994666254,-1,True,False,False,False,0.4431137724550898,0.3380329334348202,0.41239745523915705,1,False,False,False
2023-11-10,424.93,0.46506986027944114,0.5374896706708107,0.44008038890950224,-1,True,False,False,False,0.5349301397205589,0.3457543925048492,0.43962694067946856,1,False,False,False
2023-11-13,424.52,0.46706586826347307,0.5367889363184989,0.4460771620992735,-1,True,False,True,False,0.5229540918163673,0.3527034003209872,0.45814408537655715,1,False,False,False
2023-11-14,432.76,0.5608782435129741,0.537028630917449,0.4715885135245403,-1,True,False,False,False,0.7005988023952096,0.36634635726507436,0.5120229113807021,1,False,False,False
2023-11-15,433.68,0.5668662674650699,0.5373255228233955,0.49276134773354685,-1,True,False,False,False,0.7125748502994012,0.37992394522720485,0.5565900089181908,1,False,False,False
2023-11-16,434.21,0.5588822355289421,0.537540017477182,0.5074548783547458,-1,True,False,False,False,0.688622754491018,0.39202978088460927,0.5859306190454857,1,False,False,False
2023-11-17,434.75,0.5848303393213573,0.5380105679432933,0.524649425236215,-1,True,False,False,False,0.7285429141716567,0.40522637434684644,0.6176222401846349,1,False,False,False
2023-11-20,438.09,0.5868263473053892,0.5384962970911747,0.5384665190293648,-1,True,False,False,False,0.7465069860279441,0.41860992774610517,0.6462632948164813,1,False,False,False
2023-11-21,437.14,0.5888223552894212,0.5389970538891673,0.5496567048649329,-1,False,False,False,False,0.7305389221556886,0.4308424373307947,0.6649912120029717,1,False,False,False
2023-11-22,438.83,0.6087824351297405,0.5396914357920586,0.5627957560348902,-1,False,False,False,False,0.7564870259481038,0.4436128133550029,0.68532361510189,1,False,False,False
2023-11-24,439.1,0.6287425149700598,0.5405775161818895,0.5774505913538168,-1,False,False,False,False,0.7784431137724551,0.4567434133713736,0.7060168370286822,1,False,False,False
2023-11-27,438.31,0.6127744510978044,0.5412958936437394,0.5853003379635918,-1,False,False,False,False,0.7684630738522954,0.46896771378239016,0.7198937785450408,1,False,False,False
2023-11-28,438.74,0.6187624750499002,0.5420667053990247,0.5927363684272159,-1,False,False,False,False,0.7744510978043913,0.4809474543322726,0.7320176272693408,1,False,False,False
2023-11-29,438.43,0.6407185628742516,0.5430483159211662,0.6033990783043349,-1,False,False,False,False,0.7724550898203593,0.4923791263121976,0.741003730058456,1,False,False,False
2023-11-30,440.16,0.6506986027944112,0.5441194630542333,0.6139100837465741,1,False,False,False,False,0.7984031936127745,0.5043800701279065,0.7537591664038601,1,False,False,False
2023-12-01,442.76,0.7085828343313373,0.5457559145097268,0.6349484727654103,1,False,False,False,False,0.8522954091816367,0.5180238089143273,0.775656109243366,1,False,False,False
2023-12-04,440.44,0.7045908183632734,0.5473363613142398,0.6504245495649355,1,False,False,False,False,0.8423153692614771,0.5307411250063724,0.7904692781362795,1,False,False,False
2023-12-05,440.35,0.6626746506986028,0.548484005984731,0.6531467942613061,1,False,False,False,False,0.8243512974051896,0.5422552494141691,0.7979986157515929,1,False,False,False
2023-12-06,438.58,0.6666666666666666,0.549659952857188,0.6561512103513862,1,False,False,False,False,0.8023952095808383,0.5524568164795288,0.7989756366025365,1,False,False,False
2023-12-07,441.92,0.6786427145708582,0.5509433634215032,0.6611493224001578,1,False,False,False,False,0.812375249500998,0.562649696205861,0.8019533283577501,1,False,False,False
2023-12-08,443.82,0.6986027944111777,0.5524126114910523,0.6694723161803845,1,False,False,False,False,0.8263473053892215,0.572990778918934,0.8073742121425216,1,False,False,False
2023-12-11,445.55,0.718562874251497,0.5540658479364299,0.6803813290850762,1,False,False,False,False,0.8562874251497006,0.5841004513201405,0.8182438150330058,1,False,False,False
2023-12-12,447.58,0.7125748502994012,0.5556430519400416,0.6875354449104817,1,False,False,False,False,0.844311377245509,0.5943048013564295,0.8240366066357843,1,False,False,False
2023-12-13,453.75,0.7724550898203593,0.5578003856502936,0.7064064771126767,1,False,False,False,False,0.8842315369261478,0.6056744772611243,0.8374132578114206,1,False,False,False
2023-12-14,455.21,0.7944111776447106,0.560154721889044,0.7259630772309065,1,False,False,False,False,0.8782435129740519,0.6163634590537882,0.8464866478475609,1,False,False,False
2023-12-15,454.46,0.7604790419161677,0.5621479987052344,0.733633291605409,1,False,False,False,False,0.8622754491017964,0.6260070665066513,0.8499952703485021,1,False,False,False
2023-12-18,457.01,0.7704590818363274,0.5642207458010662,0.7418168005456132,1,False,False,False,False,0.8762475049900199,0.6358204170354108,0.8558291002688394,1,False,False,False
2023-12-19,459.79,0.8023952095808383,0.566590640963054,0.7552786692201077,1,False,False,False,False,0.8942115768463074,0.6459534036946617,0.8643585395082768,1,False,False,False
2023-12-20,453.42,0.7465069860279441,0.5683808533517594,0.7533294062885157,1,False,False,False,False,0.8423153692614771,0.653653872932576,0.8594600572312102,1,False,False,False
2023-12-21,457.72,0.7704590818363274,0.5703915819933969,0.7571360008546961,1,False,False,False,False,0.8782435129740519,0.6624613097969476,0.8636341585073972,1,False,False,False
2023-12-22,458.64,0.7764471057884231,0.5724418857127503,0.7614273575066355,1,False,False,False,False,0.8882235528942116,0.6713147310948795,0.8690984683711337,1,False,False,False
2023-12-26,460.58,0.7944111776447106,0.5746505353837152,0.7687570953150966,1,False,False,False,False,0.8922155688622755,0.6799775090465421,0.8742356018136097,1,False,False,False
2023-12-27,461.41,0.7964071856287425,0.5768570692169992,0.7749015598292401,1,False,False,False,False,0.8862275449101796,0.6880657457470769,0.8769004780572919,1,False,False,False
2023-12-28,461.58,0.8063872255489022,0.5791409513695555,0.7818983744336095,1,False,False,False,False,0.8862275449101796,0.6958367966946496,0.8789731595801559,1,False,False,False
2023-12-29,460.25,0.8063872255489022,0.5814021083265639,0.787340341348119,1,False,False,False,False,0.8902195608782435,0.7034596501920455,0.8814723598686198,1,False,False,False
2024-01-02,457.67,0.8163672654690619,0.5837400700891758,0.7937907689305508,1,False,False,False,False,0.906187624750499,0.7114097668413966,0.8869646409534818,1,False,False,False
2024-01-03,453.93,0.7964071856287425,0.5858561607910622,0.7943721948634823,1,False,False,False,False,0.9041916167664671,0.7189698393874778,0.8907928578008119,1,False,False,False
2024-01-04,452.47,0.7864271457085829,0.5878518919842713,0.7926066283846158,1,False,False,False,False,0.8762475049900199,0.7251375909797344,0.8875605571761914,1,False,False,False
2024-01-05,453.09,0.7944111776447106,0.5899072082594997,0.7930076393313035,1,False,False,False,False,0.8662674650698603,0.7306720958460138,0.8828287589303401,1,False,False,False
2024-01-08,459.56,0.7984031936127745,0.5919817951784379,0.7942066513938526,1,False,False,False,False,0.9021956087824351,0.7373985081180303,0.8871325033419167,1,False,False,False
2024-01-09,458.86,0.7904191616766467,0.593956296337624,0.7933649870122513,1,False,False,False,False,0.8602794411177644,0.742217368235667,0.881165156180994,1,False,False,False
2024-01-10,461.46,0.7924151696606786,0.5959310114950673,0.7931539164896796,1,False,False,False,False,0.8522954091816367,0.7465341541551168,0.8747496568478035,1,False,False,False
2024-01-11,461.25,0.7784431137724551,0.5977470523137478,0.7898848492191853,1,False,False,False,False,0.8423153692614771,0.7502902802377193,0.8675420373841753,1,False,False,False
2024-01-12,461.57,0.780439121756487,0.5995648838504916,0.787785798671919,1,False,False,False,False,0.8303393213572854,0.7534294583208395,0.8592747671559775,1,False,False,False
2024-01-16,459.88,0.7604790419161677,0.6011660197516426,0.7817176305039742,1,False,False,False,False,0.7984031936127745,0.755193134214641,0.8457477508130435,1,False,False,False
2024-01-17,457.32,0.7265469061876247,0.6024135907609559,0.7694574695447854,1,False,False,False,False,0.7265469061876247,0.7540697527233855,0.8192586742296172,-1,False,False,False
2024-01-18,461.39,0.7365269461077845,0.603748052008188,0.7621395754476741,1,False,False,False,False,0.7385229540918163,0.753460074345677,0.8013174030878837,-1,False,False,False
2024-01-19,467.14,0.7365269461077845,0.6050692350340546,0.7564478800388097,1,False,False,False,False,0.7604790419161677,0.7537353279758924,0.7922422117163913,-1,False,False,False
2024-01-22,468.13,0.7405189620758483,0.6064169935120824,0.7529081204914849,1,False,False,False,False,0.7624750499001997,0.7540780621690024,0.7856272868683487,-1,False,False,False
2024-01-23,469.49,0.7385229540918163,0.60773148068203,0.7497114168471141,1,False,False,False,False,0.7724550898203593,0.754798729920036,0.7827001319687955,-1,False,False,False
2024-01-24,470.01,0.7265469061876247,0.6089137237218867,0.744563747811672,1,False,False,False,False,0.7305389221556886,0.7538473649096695,0.7711087520103272,-1,False,False,False
2024-01-25,472.56,0.7465069860279441,0.6102828109090116,0.7449955785263991,1,False,False,False,False,0.7724550898203593,0.7545770796120495,0.7714079381903344,-1,False,False,False
2024-01-26,471.96,0.7544910179640718,0.6117177184418978,0.7471056761792153,1,False,False,False,False,0.7624750499001997,0.7548868039370751,0.7694228519036378,-1,False,False,False
2024-01-29,475.7,0.7724550898203593,0.6133170952715343,0.7527388792105806,1,False,False,False,False,0.7764471057884231,0.7557323059704613,0.7709837972113678,-1,False,False,False
2024-01-30,475.33,0.7664670658682635,0.6148409755759794,0.7557895873567324,1,False,False,False,False,0.7684630738522954,0.7562315517697489,0.7704236364649073,-1,False,True,False
2024-01-31,467.58,0.7405189620758483,0.6160915028048338,0.7523961150720915,1,False,False,False,False,0.656686626746507,0.7523278292198179,0.7451487454163739,-1,True,False,False
2024-02-01,473.7,0.7884231536926147,0.6178062455997372,0.76040212365443,1,False,False,False,False,0.720558882235529,0.7510819881616105,0.739684331376186,-1,True,False,False
2024-02-02,478.68,0.7445109780439122,0.6190669892061469,0.7568707579632039,1,False,False,False,False,0.6686626746506986,0.7478498582200062,0.7239017409927444,-1,True,False,False
2024-02-05,476.94,0.7145708582834331,0.6200172764606473,0.7474707802565881,1,False,False,False,False,0.6087824351297405,0.7423962337850938,0.698319673023188,-1,True,False,False
2024-02-06,478.33,0.7405189620758483,0.6212162982080623,0.7459259317719793,1,False,False,False,False,0.6506986027944112,0.7388002482560474,0.6877372129723487,-1,True,False,False
2024-02-07,482.32,0.7425149700598802,0.6224232501667869,0.7451679402804017,1,False,False,False,False,0.654690618762475,0.7355018314131623,0.6803935253701545,-1,True,False,False
2024-02-08,482.53,0.7345309381237525,0.6235387495494433,0.7428041620233685,1,False,False,False,False,0.654690618762475,0.7323327642503903,0.6746817683462258,-1,True,False,False
2024-02-09,485.32,0.7365269461077845,0.6246630102117153,0.7414092251532387,1,False,False,False,False,0.6506986027944112,0.7291314245854499,0.6693521760013781,-1,True,False,False
2024-02-12,485.1,0.7524950099800399,0.6259349704084151,0.7438727328925279,1,False,False,False,False,0.6786427145708582,0.727151475173113,0.6714167401279292,-1,True,False,False
2024-02-13,478.42,0.7065868263473054,0.6267374764376578,0.7355869758824785,1,False,False,False,False,0.5608782435129741,0.72063095628448,0.6468526297690502,-1,True,False,False
2024-02-14,482.77,0.7305389221556886,0.6277703266438074,0.734465186165414,1,False,False,False,False,0.5848303393213573,0.7153054418937694,0.6330698985584519,-1,True,False,False
2024-02-15,486.1,0.7504990019960079,0.628991507493083,0.7380282563499905,1,False,False,False,False,0.6586826347305389,0.7130849396520742,0.6387616177078046,-1,True,False,False
2024-02-16,483.68,0.7345309381237525,0.6300416510814478,0.7372510745219376,1,False,False,False,False,0.6287425149700598,0.7097773935861129,0.6365351504327502,-1,True,False,False
2024-02-20,481.02,0.7325349301397206,0.6310614847039182,0.7362030424370005,1,False,False,False,False,0.626746506986028,0.7065212803861096,0.6343598963334787,-1,True,False,False
2024-02-21,481.45,0.7644710578842315,0.6323889431435233,0.7424848236474962,1,False,False,False,False,0.6586826347305389,0.7046452550662834,0.6397649493106032,-1,True,False,False
2024-02-22,491.42,0.7764471057884231,0.633822357697204,0.7500319974565912,1,False,False,False,False,0.6786427145708582,0.7036255475958746,0.648404452701771,-1,True,False,False
2024-02-23,491.76,0.7864271457085829,0.6353408132993072,0.7581198081792561,1,False,False,False,False,0.7005988023952096,0.7035068517056524,0.6600031970780907,-1,True,False,False
2024-02-26,489.96,0.7564870259481038,0.6365462482510367,0.7577569676834445,1,False,False,False,False,0.6427145708582834,0.7011228406920301,0.6561612801403558,-1,True,False,False
2024-02-27,490.87,0.7664670658682635,0.6378389927049395,0.7596925450578487,1,False,False,False,False,0.6666666666666666,0.6997716181812316,0.658495810479536,-1,True,False,False
2024-02-28,490.22,0.7604790419161677,0.6390592917020662,0.7598673221374751,1,False,False,False,False,0.6786427145708582,0.6989430337259229,0.6629729002776076,-1,True,False,True
2024-02-29,491.98,0.7904191616766467,0.6405653600600223,0.7666566198128466,1,False,False,False,False,0.7005988023952096,0.6990079658306008,0.671334211859297,-1,True,False,False
2024-03-01,496.6,0.780439121756487,0.6419571387833702,0.7697193980225445,1,False,False,False,False,0.7125748502994012,0.6995400005156518,0.6804987981793201,-1,True,False,False
2024-03-04,496.07,0.7844311377245509,0.6433747905141283,0.7729886735118793,1,False,False,False,False,0.7345309381237525,0.700912194147342,0.692505940389194,1,False,False,False
2024-03-05,491.11,0.7704590818363274,0.644639310825792,0.7724265420284233,1,False,False,False,False,0.7105788423153693,0.7012912783892254,0.696522140817233,1,False,False,False
2024-03-06,493.6,0.7884231536926147,0.6460699958294419,0.7759813446204659,1,False,False,False,False,0.7524950099800399,0.703299267863375,0.7089605561867457,1,False,False,False
2024-03-07,498.5,0.8063872255489022,0.6476651921450585,0.7827382070490073,1,False,False,False,False,0.7744510978043913,0.7060895357041992,0.7235140098795558,1,False,False,False
2024-03-08,495.5,0.812375249500998,0.6493040981884012,0.7893242164827831,1,False,False,False,False,0.7884231536926147,0.7093183050370783,0.7379382640602357,1,False,False,False
2024-03-11,495.08,0.8323353293413174,0.6511253044685297,0.7988822415624574,1,False,False,False,False,0.8223552894211577,0.713751127954101,0.7566976030293294,1,False,False,False
2024-03-12,500.4,0.8223552894211577,0.6528290854133321,0.8040984744199463,1,False,False,False,False,0.7984031936127745,0.7170708168034607,0.7659655120478728,1,False,False,False
2024-03-13,499.62,0.8223552894211577,0.6545159133139076,0.8081555444202155,1,False,False,False,False,0.812375249500998,0.7208082455366975,0.7762787870374562,1,False,False,False
2024-03-14,498.63,0.8043912175648703,0.6560072098736186,0.8073190273412499,1,False,False,False,False,0.7504990019960079,0.7219725889272588,0.7705499459171343,1,False,False,False
2024-03-15,495.21,0.7964071856287425,0.6574042245577493,0.8048941736273594,1,False,False,False,False,0.7265469061876247,0.7221519739178615,0.76077149264391,1,False,False,False
2024-03-18,498.15,0.8043912175648703,0.6588667817020988,0.8047824056134729,1,False,False,False,False,0.7325349301397206,0.7225591486716598,0.7544967009763124,1,False,False,False
2024-03-19,500.92,0.8203592814371258,0.6604736722467259,0.8082439335742846,1,False,False,False,False,0.7504990019960079,0.7236548291941833,0.7536083234251336,1,False,False,False
2024-03-20,505.55,0.8243512974051896,0.6621042953826312,0.8118233477589302,1,False,False,False,False,0.7864271457085829,0.7261164886653363,0.7609013950436779,1,False,False,False
2024-03-21,507.22,0.8283433133732535,0.6637584149646274,0.8154944512287798,1,False,False,False,False,0.8143712574850299,0.7295774599915987,0.7727835866973117,1,False,False,False
2024-03-22,506.26,0.8163672654690619,0.6652769109895471,0.8156884099488425,1,False,False,False,False,0.7724550898203593,0.7312589356711581,0.7727105873913223,1,False,False,False
2024-03-25,504.86,0.812375249500998,0.6667405760493625,0.8149521520715438,1,False,False,False,False,0.7624750499001997,0.7324830970134735,0.7704360235044061,1,False,False,False
2024-03-26,503.93,0.8003992015968064,0.6680705126219739,0.8117181630771577,1,False,False,False,False,0.7445109780439122,0.7329547786225102,0.764674902290963,1,False,False,False
2024-03-27,508.17,0.8542914171656687,0.6699234569457918,0.8211788862079379,1,False,False,False,False,0.8323353293413174,0.736852055121287,0.7797105527465973,1,False,False,False
2024-03-28,508.07,0.8662674650698603,0.6718771286684194,0.8311985703994762,1,False,False,False,False,0.8483033932135728,0.7412226958307885,0.794953406183703,1,False,False,False
2024-04-01,507.18,0.8502994011976048,0.6736524746637348,0.835443199465727,1,False,False,False,False,0.8063872255489022,0.74377816758444,0.797494254931525,1,False,False,False
2024-04-02,503.96,0.8383233532934131,0.6752909908690052,0.8360832336496573,1,False,False,False,False,0.7584830339321357,0.74435482900984,0.7888250947094385,1,False,False,False
2024-04-03,504.51,0.8183632734530938,0.6767145956708369,0.8321454647170876,1,False,False,False,False,0.7544910179640718,0.7447523266158883,0.7811952998771348,1,False,True,False
2024-04-04,498.36,0.8063872255489022,0.6780048705949968,0.8264214115686019,1,False,False,False,False,0.6826347305389222,0.7423163424560073,0.7592929511353098,-1,False,False,False
2024-04-05,503.56,0.8083832335329342,0.6793021677386579,0.8224129275606757,1,False,False,False,False,0.7365269461077845,0.7420893073050966,0.7542338389069708,-1,False,False,False
2024-04-08,503.84,0.8183632734530938,0.6806858603328314,0.8215130044256576,1,False,False,False,False,0.7405189620758483,0.7420277251392438,0.7511860885000547,-1,False,False,False
2024-04-09,504.43,0.846307385229541,0.682333835704938,0.8270228668265205,1,False,False,False,False,0.7524950099800399,0.7424382068977063,0.7514769599400515,-1,False,False,False
2024-04-10,499.38,0.7864271457085829,0.6833695900333325,0.8180015954669788,1,False,False,False,False,0.6107784431137725,0.7372750789061795,0.7202106228675451,-1,True,False,False
2024-04-11,503.14,0.780439121756487,0.6843354560206277,0.8096543790868695,1,False,False,False,False,0.592814371257485,0.7316099531160346,0.6919003447319763,-1,True,False,False
2024-04-12,496.2,0.7405189620758483,0.6848944958818738,0.7942909530844204,1,False,False,False,False,0.469061876247505,0.7213139501015825,0.6423806850687603,-1,True,False,False
2024-04-15,489.98,0.7225548902195609,0.685269226173791,0.7783496057811182,1,False,False,False,False,0.37924151696606784,0.7078993448805819,0.5839053143792732,-1,True,False,False
2024-04-16,489.09,0.7085828343313373,0.6855012023743636,0.762845878792278,1,False,False,False,False,0.3313373253493014,0.6931322068597474,0.527779094594835,-1,True,False,False
2024-04-17,486.19,0.7145708582834331,0.6857904526819166,0.7521180964569791,1,False,False,False,False,0.313373253493014,0.6782396988845814,0.48013335212776365,-1,True,False,False
2024-04-18,485.19,0.7125748502994012,0.6860569641009961,0.7433307084219618,1,False,False,False,False,0.3193612774451098,0.6641660352987198,0.44440622442050726,-1,True,False,False
2024-04-19,480.96,0.7305389221556886,0.6864995706488041,0.7404880892516789,1,False,False,False,False,0.36726546906187624,0.6525228758384514,0.4272638343408115,-1,True,False,False
2024-04-22,485.39,0.7684630738522954,0.68731512789461,0.7467047524962602,1,False,False,False,False,0.4151696606786427,0.643214906616498,0.4245762401936629,-1,True,False,False
2024-04-23,491.15,0.7844311377245509,0.6882814563506294,0.7550883936581025,1,False,False,False,False,0.46706586826347307,0.6363071011908892,0.4340183797647318,-1,True,False,False
2024-04-24,490.91,0.7844311377245509,0.6892381695981312,0.7616090034506465,1,False,False,False,False,0.469061876247505,0.6297484649185996,0.4418058234275703,-1,True,False,False
2024-04-25,489.05,0.7784431137724551,0.6901257809829504,0.7653499168554929,1,False,False,False,False,0.4431137724550898,0.6224294573710111,0.4420964787670191,-1,True,False,False
2024-04-26,493.68,0.7684630738522954,0.6909052565338892,0.766041729521449,1,False,False,False,False,0.47704590818363274,0.6167281417166041,0.44986301863737765,-1,True,False,False
2024-04-29,495.43,0.7884231536926147,0.691875583868802,0.7710153793372636,1,False,False,False,False,0.5169660678642715,0.6128159035263164,0.4647748073544652,-1,True,False,False
2024-04-30,487.58,0.7504990019960079,0.6924589014621075,0.7664561843725402,1,False,False,False,False,0.4111776447105788,0.6049085208276601,0.4528643267669349,-1,True,False,False
2024-05-01,486.0,0.7325349301397206,0.6928576679166112,0.7589181278763579,1,False,False,False,False,0.40119760479041916,0.5969198574536507,0.44138283299437586,-1,True,False,False
2024-05-02,490.55,0.7485029940119761,0.693411352753381,0.7566036536842731,1,False,False,False,False,0.4311377245508982,0.5904185973398173,0.4391061422291586,-1,True,False,False
2024-05-03,496.63,0.7644710578842315,0.6941184144959764,0.7583519657287082,1,False,False,False,False,0.4431137724550898,0.5846419375404163,0.43999672672381,-1,True,False,False
2024-05-06,501.75,0.7764471057884231,0.6949376054541102,0.7623731079642004,1,False,False,False,False,0.5289421157684631,0.5824576308042613,0.4597623687337329,-1,True,False,False
2024-05-07,502.31,0.7904191616766467,0.6958876706901553,0.768605564344744,1,False,False,False,False,0.5469061876247505,0.5810634565619276,0.4791276618206257,-1,True,False,False
2024-05-08,502.36,0.780439121756487,0.6967289786609647,0.7712352437695759,1,False,False,False,False,0.5329341317365269,0.5791760320589707,0.49108465513527044,-1,True,False,False
2024-05-09,505.25,0.8023952095808383,0.6977803839437495,0.7781596806165232,1,False,False,False,False,0.5948103792415169,0.5797891437131882,0.5141348160477697,-1,True,False,False
2024-05-10,505.9,0.812375249500998,0.6989206313622297,0.7857631403686287,1,False,False,False,False,0.6007984031936128,0.5806130362418324,0.5333933909690681,-1,True,False,False
2024-05-13,505.97,0.8083832335329342,0.7000098114833313,0.7907898277384744,1,False,False,False,False,0.6047904191616766,0.5815611689053557,0.5492593972340922,-1,True,False,False
2024-05-14,508.29,0.8163672654690619,0.7011675970951297,0.7964737027897161,1,False,False,False,False,0.6407185628742516,0.5838810667080575,0.5695836562652388,1,False,False,False
2024-05-15,514.59,0.8203592814371258,0.7023535840040053,0.8017816091558072,1,False,False,False,False,0.6666666666666666,0.5871275608240815,0.5911576585766671,1,False,False,False
2024-05-16,513.53,0.8243512974051896,0.7035674916000371,0.8067970954334478,1,False,False,False,False,0.6526946107784432,0.5896988176850368,0.6048325368437284,1,False,False,False
2024-05-17,514.27,0.8323353293413174,0.7048487636173633,0.8124722585240854,1,False,False,False,False,0.6646706586826348,0.5926388898810211,0.6181298972523742,1,False,False,False
2024-05-20,514.86,0.8323353293413174,0.7061172866593927,0.8168862742612482,1,False,False,False,False,0.6467065868263473,0.5947591917220143,0.6244802727132571,1,False,False,False
2024-05-21,516.12,0.8183632734530938,0.7072341621498772,0.8172144963038805,1,False,False,False,False,0.6407185628742516,0.5965615200024942,0.6280887816379226,1,False,False,False
2024-05-22,514.63,0.8083832335329342,0.7082406205715993,0.8152519934658924,1,False,False,False,False,0.6027944111776448,0.5968059471074021,0.6224678104245275,1,False,False,False
2024-05-23,510.88,0.7604790419161677,0.70876040585861,0.8030802264548424,1,False,False,False,False,0.500998003992016,0.5930487728675831,0.5954745201061916,-1,False,False,False
2024-05-24,514.26,0.7644710578842315,0.7093147407046361,0.7945004112169289,1,False,False,False,False,0.5329341317365269,0.5906913359604828,0.581576656024044,-1,True,False,False
2024-05-28,514.62,0.7365269461077845,0.7095855089176027,0.7816174189704523,1,False,False,False,False,0.47105788423153694,0.5859998280495438,0.5570169289590424,-1,True,False,False
2024-05-29,511.01,0.7005988023952096,0.7094960889522058,0.7636132819537318,1,False,False,False,False,0.4151696606786427,0.5793006057997044,0.5254953137856203,-1,True,False,False
2024-05-30,507.62,0.7085828343313373,0.7094870018415504,0.7513842935931997,1,False,False,False,False,0.4590818363273453,0.5745861442517688,0.5107367632393369,-1,True,False,False
2024-05-31,512.25,0.7485029940119761,0.7098752206691169,0.7507440047973721,1,False,False,False,False,0.5409181636726547,0.573265831287882,0.5174437411134075,-1,True,False,False
2024-06-03,512.66,0.7485029940119761,0.7102595766227772,0.7502460024006175,1,False,False,False,False,0.5229540918163673,0.5712928218968423,0.518668263491843,-1,True,False,False
2024-06-04,513.24,0.7405189620758483,0.7105606650352456,0.7480844378840021,1,False,False,False,False,0.5069860279441117,0.5687709868398724,0.5160722111479027,-1,True,False,False
2024-06-05,519.34,0.7405189620758483,0.7108587575431123,0.7464032210377458,1,False,False,False,False,0.5369261477045908,0.567522169618881,0.5207064192716112,-1,True,False,False
2024-06-06,519.33,0.7325349301397206,0.7110744408525314,0.7433213786159625,1,False,False,False,False,0.530938123752495,0.5660875011535326,0.5229801313784743,-1,True,False,False
2024-06-07,518.69,0.718562874251497,0.7111489526276454,0.7378194887571924,1,False,False,False,False,0.5129740518962076,0.5640046207905003,0.5207565581601928,-1,True,False,False
2024-06-10,520.3,0.7245508982035929,0.7112823053199434,0.7348709130786147,1,False,False,False,False,0.5349301397205589,0.5628644450622673,0.5239062429513852,-1,True,False,False
2024-06-11,521.55,0.7145708582834331,0.7113150272399782,0.7303597897907965,1,False,False,False,False,0.4930139720558882,0.5601252108267231,0.517041293863497,-1,True,False,False
2024-06-12,525.83,0.7245508982035929,0.7114467274485714,0.7290689249936402,1,False,False,False,False,0.5229540918163673,0.5586675198851405,0.5183552489641348,-1,True,False,False
2024-06-13,526.89,0.7225548902195609,0.7115572564313674,0.7276213617105114,1,False,False,False,False,0.5129740518962076,0.5568756191796922,0.5171594273934843,-1,True,False,False
2024-06-14,527.21,0.7085828343313373,0.7115276601915661,0.7233905778484727,1,False,False,False,False,0.47305389221556887,0.5535884926320795,0.5073581973539476,-1,True,False,False
2024-06-17,531.41,0.720558882235529,0.7116175230974762,0.7227613121567075,1,False,False,False,False,0.500998003992016,0.5515261205285477,0.5059448210512961,-1,True,False,False
2024-06-18,532.76,0.7245508982035929,0.7117462133970395,0.7231589979449042,1,False,False,False,False,0.530938123752495,0.5507187481059573,0.5114988883182292,-1,True,False,False
2024-06-20,531.31,0.7325349301397206,0.7119530662999517,0.7252425384326413,1,False,False,False,False,0.5588822355289421,0.551038884867643,0.5220285210317209,-1,True,False,False
2024-06-21,530.6,0.7465069860279441,0.7122968863967477,0.7299679712315975,1,False,False,False,False,0.562874251497006,0.5515030168923238,0.5311053500240065,-1,True,False,False
2024-06-24,528.87,0.7504990019960079,0.7126770069499742,0.7345304225125777,1,False,False,False,False,0.6207584830339321,0.554218917525328,0.5510282684706567,1,False,False,False
2024-06-25,530.91,0.7345309381237525,0.7128944590014545,0.7345305370928388,1,False,False,False,False,0.5349301397205589,0.5534624948663175,0.5474509065261906,1,False,False,False
2024-06-26,531.57,0.7145708582834331,0.712911139591325,0.7300950529129708,1,False,False,False,False,0.49500998003992014,0.5511702393829294,0.5357973673070193,-1,True,False,False
2024-06-27,532.41,0.718562874251497,0.7129673757570979,0.7275323465437544,1,False,False,False,False,0.5249500998003992,0.5501419986149871,0.5333868634166593,-1,True,False,False
2024-06-28,530.32,0.7285429141716567,0.7131223562388349,0.7277569171277327,1,False,False,False,False,0.5049900199600799,0.548371332785383,0.5270764537596416,-1,True,False,False
2024-07-01,531.41,0.7005988023952096,0.712997743762779,0.7217217805205054,1,False,False,False,False,0.4411177644710579,0.5441653104985468,0.507974522806623,-1,True,False,False
2024-07-02,534.98,0.6966067864271457,0.7128346496599369,0.716140670721981,1,False,False,False,False,0.4870259481037924,0.5419245511889486,0.5033192839837718,-1,True,False,False
2024-07-03,537.37,0.6946107784431138,0.7126533176080282,0.711356250215566,1,False,False,False,False,0.4870259481037924,0.5397716647934522,0.4996985426771097,-1,True,False,False
2024-07-05,540.47,0.6906187624750499,0.7124340683032224,0.7067479196065625,1,False,False,False,False,0.47305389221556887,0.5371552815551038,0.4937775092412118,-1,True,False,False
2024-07-08,541.09,0.6906187624750499,0.7122170005835391,0.7031636624662264,1,False,False,False,False,0.4810379241516966,0.5349546008726173,0.49094649033243065,-1,True,False,False
2024-07-09,541.62,0.6766467065868264,0.71186306730994,0.6972710056041375,1,False,False,False,False,0.46506986027944114,0.5322140228101399,0.485196128098433,-1,True,False,True
2024-07-10,546.98,0.7065868263473054,0.711810567399864,0.6993411879915081,1,False,False,False,False,0.5349301397205589,0.5323205371987838,0.4962481306811276,-1,True,False,False
2024-07-11,542.26,0.7385229540918163,0.7120763622923213,0.70804824712491,1,False,False,False,False,0.6526946107784432,0.5370410891038685,0.5310140151471977,1,False,False,False
2024-07-12,545.68,0.7744510978043913,0.7126970064267698,0.7228044361647947,1,False,False,False,False,0.716566866267465,0.5440813156593036,0.5722479820628126,1,False,False,False
2024-07-15,547.18,0.7764471057884231,0.7133313357736519,0.73472502941449,1,False,False,False,False,0.6966067864271457,0.5500627066698073,0.5998832719215532,1,False,False,False
2024-07-16,550.43,0.8143712574850299,0.7143367081289891,0.7524241912079433,1,False,False,False,False,0.7724550898203593,0.55878397659728,0.6382325647879545,1,False,False,False
2024-07-17,542.71,0.8243512974051896,0.7154313806591006,0.7684079925851092,1,False,False,False,False,0.7604790419161677,0.5666935870019423,0.6653984485942241,1,False,False,False
2024-07-18,538.54,0.7964071856287425,0.7162371100617837,0.7746300354836944,1,False,False,False,False,0.7025948103792415,0.5720230467422285,0.6736643067686724,1,False,False,False
2024-07-19,534.96,0.7744510978043913,0.7168163537209141,0.7745902715549603,1,False,False,False,False,0.6467065868263473,0.5749518130200371,0.6676737023370446,1,False,False,False
2024-07-22,540.48,0.7844311377245509,0.7174891376413484,0.7767771307037582,1,False,False,False,False,0.7025948103792415,0.5799574207596137,0.6754339485686439,1,False,False,False
2024-07-23,539.63,0.7564870259481038,0.7178771763309679,0.7722682185358349,1,False,False,False,False,0.6846307385229541,0.5840622567503329,0.6774776796696017,1,False,False,False
2024-07-24,527.4,0.7504990019960079,0.7182017716112171,0.7674306148603178,1,False,False,False,False,0.590818363273453,0.5843272021041807,0.6582200538037909,1,False,False,False
2024-07-25,524.65,0.7544910179640718,0.7185628586396038,0.7645551488833743,1,False,False,False,False,0.6147704590818364,0.5855210553189907,0.6485645883100232,1,False,False,False
2024-07-26,530.53,0.7964071856287425,0.7193374290574063,0.7716333792712339,1,False,False,False,False,0.6926147704590818,0.5897208088538962,0.6583535176764806,1,False,False,False
2024-07-29,530.84,0.7864271457085829,0.7200049884270697,0.7749208829239781,1,False,False,False,False,0.6946107784431138,0.5938341409946498,0.6664106867357324,1,False,False,False
2024-07-30,528.15,0.7964071856287425,0.7207652092947481,0.7796956168583702,1,False,False,False,False,0.6846307385229541,0.5973947918781127,0.6704595871328928,1,False,False,False
2024-07-31,536.74,0.8143712574850299,0.7216966127593281,0.7874013147754058,1,False,False,False,False,0.7225548902195609,0.6023030310287577,0.6820363211521523,1,False,False,False
2024-08-01,529.14,0.7664670658682635,0.7221420899046906,0.7827492594627075,1,False,False,False,False,0.6227544910179641,0.6031050490675501,0.6688625811223327,1,False,False,False
2024-08-02,519.28,0.7045908183632734,0.7219674503868656,0.7653807169961665,1,False,False,False,False,0.5369261477045908,0.6005097980337086,0.6395433736961678,-1,False,False,False
2024-08-05,504.16,0.6407185628742516,0.721159003744949,0.7376780160801854,1,False,False,False,False,0.4171656686626746,0.593319832176021,0.590126105910947,-1,True,False,False
2024-08-06,508.81,0.6646706586826348,0.7205969306597518,0.7214541588807297,1,False,False,False,False,0.4750499001996008,0.5886817956279262,0.5645536157528701,-1,True,False,False
2024-08-07,505.41,0.6367265469061876,0.7197623994781244,0.7026258006641648,1,False,False,False,False,0.4471057884231537,0.5831297953453861,0.5384540985684887,-1,True,False,False
2024-08-08,517.09,0.7025948103792415,0.719591577696046,0.7026189139341819,1,False,False,False,False,0.5289421157684631,0.5810047883031538,0.5363403246129275,-1,True,False,False
2024-08-09,519.37,0.7005988023952096,0.7194025948572318,0.7021700002588547,1,False,False,False,False,0.5688622754491018,0.5805286113284851,0.543567424798744,-1,True,False,False
2024-08-12,519.64,0.6766467065868264,0.7189771631331482,0.6964981572206261,1,False,False,False,False,0.530938123752495,0.5785838863255051,0.5407609134551331,-1,True,False,False
2024-08-13,528.19,0.7125748502994012,0.7189134585278374,0.7000707556825762,1,False,False,False,False,0.5788423153692615,0.5785940207978092,0.5492234472138283,-1,True,False,False
2024-08-14,529.86,0.7045908183632734,0.7187709446953542,0.7010752140560644,1,False,False,False,False,0.5868263473053892,0.5789168571314398,0.5575796472341752,-1,True,False,False
2024-08-15,538.94,0.7485029940119761,0.7190667859820867,0.7116147207129336,1,False,False,False,False,0.6626746506986028,0.5822014764870148,0.5809340924484925,1,False,False,False
2024-08-16,540.15,0.7564870259481038,0.719439126678266,0.721586344098527,1,False,False,False,False,0.6866267465069861,0.586296585115249,0.6044213489059355,1,False,False,False
2024-08-19,545.31,0.7724550898203593,0.7199666486995805,0.7328905098144897,1,False,False,False,False,0.7285429141716567,0.5918748725292258,0.6320039189649846,1,False,False,False
2024-08-20,544.43,0.7604790419161677,0.7203697570897953,0.7390212947259737,1,False,False,False,False,0.7005988023952096,0.5961385560533821,0.6472472263939235,1,False,False,False
2024-08-21,546.3,0.7864271457085829,0.7210270445387386,0.7495559282776646,1,False,False,False,False,0.7445109780439122,0.6019570824059519,0.6688613934272544,1,False,False,False
2024-08-22,542.01,0.7684630738522954,0.7214990448304158,0.753757516183138,1,False,False,False,False,0.716566866267465,0.6064515837338544,0.6794626096139678,1,False,False,False
2024-08-23,547.77,0.7944111776447106,0.7222245386892646,0.7627916631745986,1,False,False,False,False,0.7884231536926147,0.6135877237322372,0.7036760638536671,1,False,False,False
2024-08-26,546.46,0.7984031936127745,0.7229825352556678,0.7707053366053043,1,False,False,False,False,0.7704590818363274,0.6197395416971035,0.7185167345164805,1,False,False,False
2024-08-27,547.21,0.7924151696606786,0.7236734072397972,0.775529743950943,1,False,False,False,False,0.7604790419161677,0.6252587377841258,0.727841691716411,1,False,False,False
2024-08-28,544.04,0.780439121756487,0.7242382402200629,0.7766207167966195,1,False,False,False,False,0.7544910179640718,0.6303266703402021,0.7337637642158912,1,False,False,False
2024-08-29,544.08,0.7864271457085829,0.7248570352995507,0.7787999232215003,1,False,False,False,False,0.7724550898203593,0.635900333849228,0.7423618365724396,1,False,False,False
2024-08-30,549.28,0.810379241516966,0.7257080025255948,0.7858175495093815,1,False,False,False,False,0.8083832335329342,0.6426643691309419,0.7570332581192162,1,False,False,False
2024-09-03,537.97,0.7704590818363274,0.7261532868968459,0.7824045566931473,1,False,False,False,False,0.6986027944111777,0.6448580328674218,0.7440487106285409,1,False,False,False
2024-09-04,536.87,0.7564870259481038,0.7264551151461122,0.776645105416471,1,False,False,False,False,0.6826347305389222,0.6463394719917944,0.7304011594975146,1,False,False,False
2024-09-05,535.57,0.7305389221556886,0.7264957500417298,0.7663992869140749,1,False,False,False,False,0.6526946107784432,0.6465886931206826,0.7131330375599432,1,False,False,False
2024-09-06,526.55,0.6966067864271457,0.7261983474186992,0.7508898423614239,1,False,False,False,False,0.5708582834331337,0.6436188731329355,0.6815164255317633,-1,False,False,False
2024-09-09,532.45,0.7305389221556886,0.7262415372170772,0.7463674156490382,1,False,False,False,False,0.6307385229540918,0.6431137613612161,0.6702324471811696,-1,False,False,False
2024-09-10,534.77,0.720558882235529,0.7261849933864151,0.7406321860015916,1,False,False,False,False,0.626746506986028,0.6424719082484637,0.6605689049155825,-1,False,False,False
2024-09-11,540.25,0.7245508982035929,0.7261687337328546,0.7370585664909253,1,False,False,False,False,0.656686626746507,0.6430293481895635,0.6597061764335658,-1,False,False,False
2024-09-12,544.81,0.7385229540918163,0.7262916612986154,0.73738398595779,1,False,False,False,False,0.6966067864271457,0.6451304241988804,0.6679063119876946,1,False,False,False
2024-09-13,547.65,0.7584830339321357,0.7266119734641231,0.7420726632854223,1,False,False,False,False,0.7265469061876247,0.6483232274141253,0.6809375551432346,1,False,False,False
2024-09-16,548.46,0.7624750499001997,0.7269688199958254,0.7466065269775951,1,False,False,False,False,0.7504990019960079,0.6523301205349835,0.696395654443851,1,False,False,False
2024-09-17,548.68,0.7784431137724551,0.7274810020234536,0.7536813240431196,1,False,False,False,False,0.7724550898203593,0.657040903644214,0.7132977511941861,1,False,False,False
2024-09-18,547.06,0.7744510978043913,0.7279483661605773,0.7582968293234021,1,False,False,False,False,0.7504990019960079,0.6607059271089902,0.7215646958168132,1,False,False,False
2024-09-19,556.39,0.812375249500998,0.7287884346515269,0.7703142560295346,1,False,False,False,False,0.844311377245509,0.667906140839834,0.748841736134301,1,False,False,False
2024-09-20,555.42,0.7784431137724551,0.7292825110606903,0.7721206688612947,1,False,False,False,False,0.7904191616766467,0.672710573029513,0.7580811640326001,1,False,False,False
2024-09-23,556.81,0.7884231536926147,0.7298709751664806,0.7757434432682547,1,False,False,False,False,0.8183632734530938,0.6784224436343593,0.7714771883482653,1,False,False,False
2024-09-24,558.41,0.7944111776447106,0.7305131662359158,0.779891828685245,1,False,False,False,False,0.812375249500998,0.6836754948448158,0.7805656463822059,1,False,False,False
2024-09-25,557.17,0.7664670658682635,0.7308709164810139,0.776908548059249,1,False,False,False,False,0.7744510978043913,0.687235322411858,0.7792068578093582,1,False,False,False
2024-09-26,559.38,0.8023952095808383,0.7315826009894698,0.7825722506196022,1,False,False,False,False,0.8263473053892215,0.6926906942933233,0.7896825128271056,1,False,False,False
2024-09-27,558.57,0.8263473053892215,0.7325255333715569,0.7923000405684065,1,False,False,False,False,0.8403193612774451,0.6984800537828968,0.80093514581607,1,False,False,False
2024-09-30,560.81,0.8183632734530938,0.7333796402380398,0.798091870098337,1,False,False,False,False,0.8582834331337326,0.7047468529731257,0.8136792096644394,1,False,False,False
2024-10-01,555.79,0.7884231536926147,0.7339273368893291,0.795943266452621,1,False,False,False,False,0.8063872255489022,0.7087327499368816,0.8120587687498756,1,False,False,False
2024-10-02,556.02,0.7864271457085829,0.7344497230467346,0.7938285729539459,1,False,False,False,False,0.7844311377245509,0.7117013141638491,0.8059192951886923,1,False,False,False
2024-10-03,555.0,0.7684630738522954,0.7347881643482825,0.7881917953758013,1,False,False,False,False,0.7425149700598802,0.7129096928264385,0.7918294451600674,1,False,False,False
2024-10-04,560.05,0.7884231536926147,0.7353218458342958,0.7882432083350932,1,False,False,False,False,0.7684630738522954,0.7150882567882368,0.7866369182027848,1,False,False,False
2024-10-07,554.98,0.7584830339321357,0.7355523054173589,0.781629836245547,1,False,False,False,False,0.6966067864271457,0.7143634932446646,0.7666302222526428,1,False,False,False
2024-10-08,560.23,0.7544910179640718,0.7357407503183213,0.7755989877385525,1,False,False,False,False,0.7125748502994012,0.714293350384066,0.7546179173741446,1,False,False,False
2024-10-09,564.11,0.7784431137724551,0.7361656494571684,0.7762310157460864,1,False,False,False,False,0.7584830339321357,0.7160262791506571,0.7554768321648093,1,False,False,False
2024-10-10,563.13,0.7684630738522954,0.7364870168640852,0.7745048064363551,1,False,False,False,False,0.7305389221556886,0.7165954024057565,0.7499350743850047,1,False,False,False
2024-10-11,566.5,0.7904191616766467,0.7370236551209266,0.7780413298230866,1,False,False,False,False,0.7844311377245509,0.719255627320219,0.7576008662382372,1,False,False,False
2024-10-14,571.13,0.8163672654690619,0.7378131437811071,0.7865582044110812,1,False,False,False,False,0.8183632734530938,0.723142201678371,0.7711036233970942,1,False,False,False
2024-10-15,566.69,0.8023952095808383,0.738455751401005,0.7900775388932495,1,False,False,False,False,0.7884231536926147,0.7257022390122629,0.7749524079072099,1,False,False,False
2024-10-16,569.16,0.8163672654690619,0.7392309903469558,0.7959197003545412,1,False,False,False,False,0.7944111776447106,0.7283967071939276,0.7792765789599878,1,False,False,False
2024-10-17,569.21,0.8083832335329342,0.7399190723687069,0.7986893743941841,1,False,False,False,False,0.7724550898203593,0.730124486904768,0.7777606924845148,1,False,False,False
2024-10-18,571.4,0.8143712574850299,0.7406598901310584,0.802174237303261,1,False,False,False,False,0.7884231536926147,0.7324107091317424,0.7801301283085371,1,False,True,False
2024-10-21,570.46,0.7944111776447106,0.7411947288127864,0.8004491129346942,1,False,False,False,False,0.720558882235529,0.7319459316064008,0.7668920736256464,1,False,False,False
2024-10-22,570.15,0.7764471057884231,0.741545498732942,0.7951153335688561,1,False,False,False,False,0.6766467065868264,0.7297773345468096,0.7468375476170197,-1,False,False,False
2024-10-23,564.94,0.7624750499001997,0.7417537529734122,0.7878619371980435,1,False,False,False,False,0.6666666666666666,0.7273024063946472,0.7290217962947191,-1,False,False,False
2024-10-24,566.17,0.7485029940119761,0.7418209096006616,0.7791155053789174,1,False,False,False,False,0.6427145708582834,0.7239852363736133,0.7098424128644,-1,True,False,False
2024-10-25,565.97,0.7405189620758483,0.7418079548989223,0.7705384957560131,1,False,False,False,False,0.5868263473053892,0.7186064564101536,0.6825055094068421,-1,True,False,False
2024-10-28,567.72,0.7564870259481038,0.7419540153073719,0.767415946909811,1,False,False,False,False,0.6167664670658682,0.7146127313378288,0.6678968333310701,-1,True,False,False
2024-10-29,568.64,0.7485029940119761,0.7420191792745819,0.7632130684880698,1,False,False,False,False,0.5668662674650699,0.7088187523624265,0.645445596471959,-1,True,False,False
2024-10-30,566.92,0.7385229540918163,0.7419843909643057,0.7577263764000135,1,False,False,False,False,0.5728542914171657,0.7034868127175143,0.6293141953486716,-1,True,False,False
2024-10-31,555.81,0.7125748502994012,0.7416917587188838,0.7476927039332107,1,False,False,False,False,0.5029940119760479,0.6956243499433392,0.6012430434880885,-1,True,False,False
2024-11-01,558.15,0.718562874251497,0.7414616205649796,0.7412194084483855,1,False,False,False,False,0.5209580838323353,0.6887746924487901,0.5834019413423656,-1,True,False,False
2024-11-04,556.95,0.7305389221556886,0.741352936998718,0.7388459670500084,1,False,False,False,False,0.5169660678642715,0.6820370993278285,0.5686384139027891,-1,True,False,False
2024-11-05,563.68,0.7405189620758483,0.741344638740779,0.7392177437224172,1,False,False,False,False,0.5768463073852296,0.6779119702320404,0.5704623902322203,-1,True,False,False
2024-11-06,577.7,0.7644710578842315,0.741574752364097,0.7448295913139314,1,False,False,False,False,0.6487025948103793,0.6767665045292303,0.5878491023607001,-1,True,False,False
2024-11-07,582.17,0.7644710578842315,0.7418025762996207,0.749194361662887,1,False,False,False,False,0.6726546906187625,0.6766052569248981,0.6066947886402695,-1,True,False,False
2024-11-08,584.69,0.7664670658682635,0.7420479941062739,0.7530327403751929,1,False,False,False,False,0.6826347305389222,0.6768417068705461,0.6235703312844145,-1,True,False,False
2024-11-11,585.25,0.7584830339321357,0.7422115268408596,0.7542439167211801,1,False,False,False,False,0.6726546906187625,0.6766775101547899,0.6344779666920474,-1,True,False,False
2024-11-12,583.43,0.7425149700598802,0.7422145461763723,0.7516374841297802,1,False,False,False,False,0.6467065868263473,0.6755021798281844,0.6371954378330029,-1,True,False,False
2024-11-13,583.71,0.7445109780439122,0.7422373962447061,0.7500538161106984,1,False,False,False,False,0.654690618762475,0.6746860401785487,0.64108325581733,-1,True,False,False
2024-11-14,579.96,0.7385229540918163,0.7422004366212942,0.7474914023287246,1,False,False,False,False,0.6167664670658682,0.6724146843702083,0.6356795249836719,-1,True,False,False
2024-11-15,572.53,0.7085828343313373,0.7418659331159215,0.7388450538848608,1,False,False,False,False,0.5788423153692615,0.6687451797035046,0.6230490339582473,-1,True,False,False
2024-11-18,574.88,0.7225548902195609,0.7416737834353607,0.7352250175147941,1,False,False,False,False,0.6047904191616766,0.6662371498783348,0.6189915640034538,-1,True,False,False
2024-11-19,576.98,0.7145708582834331,0.7414041025880779,0.7306352043522695,1,False,False,False,False,0.5668662674650699,0.6623402525287951,0.6074081647727018,-1,True,False,False
2024-11-20,577.17,0.720558882235529,0.7411966874601918,0.7283960216596604,1,False,False,False,False,0.592814371257485,0.6596137473809006,0.604165099547098,-1,True,False,False
2024-11-21,580.27,0.7385229540918163,0.7411700831480686,0.7306464510890284,1,False,False,False,False,0.6427145708582834,0.658951034576092,0.6127316487273614,-1,True,False,False
2024-11-22,582.07,0.7485029940119761,0.7412430474352717,0.7346145717385723,1,False,False,False,False,0.6626746506986028,0.6590970587377591,0.6238300936098595,-1,True,False,False
2024-11-25,584.04,0.7844311377245509,0.7416727796769561,0.7456849197354564,1,False,False,False,False,0.7125748502994012,0.6611942270342941,0.6435511506519799,1,False,False,False
2024-11-26,587.09,0.7744510978043913,0.7419989320961345,0.7520774037507751,1,False,False,False,False,0.7265469061876247,0.6637570771971698,0.6619946518821233,1,False,False,False
2024-11-27,585.31,0.780439121756487,0.7423814215454914,0.7583800077520445,1,False,False,False,False,0.7325349301397206,0.6664542479007992,0.6776702692727004,1,False,False,False
2024-11-29,588.95,0.780439121756487,0.7427601051296805,0.7632820330863651,1,False,False,False,False,0.7385229540918163,0.669280471672996,0.6911930881213928,1,False,False,False
2024-12-02,590.01,0.7844311377245509,0.743174742269928,0.767981834117073,1,False,False,False,False,0.7145708582834331,0.6710565652655621,0.6963881481574017,1,False,False,False
2024-12-03,590.28,0.7684630738522954,0.7434263674598024,0.7680887762804558,1,False,False,False,False,0.6706586826347305,0.6710409620251373,0.6906704891523636,1,False,False,False
2024-12-04,593.95,0.7664670658682635,0.7436556281404836,0.7677283961888575,1,False,False,False,False,0.6626746506986028,0.670712871384881,0.6844491917181945,1,False,False,False
2024-12-05,592.97,0.7524950099800399,0.7437435821886383,0.7643431992535648,1,False,False,False,False,0.626746506986028,0.6689887002319849,0.6716263728888241,-1,False,False,False
2024-12-06,594.09,0.7485029940119761,0.7437909395202138,0.7608231536443227,1,False,False,False,False,0.6187624750499002,0.6670190443424914,0.6598788400357298,-1,True,False,False
2024-12-09,591.03,0.7485029940119761,0.7438378256345597,0.7580853403926902,1,False,True,False,False,0.6147704590818364,0.6649700802146226,0.649854755379309,-1,True,False,False
2024-12-10,589.19,0.7225548902195609,0.7436260551329179,0.7501896847986614,1,False,False,False,False,0.5688622754491018,0.661201146694406,0.6318564265059297,-1,True,False,False
2024-12-11,593.75,0.7085828343313373,0.7432773663687231,0.740943718028145,1,False,False,False,False,0.5449101796407185,0.6566407166138692,0.6125350383136605,-1,True,False,False
2024-12-12,590.69,0.7045908183632734,0.7428924255925495,0.7328652958803957,1,False,False,False,False,0.5349301397205589,0.6518677528141317,0.5952895052929712,-1,True,False,False
2024-12-13,590.57,0.6986027944111777,0.7424517327449738,0.725251406665014,1,False,False,False,False,0.5109780439121756,0.6463426661905256,0.5765536249861277,-1,True,False,False
2024-12-16,593.09,0.6726546906187625,0.7417572348133697,0.7135632475436248,1,False,False,False,False,0.4810379241516966,0.6398601272870421,0.5553279136895874,-1,True,False,False
2024-12-17,590.65,0.6646706586826348,0.7409902042051038,0.7026982277967381,1,False,False,False,False,0.41916167664670656,0.6312052860854603,0.5250687499022806,-1,True,False,False
2024-12-18,573.05,0.5868263473053892,0.7394562354797335,0.6769489210208828,-1,True,False,False,False,0.22355289421157684,0.6152189177766806,0.45806522641545755,-1,True,False,False
2024-12-19,572.87,0.5828343313373253,0.7378978085728438,0.6560345677578701,-1,True,False,False,False,0.23552894211576847,0.6003291148095861,0.40861271879330446,-1,True,False,False
2024-12-20,579.75,0.6047904191616766,0.7365733569369118,0.6446469791809382,-1,True,False,False,False,0.28542914171656686,0.5879800962569186,0.3812385905540294,-1,True,False,False
2024-12-23,583.22,0.6067864271457086,0.7352819447001835,0.6362335231731093,-1,True,False,False,False,0.29141716566866266,0.5763501774103204,0.36127827391283684,-1,True,False,False
2024-12-24,589.7,0.6207584830339321,0.7341424077681811,0.6327946253644032,-1,True,False,False,False,0.3473053892215569,0.5673680288538983,0.35817318842588575,-1,True,False,False
2024-12-26,589.74,0.6207584830339321,0.7330142095121189,0.630119927068743,-1,True,False,False,False,0.34530938123752497,0.5586598465944326,0.35531456460625005,-1,True,False,False
2024-12-27,583.53,0.6147704590818364,0.7318376547814694,0.6267089341827637,-1,True,False,False,False,0.2954091816367265,0.5483362911058951,0.34200225727968925,-1,True,False,False
2024-12-30,576.87,0.5948103792415169,0.73047419930346,0.6196203664180422,-1,True,False,False,False,0.21956087824351297,0.5354431376603116,0.31479306193831674,-1,True,False,False
2024-12-31,574.77,0.5988023952095808,0.7291640320985457,0.6149941505939397,-1,True,False,False,False,0.22355289421157684,0.5232121477211455,0.2945174691101523,-1,True,False,False
2025-01-02,573.36,0.5848303393213573,0.727727875951509,0.6082910814222547,-1,True,False,False,False,0.20958083832335328,0.5109128806859381,0.2756426622686414,-1,True,False,False
2025-01-03,580.53,0.5948103792415169,0.7264053137951907,0.6052953698265352,-1,True,False,False,False,0.27345309381237526,0.5016007321810925,0.2751560915005823,-1,True,False,False
2025-01-06,583.88,0.5868263473053892,0.7250164683574812,0.6011911425996138,-1,True,False,False,False,0.2654690618762475,0.4923406666789417,0.2730034182507301,-1,True,False,False
2025-01-07,577.28,0.5768463073852296,0.7235421383975584,0.5957811792186395,-1,True,False,False,False,0.2714570858283433,0.48367856546911436,0.27265978882353303,-1,True,False,False
2025-01-08,578.12,0.590818363273453,0.7222215038192091,0.5946783312308203,-1,True,False,False,False,0.2774451097804391,0.4755909789715193,0.2737231934806233,-1,True,False,False
2025-01-10,569.29,0.5489021956087824,0.7204969335882597,0.5845058566481451,-1,True,False,False,False,0.19161676646706588,0.4644547353438937,0.2554773208109439,-1,True,False,False
2025-01-13,570.17,0.5788423153692615,0.7190874348995135,0.5832472919195043,-1,True,False,False,False,0.2155688622754491,0.45469450502748415,0.24660877446972282,-1,True,False,False
2025-01-14,570.96,0.6107784431137725,0.7180097334887101,0.5893653255182306,-1,True,False,False,False,0.2714570858283433,0.4475087238824198,0.25213062143830517,-1,True,False,False
2025-01-15,581.35,0.6147704590818364,0.7169824770269503,0.5950109107545875,-1,True,False,False,False,0.34530938123752497,0.4435009065237965,0.27283701250479847,-1,True,False,False
2025-01-16,580.23,0.6407185628742516,0.716223632110008,0.6051681667811795,-1,True,False,False,False,0.40119760479041916,0.44184195351464445,0.3013615885682697,-1,True,False,False
2025-01-17,586.05,0.6407185628742516,0.7154723378887566,0.6130682548018621,-1,True,False,False,False,0.4411177644710579,0.44181355394430777,0.3324185165466671,-1,True,False,True
2025-01-21,591.42,0.6626746506986028,0.7149469877674616,0.6240918983344712,-1,True,False,False,False,0.5528942115768463,0.44616965816519166,0.3814131154422625,1,False,False,False
2025-01-22,594.74,0.6526946107784432,0.7143275611307549,0.6304480566553539,-1,True,False,False,False,0.5169660678642715,0.44894598795731244,0.4115359937582645,1,False,False,False
2025-01-23,597.99,0.654690618762475,0.7137341587191303,0.6358352926791586,-1,True,False,False,False,0.5489021956087824,0.4528658392377623,0.44206181639171294,1,False,False,False
2025-01-24,596.24,0.6506986027944112,0.7131069392571928,0.6391382504825481,-1,True,False,False,False,0.5489021956087824,0.4566319708601553,0.46580412288439504,1,False,False,False
2025-01-27,587.81,0.6866267465069861,0.7128434547522157,0.6496912495990899,-1,True,False,False,False,0.6227544910179641,0.46314657949379484,0.5006819824696326,1,False,False,False
2025-01-28,592.86,0.6726546906187625,0.7124435665518829,0.6547942364923505,-1,True,False,False,False,0.5588822355289421,0.4669009189461536,0.513615372038368,1,False,False,False
2025-01-29,590.2,0.6506986027944112,0.7118291888030523,0.6538840956705861,-1,True,False,False,False,0.5269461077844312,0.4692556322339292,0.5165777577597154,1,False,False,False
2025-01-30,593.37,0.6706586826347305,0.7114195320252582,0.6576117816626181,-1,True,False,False,False,0.5848303393213573,0.47378797368833814,0.5317449981067469,1,False,False,False
2025-01-31,590.21,0.6586826347305389,0.7108947867785447,0.657849749011045,-1,True,False,False,False,0.5289421157684631,0.4759508812208921,0.531122135364906,1,False,False,False
2025-02-03,586.24,0.6427145708582834,0.7102163766698855,0.654486376088209,-1,True,False,False,False,0.49500998003992014,0.47669829686085397,0.5230972119593537,1,False,False,False
2025-02-04,590.17,0.6407185628742516,0.7095248561346055,0.6514268620406629,-1,True,False,False,False,0.49700598802395207,0.4774946769064657,0.5172991621959311,1,False,False,False
2025-02-05,592.56,0.6506986027944112,0.7089395202804742,0.651265026652607,-1,True,False,False,False,0.5489021956087824,0.48029497175753694,0.524322058509898,1,False,False,False
2025-02-06,594.62,0.6347305389221557,0.7082011224560134,0.64759069604584,-1,True,False,False,False,0.5528942115768463,0.48314200077005887,0.5306714258581087,1,False,False,False
2025-02-07,589.18,0.6287425149700598,0.7074104895457055,0.6434022113623332,-1,True,False,False,False,0.530938123752495,0.485016358534076,0.5307306920568612,1,False,False,False
2025-02-10,593.18,0.6327345309381237,0.706667445181451,0.6410316157125089,-1,True,False,False,False,0.5389221556886228,0.4871303113636661,0.5325510173083637,1,False,False,False
2025-02-11,593.63,0.6387225548902196,0.7059913766213393,0.6405184910853334,-1,True,False,False,False,0.5528942115768463,0.48970928784261436,0.5370717271458043,1,False,False,False
2025-02-12,591.72,0.6167664670658682,0.7051035665760113,0.6352402635254523,-1,True,False,False,False,0.5049900199600799,0.4903085322393777,0.52994245888231,1,False,False,False
2025-02-13,597.97,0.6367265469061876,0.7044231982210877,0.6355705487211712,-1,True,False,False,False,0.5688622754491018,0.49338907118877867,0.5385913070082637,1,False,False,False
2025-02-14,597.94,0.6307385229540918,0.7036900173726599,0.6344967652173759,-1,True,False,False,False,0.5728542914171657,0.49650535433498993,0.5462053035435753,1,False,False,False
2025-02-18,599.69,0.6447105788423154,0.7031031572877809,0.6367665015784736,-1,True,False,False,False,0.6047904191616766,0.5007518274654482,0.5592242181253757,1,False,False,False
2025-02-19,601.11,0.656686626746507,0.7026413012624947,0.6411931960602588,-1,True,False,False,False,0.6127744510978044,0.5051448715294622,0.5711242698970265,1,False,False,False
2025-02-20,598.61,0.6487025948103793,0.7021045977157075,0.6428619513380633,-1,True,False,False,False,0.592814371257485,0.5085828911266396,0.5759442924215727,1,False,False,False
2025-02-21,588.37,0.6207584830339321,0.701295183639272,0.6379500694927008,-1,True,False,False,False,0.5329341317365269,0.509537841738792,0.566386478936007,1,False,False,False
2025-02-24,585.69,0.6227544910179641,0.7005136842102043,0.6345732742760927,-1,True,False,False,False,0.5389221556886228,0.5106901677760403,0.5602832959921439,1,False,False,False
2025-02-25,582.78,0.6287425149700598,0.6997995432227403,0.6332775499858632,-1,True,False,False,False,0.5289421157684631,0.5114059304424098,0.5533185892757704,1,False,False,False
2025-02-26,583.07,0.6167664670658682,0.6989733434599854,0.6296084204480865,-1,True,False,False,False,0.530938123752495,0.5121718988075112,0.5483451524928203,1,False,False,False
2025-02-27,573.76,0.5968063872255489,0.6979567568307871,0.6223190797319671,-1,True,False,False,False,0.4870259481037924,0.5111857830936399,0.5347186626285919,1,False,False,False
2025-02-28,582.72,0.6167664670658682,0.6971488932510367,0.6210851658061673,-1,True,False,False,False,0.5409181636726547,0.512351758802621,0.5360963295272725,1,False,True,False
2025-03-03,572.51,0.590818363273453,0.6960908780273792,0.6143592096877863,-1,True,False,False,False,0.46506986027944114,0.5104975667036727,0.5203126696944211,-1,False,False,False
2025-03-04,565.73,0.5209580838323353,0.6943482631597669,0.5936034039421305,-1,True,False,False,False,0.4031936127744511,0.50628956851037,0.49428621260109445,-1,True,False,False
2025-03-05,571.81,0.5528942115768463,0.6929407601589419,0.5845569167498451,-1,True,False,False,False,0.4491017964071856,0.5040469107808334,0.4842452312246702,-1,True,False,False
2025-03-06,561.66,0.5089820359281437,0.6911103250919688,0.5677624987894669,-1,True,False,False,False,0.4091816367265469,0.5003267039551751,0.4675644324473095,-1,True,False,False
2025-03-07,564.81,0.5409181636726547,0.6896158757246125,0.5617970909857309,-1,True,False,False,False,0.4530938123752495,0.4984744336971388,0.4643487390979628,-1,True,False,False
2025-03-10,549.77,0.47105788423153694,0.6874411693415968,0.5416328228181323,-1,True,False,False,False,0.3992015968063872,0.4945813812700505,0.4498715963665016,-1,True,False,False
2025-03-11,545.2,0.42714570858283435,0.6848511647569325,0.516191241876955,-1,True,False,False,False,0.3193612774451098,0.4877100046494646,0.420869303272859,-1,True,False,False
2025-03-12,548.09,0.4091816367265469,0.6821081843785208,0.49241132962130874,-1,True,False,False,False,0.29740518962075846,0.4802470707267703,0.3934328335723922,-1,True,False,False
2025-03-13,540.78,0.36726546906187624,0.6789754210420369,0.4646011383858793,-1,True,False,False,False,0.2634730538922156,0.47174612889012113,0.36455288253235296,-1,True,False,False
2025-03-14,551.95,0.42115768463073855,0.6764100704309792,0.4549470375514036,-1,True,False,False,False,0.32335329341317365,0.46592680200867226,0.35539741828364646,-1,True,False,False
2025-03-17,556.21,0.4750499001996008,0.6744064866475824,0.45941434036211404,-1,True,False,False,False,0.37924151696606784,0.46252737906582503,0.3606961068797401,-1,True,False,False
2025-03-18,550.2,0.4491017964071856,0.6721646489337477,0.45712266392768547,-1,True,False,False,False,0.3592814371257485,0.45847851859758676,0.3603817358232975,-1,True,False,False
2025-03-19,556.19,0.4750499001996008,0.6702033081503234,0.4611064942103333,-1,True,False,False,False,0.3972055888223553,0.4560756586064012,0.3685648142675326,-1,True,False,False
2025-03-20,554.58,0.4630738522954092,0.6681423185398268,0.46154368489590575,-1,True,False,False,False,0.37524950099800397,0.45290600536685627,0.3700503002076374,-1,True,False,False
2025-03-21,554.76,0.43912175648702595,0.6658635069771124,0.4565610341383769,-1,True,False,False,False,0.3313373253493014,0.44813860615048157,0.36144741690578497,-1,True,False,False
2025-03-24,564.7,0.5069860279441117,0.6642826365389731,0.4677665883174291,-1,True,False,False,False,0.3912175648702595,0.445906408453218,0.3680630053423348,-1,True,False,False
2025-03-25,566.06,0.5029940119760479,0.6626777746030236,0.47559490468601107,-1,True,False,False,False,0.3972055888223553,0.4439965723892626,0.3745391350045616,-1,True,False,False
2025-03-26,559.3,0.49700598802395207,0.6610292991146747,0.4803529232055535,-1,True,False,False,False,0.4151696606786427,0.44286610526335596,0.38356814070991296,-1,True,False,False
2025-03-27,557.81,0.47305389221556887,0.6591588970559771,0.47873091631889025,-1,True,False,False,False,0.38922155688622756,0.44076239748386076,0.38482445541576066,-1,True,False,False
2025-03-28,546.58,0.4251497005988024,0.6568304473399853,0.46682397949220406,-1,True,False,False,False,0.33532934131736525,0.4366277678302727,0.37382554117167277,-1,True,False,False
2025-03-31,550.25,0.4471057884231537,0.6547436348134497,0.46244215925463733,-1,True,False,False,False,0.37924151696606784,0.43437732661991174,0.375029091348205,-1,True,False,False
2025-04-01,551.8,0.4530938123752495,0.6527371689185423,0.4603647488369956,-1,True,False,False,False,0.39520958083832336,0.4328413365892612,0.3795136445682313,-1,True,False,False
2025-04-02,555.3,0.49101796407185627,0.6511280226016599,0.4671765744447424,-1,True,False,False,False,0.4091816367265469,0.431913505222096,0.38610653171452364,-1,True,False,False
2025-04-03,527.93,0.36726546906187624,0.6483035195813637,0.4449741065818833,-1,True,False,False,False,0.3033932135728543,0.4268734937848708,0.3677257943497082,-1,True,False,False
2025-04-04,497.02,0.2275449101796407,0.6441168667514957,0.39665650738138497,-1,True,False,False,False,0.10978043912175649,0.4144384720333762,0.31040460429905226,-1,True,False,False
2025-04-07,496.14,0.1936127744510978,0.6396342389674122,0.35153567784132117,-1,True,False,False,False,0.06387225548902195,0.400690777266931,0.2556196378968233,-1,True,False,False
2025-04-08,488.37,0.18363273453093812,0.6350969105650592,0.31422391266123606,-1,True,False,False,False,0.05788423153692615,0.38724738331673475,0.2116784364835128,-1,True,False,False
2025-04-09,539.66,0.3153692614770459,0.6319155409223924,0.3144784346203049,-1,True,False,False,False,0.1497005988023952,0.37793182313970186,0.19790558366548666,-1,True,False,False
2025-04-10,516.01,0.2634730538922156,0.6282494465240822,0.3031439055696184,-1,True,False,False,False,0.13972055888223553,0.36859020493352673,0.18497557815809754,-1,True,False,False
2025-04-11,525.22,0.29141716566866266,0.6248978815404462,0.300537963369406,-1,True,False,False,False,0.18363273453093812,0.3613369708000919,0.18467716846317322,-1,True,False,False
2025-04-14,530.31,0.3193612774451098,0.6218577163255673,0.30472092205289575,-1,True,False,False,False,0.24151696606786427,0.3566381470851026,0.197308234597549,-1,True,False,False
2025-04-15,528.83,0.313373253493014,0.6187882191829549,0.306643662372922,-1,True,False,False,False,0.2435129740518962,0.3522018657896827,0.20757595447629282,-1,True,False,False
2025-04-16,517.07,0.2934131736526946,0.6155506565408627,0.303703553768427,-1,True,False,False,False,0.2055888223552894,0.3464523346746085,0.2071343695605143,-1,True,False,False
2025-04-17,517.81,0.313373253493014,0.6125439162120284,0.30585237592944636,-1,True,False,False,False,0.2375249500998004,0.34218067253441997,0.21388783190257785,-1,True,False,False
2025-04-21,505.48,0.25948103792415167,0.6090308527464775,0.295547634150492,-1,True,False,False,True,0.15169660678642716,0.33471070917175355,0.20006755965454434,-1,True,False,False
2025-04-22,518.63,0.3013972055888224,0.605969821431476,0.29684753891456545,-1,True,False,False,False,0.23552894211576847,0.33082122811073456,0.2079478668681497,-1,True,False,False
2025-04-23,526.67,0.3093812375249501,0.6030186912433514,0.2996328052724287,-1,True,False,False,False,0.2714570858283433,0.32849322253103297,0.22206102663708163,-1,True,False,True
2025-04-24,537.76,0.34530938123752497,0.600454419502,0.3097831554868945,-1,True,False,False,False,0.3413173652694611,0.3289961300894027,0.24856243522205484,-1,True,False,False
2025-04-25,541.64,0.35728542914171657,0.5980348275581165,0.3203392162990772,-1,True,False,False,False,0.34331337325349304,0.32955759060564155,0.2696181992290411,-1,True,False,False
2025-04-28,541.85,0.3592814371257485,0.5956591719319239,0.3289930431494486,-1,True,False,False,False,0.3652694610778443,0.3309580561143554,0.2908740351954418,1,False,False,False
2025-04-29,545.26,0.37524950099800397,0.593466040877855,0.33927225600468314,-1,True,False,False,False,0.41916167664670656,0.334417021625428,0.31938239996238954,1,False,False,False
2025-04-30,545.48,0.37524950099800397,0.5912947320233292,0.34726719933653216,-1,True,False,False,False,0.43912175648702595,0.3385230896592162,0.34599114585675317,1,False,False,False
2025-05-01,549.34,0.38922155688622756,0.589284053663756,0.35659038990313113,-1,True,False,False,False,0.43313373253493015,0.3422333109484599,0.3653561651185703,1,False,False,False
2025-05-02,557.5,0.44510978043912175,0.5878494837809238,0.37626136557779577,-1,True,False,False,False,0.5888223552894212,0.35190346955006624,0.4150153184898705,1,False,False,False
2025-05-05,554.3,0.43912175648702595,0.5863696058974025,0.39023034133540246,-1,True,False,False,False,0.5728542914171657,0.3605682076625015,0.4500906458070472,1,False,False,False
2025-05-06,549.67,0.4111776447105788,0.5846264023035038,0.3948852976409972,-1,True,False,False,False,0.5389221556886228,0.36756248013411413,0.46983098133628626,1,False,False,False
2025-05-07,551.98,0.44510978043912175,0.5832381772103259,0.4060462938183582,-1,True,False,False,False,0.5768463073852296,0.37576968904592256,0.4936121649027181,1,False,False,False
2025-05-08,555.83,0.4550898203592814,0.5819630691819573,0.41694485527189673,-1,True,False,False,False,0.6287425149700598,0.3856901920233397,0.5236411315843496,1,False,False,False
2025-05-09,555.12,0.45109780439121755,0.5806609272437411,0.4245343995206347,-1,True,False,False,False,0.6447105788423154,0.39584785425153485,0.5505454531972309,1,False,False,False
2025-05-12,573.46,0.5449101796407185,0.5803051984118702,0.4512845728806533,-1,True,False,False,False,0.7405189620758483,0.40936436828386086,0.5927617885035903,1,False,False,False
2025-05-13,577.25,0.5469061876247505,0.5799728699463268,0.47253382060156385,-1,True,False,False,False,0.720558882235529,0.421568074713338,0.6211611426662433,1,False,False,False
2025-05-14,577.99,0.5389221556886228,0.5795644051278422,0.48728678395424363,-1,True,False,False,False,0.6766467065868264,0.43157115831621995,0.6334912679819285,1,False,False,False
2025-05-15,580.81,0.5768463073852296,0.5795373593791596,0.5071889002722405,-1,True,False,False,False,0.7644710578842315,0.44462605633849495,0.662597887960218,1,False,False,False
2025-05-16,584.49,0.6047904191616766,0.5797886336058514,0.5288781266921152,-1,True,False,False,False,0.8183632734530938,0.45928241779396944,0.697212418069746,1,False,False,False
2025-05-19,585.13,0.592814371257485,0.5799182429357185,0.5430861810399752,-1,True,False,False,False,0.8143712574850299,0.4732074703308738,0.7232477157175868,1,False,False,False
2025-05-20,583.16,0.5788423153692615,0.5799075371887886,0.5510319886687054,-1,True,False,False,False,0.8143712574850299,0.48658644237613485,0.7434973916659076,1,False,False,False
2025-05-21,573.34,0.5169660678642715,0.5792812539119278,0.5434617840454978,-1,True,False,False,False,0.6926147704590818,0.4946659846538975,0.7321901425088352,1,False,False,False
2025-05-22,573.56,0.5149700598802395,0.578641341533503,0.5371302897865515,-1,True,False,False,False,0.656686626746507,0.5010197353241959,0.71541158345054,1,False,False,False
2025-05-23,569.65,0.48502994011976047,0.577709884803018,0.5255524343050424,-1,True,False,False,False,0.6506986027944112,0.5068894948328317,0.7010309210825114,1,False,False,False
2025-05-27,581.49,0.5469061876247505,0.577403380353483,0.5302977128205331,-1,True,False,False,False,0.7604790419161677,0.516834182953747,0.7142416146011017,1,False,False,False
2025-05-28,578.13,0.5169660678642715,0.576802014060058,0.5273351250524749,-1,True,False,False,False,0.688622754491018,0.5235709896806988,0.7085485345766387,1,False,False,False
2025-05-29,580.41,0.5229540918163673,0.5762662138387278,0.5263615621111177,-1,True,False,False,False,0.7085828343313373,0.5308263561375867,0.7085561567443496,1,False,False,False
2025-05-30,579.76,0.5349301397205589,0.5758549096186466,0.5282656904687713,-1,True,False,False,False,0.7365269461077845,0.5388930459403395,0.7147718877140018,1,False,False,False
2025-06-02,583.03,0.5249500998003992,0.575348394098067,0.5275288925424664,-1,True,False,False,False,0.7225548902195609,0.5460954712061913,0.7165014438263482,1,False,False,False
2025-06-03,586.35,0.5349301397205589,0.5749462224127188,0.529173614137598,-1,True,False,False,False,0.7485029940119761,0.5540330211201436,0.7236128994231543,1,False,False,False
2025-06-04,586.19,0.530938123752495,0.5745083308837613,0.5295657273853529,-1,True,False,False,False,0.7425149700598802,0.5614244700981725,0.727813359564649,1,False,False,False
2025-06-05,583.36,0.5109780439121756,0.57387618872484,0.5254351310579802,-1,True,False,False,False,0.7145708582834331,0.5674302108113201,0.7248705815021566,1,False,False,False
2025-06-06,589.35,0.5449101796407185,0.5735879697289781,0.529762919631922,-1,True,False,False,False,0.7624750499001997,0.5750790280304918,0.733227130035055,1,False,False,False
2025-06-09,589.88,0.5449101796407185,0.5733026185838213,0.5331289774116545,-1,True,False,False,False,0.7684630738522954,0.5826627161019351,0.7410573397722195,1,False,False,False
2025-06-10,593.23,0.5668662674650699,0.5732385752891074,0.5406261529790801,-1,True,False,False,False,0.8003992015968064,0.5912014018076164,0.7542444201776832,1,False,False,False
2025-06-11,591.53,0.5528942115768463,0.5730361438093834,0.5433523882230282,-1,True,False,False,False,0.7904191616766467,0.599013862978951,0.7622832516218974,1,False,False,False
2025-06-12,593.88,0.5588822355289421,0.5728953089011203,0.5468034654021202,-1,True,False,False,False,0.8163672654690619,0.6075375258217004,0.7743019213657117,1,False,False,False
2025-06-13,587.25,0.5209580838323353,0.5723785205919782,0.5410600472755014,-1,True,False,False,False,0.7524950099800399,0.6132221330435961,0.7694559410577847,1,False,False,False
2025-06-16,592.83,0.5568862275449101,0.5722243684223557,0.5445769762242588,-1,True,False,False,False,0.7724550898203593,0.6194665627211162,0.7701224185605791,1,False,False,False
2025-06-17,587.77,0.5189620758483033,0.5716943953619175,0.5388847761407132,-1,True,False,False,False,0.7085828343313373,0.6229613184705367,0.7564469553985254,1,False,False,False
2025-06-18,587.68,0.5109780439121756,0.5710902525614225,0.532683280089927,-1,True,False,False,False,0.6806387225548902,0.6252231774542368,0.7396006814332732,1,False,False,False
2025-06-20,586.3,0.5189620758483033,0.5705715642359189,0.5296341235917885,-1,True,False,False,False,0.6866267465069861,0.6276311605543446,0.7278286958940983,1,False,False,False
2025-06-23,592.1,0.5508982035928144,0.5703758094036493,0.5343594747031276,-1,True,False,False,False,0.7465069860279441,0.6322929576317408,0.7319794270349529,1,False,False,False
2025-06-24,598.64,0.5728542914171657,0.5704004709162216,0.5429138784173584,-1,True,False,False,False,0.7784431137724551,0.6380243363039256,0.7423046907543979,1,False,False,False
2025-06-25,598.97,0.5329341317365269,0.5700276715213989,0.5406961569327292,-1,True,False,True,False,0.7025948103792415,0.6405565117578595,0.733480272893252,1,False,False,False
2025-06-26,603.66,0.5768463073852296,0.5700955186444221,0.5487295236999515,-1,True,False,False,False,0.7305389221556886,0.6440852337342451,0.7328266393960157,1,False,False,False
2025-06-27,606.66,0.5868263473053892,0.5702619945514964,0.5571954845011599,-1,True,False,False,False,0.7445109780439122,0.6480234982169771,0.7354231590955482,1,False,False,False
2025-06-30,609.56,0.6007984031936128,0.5705658394136071,0.5668850219883717,-1,True,False,False,False,0.7664670658682635,0.6526683440072236,0.7423218050450404,1,False,False,False
2025-07-01,609.36,0.6447105788423154,0.5713035980148878,0.5841795901781369,-1,False,False,False,False,0.8323353293413174,0.6597141081379725,0.7623248104442131,1,False,False,False
2025-07-02,612.12,0.6586826347305389,0.5721730411662874,0.600735822300893,-1,False,False,False,False,0.7884231536926147,0.6647615216891349,0.7681244422771912,1,False,False,False
2025-07-03,616.95,0.6726546906187625,0.5731728585737748,0.6167177930381973,-1,False,False,False,False,0.812375249500998,0.6705502953288159,0.7779579549935928,1,False,False,False
2025-07-07,612.35,0.6387225548902196,0.573825094358018,0.6216077401164245,-1,False,False,False,False,0.7644710578842315,0.6742334624878519,0.774960866747068,1,False,False,False
2025-07-08,612.02,0.6506986027944112,0.5745900048897234,0.6280723762670882,-1,False,False,False,False,0.7564870259481038,0.6774590924274696,0.7708555687917426,1,False,False,False
2025-07-09,615.69,0.6606786427145709,0.5754466082511648,0.6353182132554177,-1,False,False,False,False,0.7564870259481038,0.6805582270753376,0.767662559270934,1,False,False,False
2025-07-10,617.42,0.6746506986027944,0.5764337136277979,0.6440587655548348,-1,False,False,False,False,0.7664670658682635,0.6839272011456484,0.7673968940703406,1,False,False,False
2025-07-11,615.25,0.6606786427145709,0.5772719716286614,0.6477520715903317,-1,False,False,False,False,0.7145708582834331,0.6851289131902675,0.7556577750065834,1,False,False,False
2025-07-14,616.43,0.6467065868263473,0.5779628633221707,0.6475197416427796,-1,False,False,False,False,0.7405189620758483,0.6873010719700943,0.7522935943553088,1,False,False,False
2025-07-15,613.79,0.6027944111776448,0.5782099434003347,0.6375807793171941,-1,False,False,False,False,0.6387225548902196,0.6853960320846091,0.727055585585289,-1,False,False,False
2025-07-16,615.84,0.624750499001996,0.5786730335058239,0.6347296059138168,-1,False,False,False,False,0.6666666666666666,0.6846615471662585,0.7136358258255951,-1,False,False,False
2025-07-17,619.61,0.6387225548902196,0.5792705411812905,0.6356169279085729,-1,False,False,False,False,0.6986027944111777,0.6852082627444906,0.7102951521779468,-1,False,False,False
2025-07-18,619.16,0.6407185628742516,0.579881964282713,0.6367506245676127,-1,False,False,False,False,0.7065868263473054,0.6860466377877383,0.7094710797711377,-1,False,False,False
2025-07-21,620.33,0.6347305389221557,0.5804277212442995,0.6363017166464,-1,False,False,False,False,0.6646706586826348,0.6852083640973421,0.6995154306403593,-1,False,False,False
2025-07-22,620.42,0.6966067864271457,0.5815837318431338,0.6497028432643435,1,False,False,False,False,0.7564870259481038,0.6880036057385485,0.7121757851531914,1,False,False,False
2025-07-23,625.7,0.7085828343313373,0.582847404504708,0.6627872857236755,1,False,False,False,False,0.780439121756487,0.6916285279353305,0.7273454155094793,1,False,False,False
2025-07-24,625.91,0.6946107784431138,0.5839594778772293,0.6698591729946618,1,False,False,False,False,0.7445109780439122,0.6937023495082161,0.7311599849615755,1,False,False,False
2025-07-25,628.55,0.7045908183632734,0.5851597897228616,0.6775773164099088,1,False,False,False,False,0.7624750499001997,0.6963993181510391,0.7381188882812698,1,False,False,False
2025-07-28,628.39,0.6766467065868264,0.5860701073035977,0.6773705142270016,1,False,False,False,False,0.7045908183632734,0.6967205534534796,0.7306682060772706,1,False,True,False
2025-07-29,626.73,0.6766467065868264,0.5869713669979582,0.6772096680847404,1,False,False,False,False,0.6966067864271457,0.6967160920014666,0.7230990017105761,1,False,False,False
2025-07-30,625.95,0.6447105788423154,0.5875458865187976,0.6699876482530904,1,False,False,False,False,0.6407185628742516,0.694520110467066,0.7047922375247262,-1,False,False,False
2025-07-31,623.6,0.6147704590818364,0.5878167777880816,0.6577171617705895,1,False,False,False,False,0.5988023952095808,0.6907664745746155,0.6812389392324717,-1,True,False,False
2025-08-01,613.38,0.5868263473053892,0.5878069227584031,0.6419636474449895,1,False,False,False,False,0.5209580838323353,0.6841073219964868,0.6456209713657747,-1,True,False,False
2025-08-04,622.7,0.6227544910179641,0.5881546597560107,0.6376949460167616,1,False,False,False,False,0.5728542914171657,0.6797444580521997,0.6294505980438616,-1,True,False,False
2025-08-05,619.54,0.6047904191616766,0.5883201897003457,0.6303828289378538,1,False,False,False,False,0.5688622754491018,0.6753961371658037,0.6159865263561373,-1,True,False,False
2025-08-06,624.29,0.6007984031936128,0.588444351028637,0.6238085121058002,1,False,False,False,False,0.5389221556886228,0.6700442163235613,0.5988611106522452,-1,True,False,False
2025-08-07,623.77,0.6007984031936128,0.5885672769208259,0.6186951545697585,1,False,False,False,False,0.564870259481038,0.665919747427776,0.5913075881697547,-1,True,False,False
2025-08-08,628.63,0.6167664670658682,0.588847865877493,0.6182665573466718,1,False,False,False,False,0.5888223552894212,0.6628963202850954,0.5907553141963473,-1,True,False,False
2025-08-11,627.39,0.6087824351297405,0.589046219800401,0.6161589746317981,1,False,False,False,False,0.564870259481038,0.6590521610378774,0.5850030798151675,-1,True,False,False
2025-08-12,634.07,0.6367265469061876,0.5895206509158815,0.6207295462483291,1,False,False,False,False,0.626746506986028,0.6577852726436874,0.5942793969642477,-1,True,False,False
2025-08-13,636.24,0.6866267465069861,0.5904868807227582,0.6353733685280306,1,False,False,False,False,0.6766467065868264,0.6585249367198889,0.612583243547043,-1,True,False,False
2025-08-14,636.29,0.656686626746507,0.5911455846632931,0.6401096481321364,1,False,False,False,False,0.6407185628742516,0.6578266475494717,0.6188355367308671,-1,True,False,False
2025-08-15,634.81,0.6526946107784432,0.5917580127838419,0.6429063064979823,1,False,False,False,False,0.6107784431137725,0.6559816199245423,0.6170450714826239,-1,True,False,False
2025-08-18,634.67,0.6427145708582834,0.5922650432124433,0.6428636985780491,1,False,False,False,False,0.6107784431137725,0.65420894632412,0.6156524874006569,-1,True,False,False
2025-08-19,631.22,0.6786427145708582,0.5931245225294425,0.6508145910208956,1,False,False,False,False,0.656686626746507,0.6543061102622528,0.624771185033068,-1,True,False,False
2025-08-20,629.55,0.6766467065868264,0.5939555890374761,0.656555061146658,1,False,False,False,False,0.6526946107784432,0.6542429142040642,0.6309763907542625,-1,True,False,False
2025-08-21,627.02,0.6686626746506986,0.5946989431231798,0.6592456419253336,1,False,False,False,False,0.626746506986028,0.6531646237249256,0.6300364165835437,-1,True,False,False
2025-08-22,636.65,0.7305389221556886,0.5960505847055929,0.6750885930876347,1,False,False,False,False,0.7305389221556886,0.6561989099378968,0.652370306710687,1,False,False,False
2025-08-25,633.85,0.6946107784431138,0.5970312831507424,0.6794268564999634,1,False,False,False,False,0.6666666666666666,0.6566094102017701,0.6555472755897935,1,False,False,False
2025-08-26,636.5,0.6986027944111777,0.5980419449543288,0.6836881760357888,1,False,False,False,False,0.6626746506986028,0.6568472627702734,0.6571311367250845,1,False,False,False
2025-08-27,637.95,0.7045908183632734,0.5991021327494427,0.6883332076641187,1,False,False,False,False,0.6766467065868264,0.6576237115473932,0.6614679300276938,1,False,False,False
2025-08-28,640.21,0.6966067864271457,0.6000723283084248,0.690171780722569,1,False,False,False,False,0.6666666666666666,0.6579783372383451,0.6626232048363544,1,False,False,False
2025-08-29,636.39,0.6986027944111777,0.6010527309562135,0.6920453393200376,1,False,False,False,False,0.656686626746507,0.6579276819249397,0.6613039652608328,1,False,False,False
2025-09-02,631.68,0.6846307385229541,0.6018843529220518,0.6903976502540191,1,False,False,False,False,0.5968063872255489,0.6555307684073166,0.6469711701418808,-1,True,False,False
2025-09-03,635.1,0.6806387225548902,0.6026679784905378,0.6882289996542126,1,False,False,False,False,0.5868263473053892,0.6528364773837116,0.6336056539559938,-1,True,False,False
2025-09-04,640.41,0.6966067864271457,0.6036026929973697,0.6900907300481977,1,False,False,False,False,0.6087824351297405,0.6511088678835559,0.6280893831057153,-1,True,False,False
2025-09-05,638.55,0.6926147704590818,0.6044883853104216,0.6906516279172831,1,False,False,False,False,0.6047904191616766,0.6492924581297568,0.6229118355625956,-1,True,False,False
2025-09-08,640.12,0.6746506986027944,0.6051865177809925,0.6870958658473967,1,False,False,False,False,0.6127744510978044,0.6478603794226214,0.6206590834593086,-1,True,False,False
2025-09-09,641.6,0.6646706586826348,0.6057783997800139,0.6821124864774496,1,False,False,False,False,0.5968063872255489,0.6458582620815598,0.615358484296251,-1,True,False,False
2025-09-10,643.46,0.6586826347305389,0.6063048100780292,0.6769058527559139,1,False,False,False,False,0.5768463073852296,0.643151910916998,0.6068002227604684,-1,True,False,False
2025-09-11,648.8,0.7045908183632734,0.6072827803097232,0.683058067335327,1,False,False,False,False,0.6586826347305389,0.6437609589096859,0.6183296476427063,-1,True,False,False
2025-09-12,648.59,0.6846307385229541,0.6080524117347305,0.6834075498214663,1,False,False,False,False,0.6227544910179641,0.6429371758551086,0.6193129461705413,-1,True,False,False
2025-09-15,652.04,0.6606786427145709,0.6085760558240821,0.6783566815754896,1,False,False,False,False,0.5848303393213573,0.6406584763831968,0.6116501446485004,-1,True,False,False
2025-09-16,651.14,0.656686626746507,0.6090547679725641,0.6735411138357157,1,False,False,False,False,0.5449101796407185,0.6369036412168252,0.5968190413134378,-1,True,False,False
2025-09-17,650.33,0.654690618762475,0.6095088560401254,0.669352114930551,1,False,False,False,False,0.5708582834331337,0.6343136271860922,0.5910499840067036,-1,True,False,False
2025-09-18,653.37,0.6586826347305389,0.6099981473703783,0.6669811193305484,1,False,False,False,False,0.5968063872255489,0.6328427550307768,0.5923291847220026,-1,True,False,False
2025-09-19,656.61,0.6606786427145709,0.6105024309061414,0.6655805689714422,1,False,False,False,False,0.6027944111776448,0.6316643886051638,0.5946547906010342,-1,True,False,False
2025-09-22,659.71,0.6646706586826348,0.611041418247201,0.6653783666850406,1,False,False,False,False,0.5808383233532934,0.6296712095756787,0.5915844645459807,-1,True,False,False
2025-09-23,656.12,0.6626746506986028,0.6115551817541802,0.6647775409102765,1,False,False,False,False,0.6047904191616766,0.6286954923045414,0.5945191211272465,-1,True,False,False
2025-09-24,654.03,0.6626746506986028,0.6120638331864631,0.664310231974349,1,False,False,False,False,0.5668662674650699,0.6262708168206406,0.5883740425356516,-1,True,False,False
2025-09-25,651.02,0.6447105788423154,0.6123886764268198,0.6599547535005639,1,False,False,False,False,0.5249500998003992,0.6222974553688665,0.5742798330389288,-1,True,False,False
2025-09-26,654.75,0.6646706586826348,0.6129088951557334,0.661002732429913,1,False,False,False,False,0.5828343313373253,0.6207498818774335,0.5761808326607947,-1,True,False,False
2025-09-29,656.59,0.6746506986027944,0.6135232414586893,0.6640356138016644,1,False,False,False,False,0.5828343313373253,0.6192629975425273,0.5776593879222459,-1,True,False,False
2025-09-30,659.06,0.6846307385229541,0.6142307787429109,0.6686123081841733,1,False,False,False,False,0.6067864271457086,0.6187737202720639,0.5841320633052376,-1,True,False,False
2025-10-01,661.3,0.6926147704590818,0.6150107189589922,0.6739461886897086,1,False,False,False,False,0.5948103792415169,0.617833981408121,0.5865050224021886,-1,True,False,False
2025-10-02,662.07,0.6866267465069861,0.615723316248027,0.6767640904268813,1,False,False,False,False,0.592814371257485,0.6168528202257431,0.5879070999255878,-1,True,False,False
2025-10-03,662.06,0.6946107784431138,0.6165082661206149,0.6807300210971552,1,False,False,False,False,0.626746506986028,0.6172408079418327,0.5965380792723523,-1,True,False,False
2025-10-06,664.43,0.6826347305389222,0.6171662408909463,0.6811532898619923,1,False,False,False,False,0.6067864271457086,0.6168308322243377,0.5988154899108759,-1,True,False,False
2025-10-07,661.97,0.6806387225548902,0.6177978078726771,0.6810389415715252,1,False,False,False,False,0.5808383233532934,0.6154193612882183,0.5948205640091909,-1,True,False,False
2025-10-08,665.91,0.6766467065868264,0.6183833690539124,0.6800628893527032,1,False,False,False,False,0.5808383233532934,0.6140632421535154,0.5917133994189915,-1,True,False,False
2025-10-09,663.99,0.6606786427145709,0.6188042175480484,0.6757552789886737,1,False,False,False,False,0.5269461077844312,0.6106468839429631,0.5773206679446448,-1,True,False,False
2025-10-10,646.04,0.5868263473053892,0.6184860297844398,0.655993294170166,1,False,False,False,False,0.39520958083832336,0.602198362252585,0.5368515374765733,-1,True,False,False
2025-10-13,655.95,0.6287425149700598,0.6185880843634013,0.6499375654590314,1,False,False,False,False,0.4491017964071856,0.5961945753566871,0.5173515950167094,-1,True,False,False
2025-10-14,655.15,0.6626746506986028,0.6190267566652441,0.6527680288456028,1,False,False,False,False,0.5129740518962076,0.5929310254170604,0.5163788076565978,-1,True,False,False
2025-10-15,658.06,0.6487025948103793,0.6193220386368375,0.6518645990599976,1,False,False,False,False,0.5129740518962076,0.5897954578280075,0.5156221952654,-1,True,False,False
2025-10-16,653.58,0.6107784431137725,0.6192370277361106,0.6427343421830587,1,False,False,False,False,0.4231536926147705,0.5832604866431746,0.4950736391208157,-1,True,False,False
2025-10-17,657.29,0.6327345309381237,0.6193713312505585,0.6405121619064065,1,False,False,False,False,0.46706586826347307,0.5787038349420098,0.4888496900414062,-1,True,False,False
2025-10-20,664.12,0.6626746506986028,0.6198022100510366,0.6454371594157835,1,False,False,False,False,0.5429141716566867,0.5773003187347423,0.5008640192892464,-1,True,False,False
2025-10-21,664.11,0.6786427145708582,0.6203876877079503,0.6528161716724667,1,False,False,False,False,0.5588822355289421,0.5765780409619659,0.513756956231401,-1,True,False,False
2025-10-22,660.66,0.6786427145708582,0.6209673397165364,0.6585554034276648,1,False,False,False,False,0.5209580838323353,0.5743968661725686,0.5153572068093865,-1,True,False,False
2025-10-23,664.58,0.6866267465069861,0.6216206671472871,0.664793479667514,1,False,False,False,False,0.5429141716566867,0.5731622507013575,0.5214809767754531,-1,True,False,False
2025-10-24,670.01,0.6686626746506986,0.622088746823938,0.6656533007748884,1,False,False,False,False,0.5449101796407185,0.5720543263460384,0.5266874663010677,-1,True,False,False
2025-10-27,677.91,0.6686626746506986,0.6225521689913684,0.6663220505250684,1,False,False,False,False,0.5848303393213573,0.5725553464627176,0.539608104750021,-1,True,False,False
2025-10-28,679.72,0.6407185628742516,0.6227329291295066,0.6606323866026647,1,False,False,False,False,0.49500998003992014,0.5695143517010393,0.5296974103699985,-1,True,False,False
2025-10-29,680.04,0.5808383233532934,0.6223160673804896,0.6429003725472489,1,False,False,False,False,0.437125748502994,0.5643226417717041,0.5091259299551086,-1,True,False,False
2025-10-30,672.56,0.5808383233532934,0.6219033535095723,0.6291088060597032,1,False,False,False,False,0.43313373253493015,0.5591779786643797,0.49223877497284674,-1,True,False,False
2025-10-31,674.77,0.5828343313373253,0.6215146070202962,0.6188255894547303,1,False,False,False,False,0.4291417165668663,0.5540785174056537,0.47821720643818444,-1,True,False,False
2025-11-03,676.04,0.5748502994011976,0.6210502855514495,0.6090533027761675,1,False,False,False,False,0.4091816367265469,0.5483962867907868,0.4628759687244872,-1,True,False,False
2025-11-04,668.02,0.5808383233532934,0.6206501665246021,0.6027833073488622,1,False,False,False,False,0.4091816367265469,0.5429368887490519,0.45094389494716713,-1,True,False,False
2025-11-05,670.34,0.5728542914171657,0.620174585677762,0.5961324149195963,1,False,False,False,False,0.42115768463073855,0.5381612336855887,0.4443247370990719,-1,True,False,False
2025-11-06,663.14,0.5508982035928144,0.6194852684430859,0.5860803679580893,1,False,False,False,False,0.4031936127744511,0.5328683858067206,0.43518448724915615,-1,True,False,False
2025-11-07,663.8,0.5828343313373253,0.6191205825017351,0.5853590264868084,1,False,False,False,False,0.45708582834331335,0.5298965208081555,0.4400514519367466,-1,True,False,False
2025-11-10,674.16,0.5868263473053892,0.6187992468281396,0.5856850977798264,1,False,False,False,False,0.4810379241516966,0.5279804974098631,0.4491595568734022,-1,True,False,False
2025-11-11,675.7,0.6127744510978044,0.6187392986119173,0.5917049540727104,1,False,False,False,False,0.5129740518962076,0.5273920093505041,0.46334055576735894,-1,True,False,False
2025-11-12,676.07,0.6127744510978044,0.618679946895359,0.5963870645227313,1,False,False,False,False,0.5369261477045908,0.5277658971290957,0.4796929095311882,-1,True,False,False
2025-11-13,664.86,0.6027944111776448,0.618521881863342,0.5978109193349342,1,False,False,False,False,0.4590818363273453,0.5250724045486349,0.4751126710414453,-1,True,False,False
2025-11-14,664.75,0.6027944111776448,0.6183653896177133,0.5989183619666477,1,False,False,False,False,0.44510978043912175,0.5219366153678697,0.4684453620187067,-1,True,False,False
2025-11-17,658.55,0.5608782435129741,0.6177933782136861,0.5904650023102758,1,False,False,False,False,0.38323353293413176,0.5164972788018408,0.44950939999991224,-1,True,False,False
2025-11-18,653.02,0.5688622754491018,0.6173065015692624,0.585664396341126,1,False,False,False,False,0.3872255489021956,0.5114277991979332,0.4356685442004196,-1,True,False,False
2025-11-19,655.55,0.5568862275449101,0.6167053048128012,0.5792692477197446,1,False,False,False,False,0.36726546906187624,0.5057743744867154,0.4204678608362989,-1,True,False,False
2025-11-20,645.55,0.5269461077844312,0.6158121784742104,0.567641883289675,1,False,False,False,False,0.32335329341317365,0.49862060660147844,0.3988868458533822,-1,True,False,False
2025-11-21,651.98,0.5768463073852296,0.6154244583638724,0.569687310866465,1,False,False,False,False,0.41317365269461076,0.4952697456639542,0.40206169181809964,-1,True,False,False
2025-11-24,661.58,0.5768463073852296,0.61504059616508,0.5712781989817459,1,False,False,False,False,0.4311377245508982,0.49275476444383437,0.4085230324253882,-1,True,False,True
2025-11-25,667.8,0.6187624750499002,0.6150776297858245,0.5818302603302247,1,False,False,False,False,0.5329341317365269,0.49433042590629295,0.43616994338341897,1,False,False,False
2025-11-26,672.41,0.6227544910179641,0.6151540164647512,0.590924533816389,1,False,False,False,False,0.5768463073852296,0.49756634282703555,0.4674313576060435,1,False,False,False
2025-11-28,676.08,0.6347305389221557,0.6153488077329842,0.6006592016176705,1,False,False,False,False,0.6147704590818364,0.502162582680165,0.5001733801562197,1,False,False,False
2025-12-01,673.0,0.6207584830339321,0.6154026353479191,0.605125708599062,1,False,False,False,False,0.5429141716566867,0.503760684208656,0.5096713338229901,1,False,False,False
2025-12-02,674.24,0.6067864271457086,0.6153169019329717,0.6054947571649835,1,False,False,False,False,0.530938123752495,0.5048264661515517,0.5143972871406579,1,False,False,False
2025-12-03,676.58,0.6327345309381237,0.6154902116743166,0.6115480402256812,1,False,False,False,False,0.5548902195608783,0.5067897505989762,0.5233957165673735,1,False,False,False
2025-12-04,677.07,0.626746506986028,0.6156022146127416,0.614925477283536,1,False,False,False,False,0.5768463073852296,0.5095370665513783,0.5352736256380082,1,False,False,False
2025-12-05,678.36,0.6447105788423154,0.6158918500777125,0.6215443887410426,1,False,False,False,False,0.5688622754491018,0.5118635453316812,0.5427377700404734,1,False,False,False
2025-12-08,676.32,0.6167664670658682,0.6159005527343111,0.6204826283687817,1,False,False,False,False,0.5129740518962076,0.5119070946087214,0.5361236104528588,1,False,False,False
2025-12-09,675.74,0.6027944111776448,0.6157701433655881,0.6165519134374179,1,False,False,False,False,0.4930139720558882,0.5111661878419437,0.5265436908090876,1,False,False,False
2025-12-10,680.22,0.6187624750499002,0.6157999178102082,0.6170431493513029,1,False,False,False,False,0.5588822355289421,0.5130374053982966,0.5337300340801664,1,False,False,False
2025-12-11,681.8,0.6526946107784432,0.6161670291830265,0.6249656963351118,1,False,False,False,False,0.6167664670658682,0.5171052117382013,0.5521825747436557,1,False,False,False
2025-12-12,674.47,0.6506986027944112,0.6165106269304035,0.6306841199927339,1,False,False,False,False,0.5988023952095808,0.520309022854726,0.5625425348471946,1,False,False,False
2025-12-15,673.45,0.6526946107784432,0.6168706665706825,0.635575340167336,1,False,False,False,False,0.6147704590818364,0.524013392902848,0.5741487402326706,1,False,False,False
2025-12-16,671.61,0.6367265469061876,0.6170682375192945,0.6358311638870808,1,False,False,False,False,0.5768463073852296,0.5260852719021571,0.5747481995999059,1,False,False,False
2025-12-17,664.22,0.6367265469061876,0.6172638425878209,0.6360301378913268,1,False,False,False,False,0.5968063872255489,0.5288586489736627,0.579650019072271,1,False,False,False
2025-12-18,669.24,0.6427145708582834,0.617517083665139,0.6375155674395394,1,False,False,False,False,0.5848303393213573,0.531053617222592,0.5808012013498457,1,False,False,False
2025-12-19,675.31,0.626746506986028,0.6176089187230583,0.6351224428943146,1,False,False,False,False,0.5788423153692615,0.5329276838165791,0.5803658933541603,1,False,False,False
2025-12-22,679.52,0.6467065868263473,0.617898447758912,0.637696697101433,1,False,False,False,False,0.6207584830339321,0.5363720288839262,0.5893420243941097,1,False,False,False
2025-12-23,682.62,0.6367265469061876,0.6180857920290341,0.6374811081691563,1,False,False,False,False,0.624750499001996,0.5398378512414976,0.5972105743069733,1,False,False,False
2025-12-24,685.02,0.6487025948103793,0.6183904368328287,0.6399747718672057,1,False,False,False,False,0.6307385229540918,0.543402583465521,0.6046612295618885,1,False,False,False
2025-12-26,684.95,0.6487025948103793,0.6186920503450432,0.6419142880767998,1,False,False,False,False,0.6347305389221557,0.5469840719148008,0.6113432983086146,1,False,False,False
2025-12-29,682.51,0.6526946107784432,0.6190303842797038,0.6443099153438316,1,False,False,False,False,0.6526946107784432,0.5511295832427868,0.6205324788574653,1,False,False,False
2025-12-30,681.68,0.6526946107784432,0.6193653517075519,0.6461731809959674,1,False,False,False,False,0.626746506986028,0.5540949528013454,0.6219133739971459,1,False,False,False
2025-12-31,676.63,0.6187624750499002,0.619359352934839,0.6400819130079525,1,False,False,False,False,0.5728542914171657,0.5548306131392207,0.6110113556460391,1,False,False,False
2026-01-02,677.87,0.624750499001996,0.6194129961792884,0.63667493211774,1,False,False,False,False,0.6047904191616766,0.5567898212185327,0.6096289253161808,1,False,False,False
2026-01-05,682.38,0.6407185628742516,0.6196249918677954,0.637573516730298,1,False,False,False,False,0.6307385229540918,0.5596897703062017,0.6143199470134943,1,False,False,False
2026-01-06,686.44,0.6646706586826348,0.6200732074579928,0.6435951038308173,1,False,False,False,False,0.6786427145708582,0.5643545916499138,0.6286138953595752,1,False,False,False
2026-01-07,684.23,0.6367265469061876,0.6202389123281241,0.6420687578475663,1,False,False,False,False,0.6347305389221557,0.5671144327194134,0.6299731494845932,1,False,False,False
2026-01-08,684.16,0.6706586826347305,0.6207406015849063,0.6484220744669361,1,False,False,False,False,0.7105788423153693,0.5727404879976863,0.64788552566921,1,False,False,False
2026-01-09,688.68,0.6926147704590818,0.6214557674443508,0.6582426735763018,1,False,False,False,False,0.7225548902195609,0.5786155625946225,0.6644787177915101,1,False,False,False
2026-01-12,689.77,0.6866267465069861,0.6221042348977105,0.6645502453386761,1,False,False,False,False,0.7145708582834331,0.5839471428177132,0.675610304567493,1,False,False,False
2026-01-13,688.39,0.6806387225548902,0.6226866676107172,0.6681254624978348,1,False,False,False,False,0.6866267465069861,0.5879737939427827,0.6780584027762693,1,False,False,False
2026-01-14,685.0,0.7025948103792415,0.6234817735089115,0.6757853175825919,1,False,False,False,False,0.7305389221556886,0.5935645832844654,0.6897207404161402,1,False,False,False
2026-01-15,686.87,0.718562874251497,0.6244278541133154,0.685291441286793,1,False,False,False,False,0.7385229540918163,0.5992492252769106,0.7005656767885127,1,False,False,False
2026-01-16,686.29,0.7065868263473054,0.6252453563245989,0.6900237490780179,1,False,False,False,False,0.7305389221556886,0.6043978408407843,0.7072263979812184,1,False,False,False
2026-01-20,672.32,0.6666666666666666,0.625657508666311,0.6848332863199399,1,False,False,False,False,0.6427145708582834,0.6059004577042156,0.692890436398344,1,False,False,False
2026-01-21,680.08,0.7045908183632734,0.6264429147329474,0.6892238489962362,1,False,False,False,False,0.7005988023952096,0.609614118280333,0.6946034066198697,1,False,False,False
2026-01-22,683.63,0.7025948103792415,0.6272006450378858,0.6921951737480152,1,False,False,False,False,0.6966067864271457,0.613025595462561,0.6950486021325977,1,False,False,False
2026-01-23,683.88,0.7005988023952096,0.6279309749618392,0.694062646780725,1,False,False,False,False,0.6766467065868264,0.6155205409968459,0.6909592920113151,1,False,False,False
2026-01-26,687.35,0.7045908183632734,0.6286937594732963,0.6964022404657357,1,False,False,False,False,0.7025948103792415,0.6189352182275281,0.6935449627597432,1,False,False,False
2026-01-27,690.09,0.6926147704590818,0.6293297894333539,0.6955605804642571,1,False,False,False,False,0.6746506986027944,0.6211201390265582,0.6893462373915323,1,False,False,False
2026-01-28,690.02,0.688622754491018,0.6299197691851716,0.6940188413590929,1,False,False,False,False,0.626746506986028,0.6213407809073217,0.6754351861903092,1,False,False,False
2026-01-29,688.65,0.688622754491018,0.6305038784916974,0.6928197109439651,1,False,False,False,False,0.6447105788423154,0.6222572435714391,0.6686074956685328,1,False,False,False
2026-01-30,686.6,0.6866267465069861,0.631062314989362,0.6914434966246364,1,False,False,False,False,0.6706586826347305,0.6241553392209799,0.6690633149943545,1,False,False,False
2026-02-02,690.01,0.6726546906187625,0.6314761694732367,0.687268206401109,1,False,False,False,False,0.6686626746506986,0.6259007249241062,0.6689742838068754,1,False,False,False
2026-02-03,684.18,0.654690618762475,0.6317071590184032,0.6800287424814124,1,False,False,False,False,0.6347305389221557,0.626246992139716,0.6613645627213821,1,False,False,False
2026-02-04,680.87,0.6946107784431138,0.6323330656793457,0.6832691949173461,1,False,False,False,False,0.6786427145708582,0.6283017263527021,0.6652041520212657,1,False,False,False
2026-02-05,672.36,0.6766467065868264,0.6327739974296689,0.6817975308438973,1,False,False,False,False,0.6506986027944112,0.6291800352327691,0.6619806966375202,1,False,False,False
2026-02-06,685.26,0.6946107784431138,0.6333892887830365,0.6846449191992787,1,False,False,False,False,0.688622754491018,0.6315111222625044,0.6679011539382975,1,False,False,False
2026-02-09,688.56,0.6966067864271457,0.634018318610341,0.6873031119165824,1,False,False,False,False,0.6826347305389222,0.6335159696458933,0.6711752820717697,1,False,False,False
2026-02-10,686.75,0.7005988023952096,0.6346808109863099,0.6902577098007219,1,False,False,False,False,0.6866267465069861,0.6355987452090734,0.6746089408351511,1,False,False,False
2026-02-11,686.59,0.7005988023952096,0.6353367113983388,0.6925557303772747,1,False,False,False,False,0.6706586826347305,0.636973644715962,0.673731105679502,1,False,False,False
2026-02-12,675.98,0.6706586826347305,0.635688173798701,0.6876897197678203,1,False,False,False,False,0.6187624750499002,0.6362594811996459,0.6615158544284794,1,False,False,False
2026-02-13,676.46,0.6826347305389222,0.6361553037165142,0.6865663888280652,1,False,False,False,False,0.6347305389221557,0.6361995226789601,0.6555635620937408,1,False,False,False
2026-02-17,677.55,0.6686626746506986,0.63647876014372,0.6825877856775393,1,False,False,False,False,0.6506986027944112,0.6367681140560365,0.6544824600272231,1,False,False,False
2026-02-18,680.96,0.6906187624750499,0.637017466634579,0.6843724471880972,1,False,False,False,False,0.6706586826347305,0.6380971559610833,0.6580771761622247,1,False,False,False
2026-02-19,679.17,0.6786427145708582,0.6374316482060843,0.6830991732731552,1,False,False,False,False,0.6487025948103793,0.6385130555238009,0.6559939358618146,1,False,False,False
2026-02-20,684.08,0.6846307385229541,0.6379012908958045,0.6834395211064438,1,False,False,False,False,0.6646706586826348,0.6395388438829709,0.6579220964886636,1,False,True,False
2026-02-23,677.09,0.6666666666666666,0.6381875135402907,0.6797122201198267,1,False,False,False,False,0.6187624750499002,0.6387240843208898,0.6492199583911606,1,False,False,False
2026-02-24,682.02,0.6726546906187625,0.6385304705261462,0.6781438802307014,1,False,False,False,False,0.626746506986028,0.6382543754057972,0.6442258580789089,1,False,False,False
2026-02-25,687.77,0.6666666666666666,0.6388104326767982,0.6755933883275825,1,False,False,False,False,0.6347305389221557,0.638116185739772,0.6421157871551859,1,False,False,False
2026-02-26,683.95,0.6826347305389222,0.6392464953420929,0.6771581310412136,1,False,False,False,False,0.6626746506986028,0.639079262796981,0.6466844234981675,1,False,False,False
2026-02-27,680.67,0.6846307385229541,0.6396980798513553,0.6788187104816004,1,False,False,False,False,0.6327345309381237,0.6388304497829081,0.6435844473737133,1,False,False,False
2026-03-02,681.05,0.6806387225548902,0.640105449430495,0.6792231576089982,1,False,False,False,False,0.6227544910179641,0.6382000200274202,0.6389555681835468,1,False,False,False
2026-03-03,675.05,0.6427145708582834,0.6401314108377367,0.6711101383310616,1,False,True,False,False,0.5748502994011976,0.6357157172577644,0.6247099528985803,-1,True,False,False
2026-03-04,679.81,0.6387225548902196,0.6401173923705973,0.66391289756643,1,False,False,False,False,0.5888223552894212,0.6338767618864568,0.6167349312076561,-1,True,False,False
2026-03-05,676.02,0.6147704590818364,0.6398651840791669,0.6529923556809647,1,False,False,False,False,0.5229540918163673,0.6295268532562572,0.5958947446762586,-1,True,False,False
2026-03-06,667.16,0.5848303393213573,0.6393175736835668,0.6378452409343853,1,False,False,False,False,0.45109780439121755,0.6225296356537067,0.5637176468351384,-1,True,False,False
2026-03-09,673.01,0.5848303393213573,0.6387754121476243,0.6260641516870458,1,False,False,False,False,0.4491017964071856,0.615728543918549,0.5382474578511489,-1,True,False,False
2026-03-10,671.93,0.5588822355289421,0.6379804551663439,0.611134836985245,1,False,False,False,False,0.41916167664670656,0.6080200393196533,0.5117839509168284,-1,True,False,False
2026-03-11,671.08,0.5469061876247505,0.6370742435490148,0.596861803794024,1,False,False,False,False,0.3972055888223553,0.5997528059668181,0.48632209267361215,-1,True,False,False
2026-03-12,660.89,0.5149700598802395,0.6358592765473354,0.5786636384798497,-1,True,False,False,False,0.3273453093812375,0.5890701590418934,0.45099391860864,-1,True,False,False
2026-03-13,657.15,0.5089820359281437,0.6345968164416719,0.563178837912804,-1,True,False,False,False,0.32934131736526945,0.5788847142702611,0.42396000722122434,-1,True,False,False
2026-03-16,663.84,0.5249500998003992,0.6335058043357886,0.554683562776714,-1,True,False,False,False,0.3473053892215569,0.5698031721114885,0.4069256476657427,-1,True,False,False
2026-03-17,665.58,0.5229540918163673,0.6324057872957944,0.5476325692299703,-1,True,False,False,False,0.36127744510978044,0.5616256926212254,0.3967816026533066,-1,True,False,False
2026-03-18,656.3,0.499001996007984,0.6310783863874581,0.53682577518064,-1,True,False,False,False,0.3013972055888224,0.5514206539140725,0.3755850699723101,-1,True,False,False
2026-03-19,654.68,0.49500998003992014,0.6297244718964379,0.52753337626048,-1,True,False,False,False,0.2894211576846307,0.5411461638658591,0.35643753390838134,-1,True,False,False
2026-03-20,645.29,0.4630738522954092,0.6280662567760297,0.5132090376015754,-1,True,False,False,False,0.20758483033932135,0.5280653272569753,0.3233591553374791,-1,True,False,False
2026-03-23,652.07,0.49500998003992014,0.6267423137239291,0.5091648025878742,-1,True,False,False,False,0.249500998003992,0.5171412359137211,0.3069462314855931,-1,True,False,False
2026-03-24,649.88,0.49500998003992014,0.625431544234536,0.5060192864661066,-1,True,False,False,False,0.2554890219560878,0.5068803647781277,0.2955112960345919,-1,True,False,False
2026-03-25,653.5,0.49700598802395207,0.6241536780035849,0.504016331256739,-1,True,False,False,False,0.27944111776447106,0.4979611786207294,0.2919401453078984,-1,True,False,False
2026-03-26,641.83,0.48502994011976047,0.6227693622037459,0.49979713322629926,-1,True,False,False,False,0.22954091816367264,0.4874348938969233,0.27807365038695936,-1,True,False,False
2026-03-27,630.89,0.4471057884231537,0.6210214659472226,0.4880879454922669,-1,True,False,False,False,0.20159680638722555,0.4762255571318371,0.2610787961647963,-1,True,False,False
2026-03-30,628.78,0.4550898203592814,0.6193704047970939,0.4807550287960479,-1,True,False,False,False,0.20159680638722555,0.4654558022006759,0.24786057621422503,-1,True,False,False
2026-03-31,647.06,0.49500998003992014,0.6181329876353311,0.48392279573913066,-1,True,False,False,False,0.24750499001996007,0.45690871152692236,0.24778155705994392,-1,True,False,False
2026-04-01,651.93,0.499001996007984,0.616947604634064,0.4872737291322092,-1,True,False,False,False,0.2774451097804391,0.4498709232231387,0.2543734576644984,-1,True,False,False
2026-04-02,652.52,0.500998003992016,0.6157938772644913,0.49032356798994403,-1,True,False,False,False,0.3073852295409182,0.44428324896109084,0.26615385141481396,-1,True,False,False
2026-04-06,655.6,0.499001996007984,0.6146317689932823,0.4922521075495085,-1,True,False,False,False,0.34331337325349304,0.44032364599216545,0.2833004118234093,-1,True,False,False
2026-04-07,655.89,0.5049900199600799,0.6135408063163351,0.49508275475185765,-1,True,False,False,False,0.3073852295409182,0.4351103747587832,0.2886525935384113,-1,True,False,True
2026-04-08,672.6,0.564870259481038,0.6130565222682227,0.51059108913612,-1,True,False,False,False,0.49700598802395207,0.4375376537103585,0.3349533478685314,1,False,False,False
2026-04-09,676.48,0.5768463073852296,0.6126962216226208,0.5253144709692554,-1,True,False,False,False,0.5089820359281437,0.4403393941894873,0.37362638965955636,1,False,False,False
2026-04-10,676.03,0.5489021956087824,0.6120614551946225,0.5305561875558169,-1,True,False,False,False,0.4530938123752495,0.4408395674516741,0.3912858169297104,1,False,False,False
2026-04-13,682.64,0.5768463073852296,0.6117110557139321,0.5408428808512419,-1,True,False,False,False,0.5149700598802395,0.44374664558612764,0.41877120425205017,1,False,False,False
2026-04-14,690.95,0.5848303393213573,0.6114435858990807,0.5506178716223786,-1,True,False,False,False,0.5489021956087824,0.4478703926458396,0.447689202331324,1,False,False,False
2026-04-15,696.41,0.5708582834331337,0.6110397520436981,0.5551157409136576,-1,True,False,False,False,0.530938123752495,0.4511279507284536,0.46618896264713977,1,False,False,False
2026-04-16,698.12,0.5728542914171657,0.6106597972115932,0.5590576410255483,-1,True,False,False,False,0.5409181636726547,0.4546491355497948,0.48279545176392086,1,False,False,False
2026-04-17,706.55,0.6227544910179641,0.6107801424235969,0.5732124965794185,-1,True,False,False,False,0.6207584830339321,0.4611632276079963,0.5134539031572567,1,False,False,False
2026-04-20,705.14,0.6147704590818364,0.6108198470669626,0.5824475993577336,-1,True,False,False,False,0.6327345309381237,0.4678915140130993,0.5399607093307828,1,False,False,False
2026-04-21,700.52,0.5868263473053892,0.6105811057758026,0.5834206544572126,-1,True,False,False,False,0.5888223552894212,0.4726338999455041,0.5508188528771468,1,False,False,False
2026-04-22,707.62,0.590818363273453,0.6103844615717992,0.5850645897497104,-1,True,False,False,False,0.5608782435129741,0.476094462438346,0.5530542730184418,1,False,False,False
2026-04-23,704.87,0.592814371257485,0.6102096348025026,0.5867867634181048,-1,True,False,False,False,0.564870259481038,0.47957586624394183,0.5556800477879076,1,False,False,False
2026-04-24,710.33,0.5768463073852296,0.6098776613953656,0.584577773188577,-1,True,False,False,False,0.5389221556886228,0.48190317171236075,0.5519560717658443,1,False,False,False
2026-04-27,711.56,0.5788423153692615,0.6095688519821706,0.5833032270065068,-1,True,False,False,False,0.5289421157684631,0.4837478361851491,0.5468418593219818,1,False,False,False
2026-04-28,708.1,0.5828343313373253,0.6093028368513761,0.583199027968911,-1,True,False,False,False,0.5349301397205589,0.48575498534340045,0.5441948105216656,1,False,False,False
2026-04-29,707.99,0.5688622754491018,0.6089004432055823,0.5800130829645089,-1,True,False,False,False,0.5049900199600799,0.4865093004264075,0.5354826348413132,1,False,False,False
2026-04-30,715.03,0.5888223552894212,0.6087006612362674,0.5819706990367116,-1,True,False,False,False,0.5688622754491018,0.48973882885867004,0.5429003327541551,1,False,False,False
2026-05-01,717.01,0.5868263473053892,0.6084830063712835,0.5830497319853066,-1,True,False,False,False,0.5588822355289421,0.4924503350026023,0.5464518667041077,1,False,False,False
2026-05-04,714.38,0.5588822355289421,0.607989466362902,0.5776791772172256,-1,True,False,False,False,0.5289421157684631,0.49388138522871455,0.5425608109406311,1,False,False,False
2026-05-05,720.11,0.5668662674650699,0.6075802803042171,0.5752763083834131,-1,True,False,False,False,0.5449101796407185,0.4958825144213421,0.5430828928739839,1,False,False,False
2026-05-06,730.12,0.5888223552894212,0.6073936342841694,0.5782865410291927,-1,True,False,False,False,0.5708582834331337,0.49882274065709864,0.5492552018871284,1,False,False,False
2026-05-07,727.89,0.5748502994011976,0.6070698200067269,0.5775229317785271,-1,True,False,False,False,0.5469061876247505,0.5007083660283791,0.5487331987177111,1,False,False,False
2026-05-08,733.9,0.564870259481038,0.6066499238820933,0.5747112268235295,-1,True,False,False,False,0.5329341317365269,0.5019721215463456,0.5452222949441146,1,False,False,False
2026-05-11,735.57,0.5588822355289421,0.6061746235004698,0.57119367320251,-1,True,False,False,False,0.5149700598802395,0.5024818446182631,0.5384995760410313,1,False,False,False
2026-05-12,734.45,0.564870259481038,0.605763634803759,0.569788470153294,-1,True,False,False,False,0.5249500998003992,0.5033629526646214,0.5354885813208908,1,False,False,False
2026-05-13,738.56,0.5548902195608783,0.605257431667014,0.5664777477994238,-1,True,False,False,False,0.47305389221556887,0.5021743620587762,0.5216142059641526,-1,False,False,False
2026-05-14,744.39,0.5608782435129741,0.6048158477052823,0.5652334135135462,-1,True,False,False,False,0.48502994011976047,0.501502031786658,0.5134843691098433,-1,False,False,False
2026-05-15,735.44,0.5329341317365269,0.6041006067503694,0.5580557953408752,-1,True,False,False,False,0.46107784431137727,0.4999167695327254,0.5018384747101842,-1,False,False,False
2026-05-18,734.92,0.5708582834331337,0.6037698373641281,0.5609007926947105,-1,True,False,False,False,0.530938123752495,0.5011332932276183,0.5083050633862533,1,False,False,False
2026-05-19,730.02,0.5508982035928144,0.6032437514559559,0.5586779951165114,-1,True,False,False,False,0.4870259481037924,0.5005800640070761,0.503576371101262,1,False,False,False
2026-05-20,737.51,0.5748502994011976,0.6029612295449633,0.5622718405131083,-1,True,False,False,False,0.5449101796407185,0.5023184999142778,0.5127616618878079,1,False,False,False
2026-05-21,738.97,0.5828343313373253,0.6027609619011063,0.5668412829184899,-1,True,False,False,False,0.562874251497006,0.5046932352704632,0.5238977929120742,1,False,False,False
2026-05-22,741.87,0.5988023952095808,0.6027215731778075,0.5739437523165101,-1,True,False,False,False,0.590818363273453,0.5080706912705805,0.5387690307701584,1,False,False,False
2026-05-26,746.8,0.6027944111776448,0.6027222979340249,0.5803550098412067,-1,True,False,False,False,0.5768463073852296,0.5107677742554687,0.5472306477957297,1,False,False,False
2026-05-27,746.67,0.5948103792415169,0.6026435723748954,0.5835673141523867,-1,True,False,False,False,0.5708582834331337,0.5131242648114556,0.5524812334929305,1,False,False,False
2026-05-28,750.79,0.6067864271457086,0.6026847948104259,0.5887271170397916,-1,True,False,False,False,0.5788423153692615,0.5157014432647028,0.5583392516876707,1,False,False,False
2026-05-29,752.66,0.5988023952095808,0.6026461639686265,0.5909660677441892,-1,True,False,False,False,0.5568862275449101,0.5173165328443188,0.5580163574337239,1,False,False,False
2026-06-01,754.71,0.5608782435129741,0.6022305627700628,0.584279884581697,-1,True,False,False,False,0.5349301397205589,0.51800726252574,0.5528860868307983,1,False,False,False
2026-06-02,755.73,0.5688622754491018,0.6018985400106502,0.5808537492188981,-1,True,False,False,False,0.5349301397205589,0.5186709047686742,0.5488958763618562,1,False,False,False
2026-06-03,750.43,0.5668662674650699,0.601549960184326,0.5777454199402696,-1,True,False,False,False,0.5129740518962076,0.5184474987736755,0.5409132487028232,1,False,False,False
2026-06-04,753.27,0.5948103792415169,0.6014828996774324,0.5815376331183246,-1,True,False,False,False,0.5688622754491018,0.5204245488393785,0.5471241435353296,1,False,False,False
2026-06-05,733.83,0.5988023952095808,0.6014562279911851,0.5853742469163815,-1,True,False,False,False,0.5528942115768463,0.5216978689467302,0.5484063808778888,1,False,False,False
2026-06-08,735.49,0.5848303393213573,0.6012907962631271,0.5852533785619317,-1,True,False,True,False,0.5369261477045908,0.5222950563489992,0.5458552179504893,1,False,False,False
2026-06-09,733.33,0.6147704590818364,0.6014249222613233,0.5918127297885772,-1,True,False,False,False,0.5888223552894212,0.5249039700329373,0.5554034706924742,1,False,False,False
2026-06-10,721.77,0.5988023952095808,0.6013988274647885,0.5933659887710225,-1,True,False,False,False,0.5169660678642715,0.5245926797518131,0.5468618256195403,1,False,False,False
2026-06-11,734.03,0.6147704590818364,0.6015318785256547,0.5981225377289812,-1,True,False,False,False,0.5728542914171657,0.5264852919739839,0.5526379291301238,1,False,False,False
2026-06-12,738.0,0.6227544910179641,0.60174304879921,0.603596305126533,-1,False,False,False,False,0.6167664670658682,0.5300257302128814,0.566888715338067,1,False,False,False
2026-06-15,751.02,0.6307385229540918,0.6020315609798557,0.6096279090882126,-1,False,False,False,False,0.6447105788423154,0.5345231752571729,0.5841824627834555,1,False,False,False
2026-06-16,746.54,0.6447105788423154,0.6024562278242583,0.6174240579224577,-1,False,False,False,False,0.6606786427145709,0.5394704484907963,0.601181613879259,1,False,False,False
2026-06-17,737.22,0.6187624750499002,0.602618479040434,0.6177214839507783,-1,False,False,False,False,0.5548902195608783,0.5400751453955054,0.5908946373640632,1,False,False,False
2026-06-18,744.89,0.6167664670658682,0.6027592550406872,0.6175092579763538,-1,False,False,False,False,0.5668662674650699,0.5411257776335275,0.5855549996087314,1,False,False,False
2026-06-22,742.54,0.6087824351297405,0.6028191871808768,0.6155699640104397,-1,False,False,False,False,0.564870259481038,0.5420569337844103,0.5809583906914662,1,False,False,False
2026-06-23,731.76,0.6207584830339321,0.6029976876371261,0.6167229682378825,-1,False,False,False,False,0.6027944111776448,0.5444387956429686,0.5858108396883948,1,False,False,False
2026-06-24,731.42,0.6387225548902196,0.6033531589530773,0.6216117652717352,-1,False,False,False,False,0.6387225548902196,0.5481361979663902,0.5975689986221336,1,False,False,False
2026-06-25,732.48,0.6307385229540918,0.6036256501371671,0.6236399336455922,-1,False,False,False,False,0.6367265469061876,0.5516103292973628,0.6062706760185901,1,False,False,False
2026-06-26,727.18,0.6526946107784432,0.6041138985017569,0.6300965285640036,-1,False,False,False,False,0.6387225548902196,0.5550264950068866,0.61348220465673,1,False,False,False
2026-06-29,739.16,0.6347305389221557,0.6044185416900196,0.6311263086435929,-1,False,False,False,False,0.6487025948103793,0.5587000675482001,0.6213089580242076,1,False,False,False
2026-06-30,744.92,0.6227544910179641,0.6046009889470141,0.6292659047267865,-1,False,False,False,False,0.626746506986028,0.5613685553692914,0.6225173022379454,1,False,False,False
2026-07-01,743.91,0.6427145708582834,0.6049802285680218,0.6322544972004525,-1,False,False,False,False,0.6407185628742516,0.5644803203694859,0.6265620268237913,1,False,False,False
2026-07-02,742.93,0.6766467065868264,0.6056933278517911,0.6421194326196467,-1,False,False,False,False,0.6726546906187625,0.5687224525361242,0.6368048410004515,1,False,False,False
2026-07-06,749.42,0.6786427145708582,0.6064191923962594,0.6502357174976937,-1,False,False,False,False,0.6906187624750499,0.5735026999847095,0.648763490217029,1,False,False,False
2026-07-07,745.86,0.6806387225548902,0.6071576951839075,0.6569919408437375,-1,False,False,False,False,0.6786427145708582,0.5776258378116174,0.6554033178512132,1,False,False,False
2026-07-08,743.55,0.6506986027944112,0.6075909380457035,0.6555934212772205,-1,False,False,False,False,0.6447105788423154,0.5802566119696839,0.6530271536270136,1,False,False,False
2026-07-09,749.85,0.654690618762475,0.6080595915851739,0.655392798496166,-1,False,False,False,False,0.6506986027944112,0.5830190429824182,0.6525096978864352,1,False,False,False
2026-07-10,753.08,0.6786427145708582,0.6087619112168722,0.6605594465127643,-1,False,False,False,False,0.6866267465069861,0.5870820901794601,0.6600912642465576,1,False,False,False
2026-07-13,747.31,0.6806387225548902,0.6094771033694892,0.6650215078554589,-1,False,False,False,False,0.6606786427145709,0.5899682294945625,0.6602217927950049,1,False,False,False
2026-07-14,749.97,0.6666666666666666,0.6100461537505557,0.665387098702394,-1,False,False,False,False,0.6407185628742516,0.5919584386467072,0.6558877417015042,1,False,False,False
2026-07-15,752.94,0.6706586826347305,0.6106492634906968,0.6665585617984687,-1,False,False,False,False,0.626746506986028,0.5933226766207982,0.6494119117647317,1,False,False,False
2026-07-16,748.86,0.7105788423153693,0.6116435876581064,0.6763408463577799,-1,False,False,False,False,0.6746506986027944,0.5965120108161706,0.6550205310620789,1,False,False,False
2026-07-17,741.45,0.6866267465069861,0.6123896887411799,0.6786266019464924,-1,False,False,False,False,0.6447105788423154,0.5984021507387645,0.6527294305687981,1,False,False,False
2026-07-20,740.25,0.6646706586826348,0.6129098973973138,0.6755252812211907,-1,False,False,False,False,0.6207584830339321,0.5992788696523005,0.6456247755610501,1,False,False,False
2026-07-21,746.42,0.6586826347305389,0.6133653475200326,0.6717824708899347,-1,False,False,False,False,0.5988023952095808,0.5992601843800369,0.6352198021496125,1,False,False,False
2026-07-22,745.56,0.6646706586826348,0.6138758481286157,0.6702020681772014,-1,False,False,False,False,0.6287425149700598,0.6004163542070967,0.6337804049986008,1,False,False,False
2026-07-23,736.35,0.656686626746507,0.6143018260253112,0.6671986367481583,-1,False,False,False,False,0.5948103792415169,0.6001965120515839,0.6251203992748043,1,False,False,False
2026-07-24,737.1,0.6666666666666666,0.6148228692157724,0.6670804211744935,-1,False,False,False,False,0.654690618762475,0.6023335358441678,0.6316915591609533,1,False,False,False
2026-07-27,737.26,0.7005988023952096,0.6156763610882047,0.6745289503346527,-1,False,False,False,False,0.6946107784431138,0.6059522512402049,0.6456736078903224,1,False,False,False
2026-07-28,739.02,0.720558882235529,0.6167199682637999,0.684757824090403,1,False,False,False,False,0.7225548902195609,0.6105249037491992,0.6627583372968198,1,False,False,False
2026-07-29,727.65,0.7005988023952096,0.6175545835287891,0.6882780414914711,1,False,False,False,False,0.6626746506986028,0.612569991864862,0.6627397402749937,1,False,False,False
2026-07-30,739.85,0.6986027944111777,0.6183610333883155,0.6905724310291838,1,False,False,False,False,0.6447105788423154,0.6138304070404484,0.6587332599566207,1,False,False,False
2026-07-31,745.18,0.6846307385229541,0.6190204334394065,0.6892520549166883,1,False,False,False,False,0.626746506986028,0.6143369207638045,0.6516250926298224,1,False,False,False
2026-08-03,755.79,0.7065868263473054,0.6198917408315249,0.6931042263457143,1,False,False,False,False,0.654690618762475,0.6159194187245367,0.6523063206593007,1,False,False,False
2026-08-04,769.42,0.7265469061876247,0.6209529862579538,0.70053593297725,1,False,False,False,False,0.6846307385229541,0.6186139802852589,0.6594895246290015,1,False,False,False
2026-08-05,767.88,0.7225548902195609,0.6219639504764772,0.7054290345866524,1,False,False,False,False,0.6786427145708582,0.620968048296459,0.6637457890605252,1,False,False,False
2026-08-06,766.65,0.718562874251497,0.6229251337976217,0.7083476656232846,1,False,False,False,False,0.6506986027944112,0.6221339523944179,0.660846414334722,1,False,False,False
2026-08-07,771.34,0.7405189620758483,0.6240952216411862,0.7154968426127433,1,False,False,False,False,0.6666666666666666,0.6238803333462709,0.6621398037418208,1,False,False,False
2026-08-10,771.11,0.7345309381237525,0.6251940844917591,0.7197266416151898,1,False,False,False,False,0.6626746506986028,0.6254016791247937,0.6622586586211057,1,False,False,False
2026-08-11,768.65,0.7285429141716567,0.6262224310557382,0.7216858132944047,1,False,False,False,False,0.6447105788423154,0.626158890878422,0.6583590853369301,1,False,False,False
2026-08-12,770.57,0.720558882235529,0.627161102211756,0.7214353841702101,1,False,False,False,False,0.6586826347305389,0.6274343318137993,0.6584309852021765,1,False,False,False
2026-08-13,775.95,0.7544910179640718,0.6284280665476001,0.728781080568846,1,False,False,False,False,0.688622754491018,0.6298338778011412,0.6651402672663635,1,False,False,False
2026-08-14,774.41,0.7524950099800399,0.6296625634971765,0.7340508426602225,1,False,False,False,False,0.7085828343313373,0.6329220721748744,0.67479417105858,1,False,True,False
2026-08-17,770.75,0.7225548902195609,0.6305868652556083,0.7314961865622976,1,False,False,False,False,0.624750499001996,0.6326016183249576,0.6636733550460058,1,False,False,False
2026-08-18,765.55,0.7225548902195609,0.6315019699816177,0.7295092318194673,1,False,False,False,False,0.6107784431137725,0.6317458075323621,0.6519189301721762,1,False,False,False
2026-08-19,767.15,0.7564870259481038,0.6327456023792942,0.7355042971813864,1,False,False,False,False,0.6187624750499002,0.6312366572389323,0.6445508290338926,1,False,False,False
2026-08-20,760.71,0.7365269461077845,0.6337782525656473,0.7357315524983638,1,False,False,False,False,0.5508982035928144,0.6280861296449669,0.6237391344914308,-1,True,False,False
2026-08-21,763.82,0.7305389221556886,0.6347410452978866,0.7345776346444359,1,False,False,False,False,0.5848303393213573,0.6263898241420803,0.6150927355647479,-1,True,False,False
2026-08-24,761.58,0.7485029940119761,0.635873004986584,0.7376721589483337,1,False,False,False,False,0.6107784431137725,0.6257776131213624,0.6141340039089755,-1,True,False,False
2026-08-25,764.01,0.7305389221556886,0.6368149544111522,0.7360869952166348,1,False,False,False,False,0.5948103792415169,0.624563211792741,0.6098398650939847,-1,True,False,False
2026-08-26,764.18,0.7325349301397206,0.6377673919805907,0.735297647421765,1,False,False,False,False,0.5968063872255489,0.6234747088685374,0.6069435366787768,-1,True,False,False
2026-08-27,769.19,0.7125748502994012,0.6385117447996834,0.7302481369501286,1,False,False,False,False,0.5429141716566867,0.6203154721151315,0.5927147888960901,-1,True,False,False
2026-08-28,767.44,0.720558882235529,0.6393281342269058,0.7280949692357731,1,False,False,False,False,0.5389221556886228,0.6171235773533076,0.5807608704055418,-1,True,False,False
2026-08-31,765.15,0.688622754491018,0.6398186279608772,0.7193233659591609,1,False,False,False,False,0.5089820359281437,0.6128827325915365,0.5648100182994533,-1,True,False,False
2026-09-01,759.89,0.6606786427145709,0.6400261902967349,0.7062912052381408,1,False,False,False,False,0.469061876247505,0.6072426990094176,0.5435326533990203,-1,True,False,False
2026-09-02,763.26,0.6686626746506986,0.6403111304395604,0.6979293095520426,1,False,False,False,False,0.4870259481037924,0.6025283166209617,0.5309756077778586,-1,True,False,False
2026-09-03,771.25,0.6926147704590818,0.6408315646686105,0.696748300864718,1,False,False,False,False,0.5169660678642715,0.5991729343167778,0.5278623766859503,-1,True,False,False
2026-09-04,768.28,0.6726546906187625,0.641148212688015,0.6913941652545057,1,False,True,False,False,0.48502994011976047,0.5946967384659144,0.5183440574490192,-1,True,False,False
2026-09-08,764.06,0.6327345309381237,0.641064494461648,0.6783586909619763,1,False,False,False,False,0.437125748502994,0.5885174839575645,0.5002955443499025,-1,True,False,False
2026-09-09,760.51,0.6027944111776448,0.6406836976130511,0.6615666287876805,1,False,False,False,False,0.3852295409181637,0.5805454077599409,0.4747253213650717,-1,True,False,False
2026-09-10,755.95,0.5808383233532934,0.6400882212522575,0.6436270053578167,1,False,False,False,False,0.34331337325349304,0.5712421907204723,0.4455226662291653,-1,True,False,False
2026-09-11,762.4,0.5988023952095808,0.6396774170130268,0.6336659808804309,1,False,False,False,False,0.3992015968063872,0.5644955007630572,0.43522909524632575,-1,True,False,False
2026-09-14,759.0,0.5988023952095808,0.6392707003781667,0.6259185173980197,1,False,False,False,False,0.3932135728542914,0.557778562413694,0.42589231249254034,-1,True,False,False
2026-09-15,755.51,0.5728542914171657,0.6386098405875099,0.6141264671800521,1,False,False,False,False,0.36127744510978044,0.5500726362449131,0.41153345307414924,-1,True,False,False
2026-09-16,752.18,0.5389221556886228,0.6376179233248345,0.5974143979597345,1,False,False,False,False,0.32934131736526945,0.5414165060927703,0.3932685340277315,-1,True,False,False
2026-09-17,760.71,0.5409181636726547,0.6366557366616287,0.5848596792292723,1,False,False,False,False,0.3213572854291417,0.5327867327334124,0.3772882565613782,-1,True,False,False
2026-09-18,761.69,0.530938123752495,0.6356038201152691,0.572877111345544,-1,True,False,False,False,0.2934131736526946,0.5233995343380901,0.3586493492483374,-1,True,False,False
2026-09-21,773.5,0.5289421157684631,0.6345425096242561,0.5631137789950815,-1,True,False,False,False,0.313373253493014,0.5151632095990675,0.3485879946360433,-1,True,False,False
2026-09-22,773.38,0.5109780439121756,0.6333130124529917,0.5515280600877691,-1,True,False,False,False,0.3153692614770459,0.5073281528099686,0.34120605393404385,-1,True,False,False
2026-09-23,767.81,0.499001996007984,0.6319765844286632,0.5398556014033724,-1,True,False,False,False,0.2934131736526946,0.49893933009791863,0.3305854138715218,-1,True,False,False
2026-09-24,767.18,0.47704590818363274,0.6304349856600561,0.5258978917989858,-1,True,False,False,False,0.2634730538922156,0.4897053584820087,0.31567155609834263,-1,True,False,False
2026-09-25,771.35,0.48902195608782434,0.6290278908384418,0.5177032394187278,-1,True,False,False,False,0.2754491017964072,0.4813031523374753,0.30673323292013477,-1,True,False,False
2026-09-28,765.61,0.4750499001996008,0.6274957715286026,0.5082247195922551,-1,True,False,False,False,0.25149700598802394,0.47229114659828114,0.29445851582411015,-1,True,False,False
2026-09-29,764.2,0.4550898203592814,0.6257802894274154,0.49641696420714987,-1,True,False,False,False,0.2554890219560878,0.4637891024946657,0.28579862829788294,-1,True,False,False
2026-09-30,762.63,0.4231536926147705,0.6237641043845036,0.48013623718662113,-1,True,False,False,False,0.21357285429141717,0.45397670060434225,0.2697484562964461,-1,True,False,False
2026-10-01,763.99,0.43912175648702595,0.6219268670919914,0.47102190814226663,-1,True,False,False,False,0.2315369261477046,0.4452535721942781,0.26125700515228134,-1,True,False,False
2026-10-02,769.64,0.45708582834331335,0.6202866577512086,0.467925001520277,-1,True,False,False,False,0.24750499001996007,0.43749872583450095,0.25820100178954325,-1,True,False,False
2026-10-05,774.83,0.4750499001996008,0.6188415158850235,0.46950831233790447,-1,True,False,False,False,0.281437125748503,0.43137866308603046,0.2633645848915343,-1,True,False,False
